day,symbol,config,direction,signal_index,entry_index,exit_index,entry,exit,stop,target,reason,ambiguous,pnl,risk_usd
2025-12-01,ESZ5,breakout|none|2,1,17,18,55,6830.25,6822.0,6822.25,6846.25,stop,False,-417.0,400.0
2025-12-02,ESZ5,breakout|none|2,-1,24,25,28,6840.5,6847.5,6847.25,6827.0,stop,False,-354.5,337.5
2025-12-03,ESZ5,breakout|none|2,1,32,33,42,6842.75,6834.5,6834.75,6858.75,stop,False,-417.0,400.0
2025-12-04,ESZ5,breakout|none|2,-1,16,17,68,6858.5,6867.5,6867.25,6841.0,stop,False,-454.5,437.5
2025-12-05,ESZ5,breakout|none|2,1,19,20,35,6886.75,6899.25,6880.5,6899.25,target,False,620.5,312.5
2025-12-08,ESZ5,breakout|none|2,-1,39,40,85,6871.5,6857.5,6878.5,6857.5,target,False,695.5,350.0
2025-12-09,ESZ5,breakout|none|2,1,20,21,79,6861.5,6854.5,6854.75,6875.0,stop,False,-354.5,337.5
2025-12-10,ESZ5,breakout|none|2,1,17,18,25,6850.75,6841.5,6841.75,6868.75,stop,False,-467.0,450.0
2025-12-11,ESZ5,breakout|none|2,-1,18,19,24,6858.0,6844.0,6865.0,6844.0,target,False,695.5,350.0
2025-12-12,ESZ5,breakout|none|2,-1,19,20,24,6888.0,6894.5,6894.25,6875.5,stop,False,-329.5,312.5
2025-12-15,ESH6,breakout|none|2,-1,15,16,43,6906.75,6883.75,6918.25,6883.75,target,False,1145.5,575.0
2025-12-16,ESH6,breakout|none|2,-1,15,16,17,6847.5,6859.75,6859.5,6823.5,stop,False,-617.0,600.0
2025-12-17,ESH6,breakout|none|2,-1,16,17,27,6844.0,6856.5,6856.25,6819.5,stop,False,-629.5,612.5
2025-12-18,ESH6,breakout|none|2,1,56,57,157,6852.75,6839.5,6839.75,6878.75,stop,False,-667.0,650.0
2025-12-19,ESH6,breakout|none|2,1,17,18,388,6877.0,6885.5,6861.75,6907.5,flatten,False,420.5,762.5
2025-12-22,ESH6,breakout|none|2,-1,66,67,73,6910.75,6919.0,6918.75,6894.75,stop,False,-417.0,400.0
2025-12-23,ESH6,breakout|none|2,1,15,16,32,6939.5,6929.25,6929.5,6959.5,stop,False,-517.0,500.0
2025-12-26,ESH6,breakout|none|2,-1,31,32,60,6977.75,6985.0,6984.75,6963.75,stop,False,-367.0,350.0
2025-12-29,ESH6,breakout|none|2,-1,39,40,60,6946.25,6956.75,6956.5,6925.75,stop,False,-529.5,512.5
2025-12-30,ESH6,breakout|none|2,-1,15,16,16,6944.75,6949.0,6948.75,6936.75,stop,False,-217.0,200.0
2025-12-31,ESH6,breakout|none|2,-1,15,16,25,6928.0,6937.25,6937.0,6910.0,stop,False,-467.0,450.0
2026-01-02,ESH6,breakout|none|2,1,20,21,40,6938.0,6927.25,6927.5,6959.0,stop,False,-542.0,525.0
2026-01-05,ESH6,breakout|none|2,1,15,16,17,6947.0,6940.25,6940.5,6960.0,stop,False,-342.0,325.0
2026-01-06,ESH6,breakout|none|2,1,15,16,21,6956.0,6965.0,6951.5,6965.0,target,False,445.5,225.0
2026-01-07,ESH6,breakout|none|2,1,16,17,21,6997.75,6992.0,6992.25,7008.75,stop,False,-292.0,275.0
2026-01-08,ESH6,breakout|none|2,1,37,38,126,6959.25,6950.25,6950.5,6976.75,stop,False,-454.5,437.5
2026-01-09,ESH6,breakout|none|2,-1,35,36,44,6967.75,6977.25,6977.0,6949.25,stop,False,-479.5,462.5
2026-01-12,ESH6,breakout|none|2,1,20,21,331,6997.5,7024.5,6984.0,7024.5,target,False,1345.5,675.0
2026-01-13,ESH6,breakout|none|2,-1,18,19,33,7008.25,6995.75,7014.5,6995.75,target,False,620.5,312.5
2026-01-14,ESH6,breakout|none|2,-1,15,16,19,6954.25,6966.5,6966.25,6930.25,stop,False,-617.0,600.0
2026-01-15,ESH6,breakout|none|2,-1,21,22,24,6995.5,7001.75,7001.5,6983.5,stop,False,-317.0,300.0
2026-01-16,ESH6,breakout|none|2,-1,23,24,31,6988.25,6976.25,6994.25,6976.25,target,False,595.5,300.0
2026-01-20,ESH6,breakout|none|2,-1,38,39,48,6867.75,6877.5,6877.25,6848.75,stop,False,-492.0,475.0
2026-01-21,ESH6,breakout|none|2,1,17,18,46,6867.75,6885.75,6858.75,6885.75,target,False,895.5,450.0
2026-01-22,ESH6,breakout|none|2,-1,16,17,102,6944.0,6953.5,6953.25,6925.5,stop,False,-479.5,462.5
2026-01-23,ESH6,breakout|none|2,1,29,30,79,6941.75,6957.25,6934.0,6957.25,target,False,770.5,387.5
2026-01-26,ESH6,breakout|none|2,1,15,16,388,6977.25,6981.0,6965.0,7001.75,flatten,False,183.0,612.5
2026-01-27,ESH6,breakout|none|2,1,19,20,23,6997.75,7006.25,6993.5,7006.25,target,False,420.5,212.5
2026-01-28,ESH6,breakout|none|2,1,15,16,17,7031.0,7026.5,7026.75,7039.5,stop,False,-229.5,212.5
2026-01-29,ESH6,breakout|none|2,-1,16,17,60,6976.25,6937.25,6995.75,6937.25,target,False,1945.5,975.0
2026-01-30,ESH6,breakout|none|2,1,41,42,53,6987.0,6974.5,6974.75,7011.5,stop,False,-629.5,612.5
2026-02-02,ESH6,breakout|none|2,1,16,17,151,6976.75,7010.25,6960.0,7010.25,target,False,1670.5,837.5
2026-02-03,ESH6,breakout|none|2,-1,25,26,31,6994.25,6972.75,7005.0,6972.75,target,False,1070.5,537.5
2026-02-04,ESH6,breakout|none|2,1,18,19,20,6959.25,6947.5,6947.75,6982.25,stop,False,-592.0,575.0
2026-02-05,ESH6,breakout|none|2,-1,36,37,141,6829.5,6853.0,6852.75,6783.0,stop,False,-1179.5,1162.5
2026-02-06,ESH6,breakout|none|2,1,15,16,46,6898.25,6874.25,6874.5,6945.75,stop,False,-1204.5,1187.5
2026-02-09,ESH6,breakout|none|2,1,36,37,134,6958.5,6991.5,6942.0,6991.5,target,False,1645.5,825.0
2026-02-10,ESH6,breakout|none|2,1,25,26,99,6997.75,6986.75,6987.0,7019.25,stop,False,-554.5,537.5
2026-02-11,ESH6,breakout|none|2,-1,20,21,39,6990.0,6970.0,7000.0,6970.0,target,False,995.5,500.0
2026-02-12,ESH6,breakout|none|2,-1,15,16,39,6974.75,6960.75,6981.75,6960.75,target,False,695.5,350.0
2026-02-13,ESH6,breakout|none|2,1,40,41,367,6860.75,6835.0,6835.25,6911.75,stop,False,-1292.0,1275.0
2026-02-17,ESH6,breakout|none|2,-1,17,18,26,6832.0,6804.0,6846.0,6804.0,target,False,1395.5,700.0
2026-02-18,ESH6,breakout|none|2,1,25,26,46,6890.0,6917.5,6876.25,6917.5,target,False,1370.5,687.5
2026-02-19,ESH6,breakout|none|2,1,22,23,60,6882.0,6870.25,6870.5,6905.0,stop,False,-592.0,575.0
2026-02-20,ESH6,breakout|none|2,1,30,31,31,6886.0,6923.0,6867.5,6923.0,target,False,1845.5,925.0
2026-02-23,ESH6,breakout|none|2,-1,15,16,39,6902.25,6876.25,6915.25,6876.25,target,False,1295.5,650.0
2026-02-24,ESH6,breakout|none|2,1,16,17,30,6874.75,6852.25,6852.5,6919.25,stop,False,-1129.5,1112.5
2026-02-25,ESH6,breakout|none|2,1,16,17,26,6945.5,6938.5,6938.75,6959.0,stop,False,-354.5,337.5
2026-02-26,ESH6,breakout|none|2,-1,18,19,45,6936.25,6911.75,6948.5,6911.75,target,False,1220.5,612.5
2026-02-27,ESH6,breakout|none|2,1,35,36,237,6868.75,6855.5,6855.75,6894.75,stop,False,-667.0,650.0
2026-03-02,ESH6,breakout|none|2,1,15,16,138,6849.75,6894.25,6827.5,6894.25,target,False,2220.5,1112.5
2026-03-03,ESH6,breakout|none|2,-1,18,19,103,6753.5,6773.75,6773.5,6713.5,stop,False,-1017.0,1000.0
2026-03-04,ESH6,breakout|none|2,-1,15,16,19,6821.25,6839.0,6838.75,6786.25,stop,False,-892.0,875.0
2026-03-05,ESH6,breakout|none|2,1,27,28,37,6867.5,6854.0,6854.25,6894.0,stop,False,-679.5,662.5
2026-03-06,ESH6,breakout|none|2,-1,28,29,30,6718.75,6737.5,6737.25,6681.75,stop,False,-942.0,925.0
2026-03-09,ESH6,breakout|none|2,-1,15,16,33,6652.25,6672.5,6672.25,6612.25,stop,False,-1017.0,1000.0
2026-03-10,ESH6,breakout|none|2,-1,28,29,51,6773.5,6789.0,6788.75,6743.0,stop,False,-779.5,762.5
2026-03-11,ESH6,breakout|none|2,-1,17,18,23,6785.75,6792.75,6792.5,6772.25,stop,False,-354.5,337.5
2026-03-12,ESH6,breakout|none|2,-1,15,16,20,6711.5,6720.75,6720.5,6693.5,stop,False,-467.0,450.0
2026-03-13,ESH6,breakout|none|2,1,15,16,27,6735.0,6719.5,6719.75,6765.5,stop,False,-779.5,762.5
2026-03-16,ESM6,breakout|none|2,1,15,16,19,6769.0,6758.25,6758.5,6790.0,stop,False,-542.0,525.0
2026-03-17,ESM6,breakout|none|2,1,16,17,32,6808.0,6797.25,6797.5,6829.0,stop,False,-542.0,525.0
2026-03-18,ESM6,breakout|none|2,1,16,17,21,6759.25,6750.5,6750.75,6776.25,stop,False,-442.0,425.0
2026-03-19,ESM6,breakout|none|2,1,19,20,54,6640.0,6627.0,6627.25,6665.5,stop,False,-654.5,637.5
2026-03-20,ESM6,breakout|none|2,-1,20,21,41,6619.25,6598.75,6629.5,6598.75,target,False,1020.5,512.5
2026-03-23,ESM6,breakout|none|2,1,22,23,137,6676.75,6658.5,6658.75,6712.75,stop,False,-917.0,900.0
2026-03-24,ESM6,breakout|none|2,1,37,38,43,6608.0,6591.5,6591.75,6640.5,stop,False,-829.5,812.5
2026-03-25,ESM6,breakout|none|2,-1,17,18,30,6659.75,6635.75,6671.75,6635.75,target,False,1195.5,600.0
2026-03-26,ESM6,breakout|none|2,1,15,16,79,6607.25,6595.0,6595.25,6631.25,stop,False,-617.0,600.0
2026-03-27,ESM6,breakout|none|2,-1,25,26,96,6464.25,6479.25,6479.0,6434.75,stop,False,-754.5,737.5
2026-03-30,ESM6,breakout|none|2,-1,16,17,91,6431.0,6449.5,6449.25,6394.5,stop,False,-929.5,912.5
2026-03-31,ESM6,breakout|none|2,1,16,17,30,6474.25,6496.75,6463.0,6496.75,target,False,1120.5,562.5
2026-04-01,ESM6,breakout|none|2,-1,17,18,23,6599.5,6613.5,6613.25,6572.0,stop,False,-704.5,687.5
2026-04-02,ESM6,breakout|none|2,1,21,22,30,6540.25,6564.75,6528.0,6564.75,target,False,1220.5,612.5
2026-04-06,ESM6,breakout|none|2,1,27,28,34,6643.25,6630.75,6631.0,6667.75,stop,False,-629.5,612.5
2026-04-07,ESM6,breakout|none|2,-1,17,18,25,6607.0,6621.25,6621.0,6579.0,stop,False,-717.0,700.0
2026-04-08,ESM6,breakout|none|2,-1,21,22,86,6809.25,6785.75,6821.0,6785.75,target,False,1170.5,587.5
2026-04-09,ESM6,breakout|none|2,-1,46,47,81,6808.0,6814.75,6814.5,6795.0,stop,False,-342.0,325.0
2026-04-10,ESM6,breakout|none|2,-1,20,21,43,6864.25,6872.0,6871.75,6849.25,stop,False,-392.0,375.0
2026-04-13,ESM6,breakout|none|2,1,19,20,22,6849.25,6842.25,6842.5,6862.75,stop,False,-354.5,337.5
2026-04-14,ESM6,breakout|none|2,1,36,37,116,6962.0,6986.0,6950.0,6986.0,target,False,1195.5,600.0
2026-04-15,ESM6,breakout|none|2,1,52,53,272,7025.75,7046.75,7015.25,7046.75,target,False,1045.5,525.0
2026-04-16,ESM6,breakout|none|2,-1,21,22,24,7060.75,7048.75,7066.75,7048.75,target,False,595.5,300.0
2026-04-17,ESM6,breakout|none|2,1,21,22,40,7136.5,7153.0,7128.25,7153.0,target,False,820.5,412.5
2026-04-20,ESM6,breakout|none|2,1,25,26,41,7156.25,7149.75,7150.0,7168.75,stop,False,-329.5,312.5
2026-04-21,ESM6,breakout|none|2,1,22,23,70,7165.5,7156.75,7157.0,7182.5,stop,False,-442.0,425.0
2026-04-22,ESM6,breakout|none|2,1,29,30,36,7153.0,7147.0,7147.25,7164.5,stop,False,-304.5,287.5
2026-04-23,ESM6,breakout|none|2,1,16,17,30,7165.5,7158.25,7158.5,7179.5,stop,False,-367.0,350.0
2026-04-24,ESM6,breakout|none|2,-1,24,25,39,7150.0,7158.25,7158.0,7134.0,stop,False,-417.0,400.0
2026-04-27,ESM6,breakout|none|2,-1,108,109,156,7182.75,7190.75,7190.5,7167.25,stop,False,-404.5,387.5
2026-04-28,ESM6,breakout|none|2,-1,65,66,293,7159.5,7170.5,7170.25,7138.0,stop,False,-554.5,537.5
2026-04-29,ESM6,breakout|none|2,-1,15,16,20,7150.5,7157.0,7156.75,7138.0,stop,False,-329.5,312.5
2026-04-30,ESM6,breakout|none|2,-1,25,26,76,7165.0,7182.25,7182.0,7131.0,stop,False,-867.0,850.0
2026-05-01,ESM6,breakout|none|2,1,20,21,33,7278.75,7297.75,7269.25,7297.75,target,False,945.5,475.0
2026-05-04,ESM6,breakout|none|2,1,17,18,38,7253.75,7248.0,7248.25,7264.75,stop,False,-292.0,275.0
2026-05-05,ESM6,breakout|none|2,1,15,16,46,7274.25,7269.0,7269.25,7284.25,stop,False,-267.0,250.0
2026-05-06,ESM6,breakout|none|2,1,24,25,37,7346.250000000001,7337.000000000001,7337.250000000001,7364.250000000001,stop,False,-467.0,450.0
2026-05-07,ESM6,breakout|none|2,-1,15,16,34,7388.000000000001,7393.500000000001,7393.250000000001,7377.500000000001,stop,False,-279.5,262.5
2026-05-08,ESM6,breakout|none|2,1,15,16,29,7403.750000000001,7413.250000000001,7399.000000000001,7413.250000000001,target,False,470.5,237.5
2026-05-11,ESM6,breakout|none|2,1,15,16,61,7433.250000000001,7423.250000000001,7423.500000000001,7452.750000000001,stop,False,-504.5,487.5
2026-05-12,ESM6,breakout|none|2,-1,21,22,23,7399.500000000001,7408.500000000001,7408.250000000001,7382.000000000001,stop,False,-454.5,437.5
2026-05-13,ESM6,breakout|none|2,-1,16,17,32,7407.750000000001,7418.000000000001,7417.750000000001,7387.750000000001,stop,False,-517.0,500.0
2026-05-14,ESM6,breakout|none|2,1,17,18,29,7500.750000000001,7490.000000000001,7490.250000000001,7521.750000000001,stop,False,-542.0,525.0
2026-05-15,ESM6,breakout|none|2,-1,15,16,24,7424.250000000001,7442.000000000001,7441.750000000001,7389.250000000001,stop,False,-892.0,875.0
2026-05-18,ESM6,breakout|none|2,1,22,23,32,7442.750000000001,7431.750000000001,7432.000000000001,7464.250000000001,stop,False,-554.5,537.5
2026-05-19,ESM6,breakout|none|2,-1,16,17,17,7370.000000000001,7381.500000000001,7381.250000000001,7347.500000000001,stop,False,-579.5,562.5
2026-05-20,ESM6,breakout|none|2,1,15,16,21,7403.000000000001,7393.000000000001,7393.250000000001,7422.500000000001,stop,False,-504.5,487.5
2026-05-21,ESM6,breakout|none|2,1,22,23,32,7428.500000000001,7442.000000000001,7421.750000000001,7442.000000000001,target,False,670.5,337.5
2026-05-22,ESM6,breakout|none|2,-1,36,37,95,7490.750000000001,7503.750000000001,7503.500000000001,7465.250000000001,stop,False,-654.5,637.5
2026-05-26,ESM6,breakout|none|2,1,15,16,21,7543.000000000001,7534.750000000001,7535.000000000001,7559.000000000001,stop,False,-417.0,400.0
2026-05-27,ESM6,breakout|none|2,-1,109,110,122,7524.250000000001,7535.000000000001,7534.750000000001,7503.250000000001,stop,False,-542.0,525.0
2026-05-28,ESM6,breakout|none|2,1,30,31,34,7540.000000000001,7533.750000000001,7534.000000000001,7552.000000000001,stop,False,-317.0,300.0
2026-05-29,ESM6,breakout|none|2,1,15,16,49,7606.250000000001,7596.250000000001,7596.500000000001,7625.750000000001,stop,False,-504.5,487.5
2026-06-02,ESM6,breakout|none|2,1,34,35,67,7605.750000000001,7615.750000000001,7600.750000000001,7615.750000000001,target,False,495.5,250.0
2026-06-03,ESM6,breakout|none|2,-1,15,16,175,7590.000000000001,7567.000000000001,7601.500000000001,7567.000000000001,target,False,1145.5,575.0
2026-06-04,ESM6,breakout|none|2,1,28,29,34,7563.500000000001,7553.250000000001,7553.500000000001,7583.500000000001,stop,False,-517.0,500.0
2026-06-05,ESM6,breakout|none|2,-1,15,16,127,7524.000000000001,7497.500000000001,7537.250000000001,7497.500000000001,target,False,1320.5,662.5
2026-06-08,ESM6,breakout|none|2,-1,27,28,56,7436.250000000001,7452.250000000001,7452.000000000001,7404.750000000001,stop,False,-804.5,787.5
2026-06-09,ESM6,breakout|none|2,1,15,16,27,7478.750000000001,7468.000000000001,7468.250000000001,7499.750000000001,stop,False,-542.0,525.0
2026-06-10,ESM6,breakout|none|2,1,18,19,82,7388.000000000001,7364.000000000001,7364.250000000001,7435.500000000001,stop,False,-1204.5,1187.5
2026-06-11,ESM6,breakout|none|2,1,16,17,41,7315.500000000001,7301.000000000001,7301.250000000001,7344.000000000001,stop,False,-729.5,712.5
2026-06-12,ESM6,breakout|none|2,-1,15,16,30,7368.750000000001,7394.500000000001,7394.250000000001,7317.750000000001,stop,False,-1292.0,1275.0
2026-06-15,ESU6,breakout|none|2,1,18,19,39,7618.750000000001,7609.750000000001,7610.000000000001,7636.250000000001,stop,False,-454.5,437.5
2026-06-16,ESU6,breakout|none|2,-1,29,30,34,7622.500000000001,7629.000000000001,7628.750000000001,7610.000000000001,stop,False,-329.5,312.5
2026-06-17,ESU6,breakout|none|2,-1,29,30,34,7581.000000000001,7588.750000000001,7588.500000000001,7566.000000000001,stop,False,-392.0,375.0
2026-06-22,ESU6,breakout|none|2,-1,57,58,82,7563.750000000001,7538.250000000001,7576.500000000001,7538.250000000001,target,False,1270.5,637.5
2026-06-23,ESU6,breakout|none|2,1,17,18,49,7454.500000000001,7486.500000000001,7438.500000000001,7486.500000000001,target,False,1595.5,800.0
2026-06-24,ESU6,breakout|none|2,1,21,22,28,7469.000000000001,7453.750000000001,7454.000000000001,7499.000000000001,stop,False,-767.0,750.0
2026-06-25,ESU6,breakout|none|2,-1,15,16,50,7429.000000000001,7456.500000000001,7456.250000000001,7374.500000000001,stop,False,-1379.5,1362.5
2026-06-26,ESU6,breakout|none|2,1,26,27,46,7399.750000000001,7428.250000000001,7385.500000000001,7428.250000000001,target,False,1420.5,712.5
2026-06-29,ESU6,breakout|none|2,1,15,16,25,7488.000000000001,7468.250000000001,7468.500000000001,7527.000000000001,stop,False,-992.0,975.0
2026-06-30,ESU6,breakout|none|2,1,21,22,34,7516.750000000001,7531.750000000001,7509.250000000001,7531.750000000001,target,False,745.5,375.0
2026-07-01,ESU6,breakout|none|2,1,29,30,105,7537.000000000001,7565.500000000001,7522.750000000001,7565.500000000001,target,False,1420.5,712.5
2026-07-02,ESU6,breakout|none|2,1,17,18,57,7584.250000000001,7568.000000000001,7568.250000000001,7616.250000000001,stop,False,-817.0,800.0
2026-07-06,ESU6,breakout|none|2,1,47,48,216,7573.250000000001,7593.750000000001,7563.000000000001,7593.750000000001,target,False,1020.5,512.5
2026-07-07,ESU6,breakout|none|2,-1,23,24,44,7568.000000000001,7549.500000000001,7577.250000000001,7549.500000000001,target,False,920.5,462.5
2026-07-08,ESU6,breakout|none|2,1,16,17,19,7524.000000000001,7513.000000000001,7513.250000000001,7545.500000000001,stop,False,-554.5,537.5
2026-07-09,ESU6,breakout|none|2,1,15,16,42,7561.250000000001,7546.500000000001,7546.750000000001,7590.250000000001,stop,False,-742.0,725.0
2026-07-10,ESU6,breakout|none|2,1,32,33,37,7605.750000000001,7598.250000000001,7598.500000000001,7620.250000000001,stop,False,-379.5,362.5
2026-07-13,ESU6,breakout|none|2,-1,21,22,24,7591.000000000001,7599.000000000001,7598.750000000001,7575.500000000001,stop,False,-404.5,387.5
2026-07-14,ESU6,breakout|none|2,1,15,16,17,7587.000000000001,7576.000000000001,7576.250000000001,7608.500000000001,stop,False,-554.5,537.5
2026-07-15,ESU6,breakout|none|2,-1,15,16,28,7609.500000000001,7617.000000000001,7616.750000000001,7595.000000000001,stop,False,-379.5,362.5
2026-07-16,ESU6,breakout|none|2,-1,18,19,22,7577.750000000001,7590.250000000001,7590.000000000001,7553.250000000001,stop,False,-629.5,612.5
2026-07-17,ESU6,breakout|none|2,1,18,19,30,7496.000000000001,7515.500000000001,7486.250000000001,7515.500000000001,target,False,970.5,487.5
2026-07-20,ESU6,breakout|none|2,-1,22,23,42,7530.750000000001,7511.750000000001,7540.250000000001,7511.750000000001,target,False,945.5,475.0
2026-07-21,ESU6,breakout|none|2,1,57,58,388,7531.250000000001,7547.000000000001,7518.750000000001,7556.250000000001,flatten,False,783.0,625.0
2026-07-22,ESU6,breakout|none|2,1,15,16,35,7541.250000000001,7555.250000000001,7534.250000000001,7555.250000000001,target,False,695.5,350.0
2026-07-23,ESU6,breakout|none|2,-1,81,82,388,7440.500000000001,7442.500000000001,7461.250000000001,7399.000000000001,flatten,False,-104.5,1037.5
2026-07-24,ESU6,breakout|none|2,1,19,20,20,7457.000000000001,7450.250000000001,7450.500000000001,7470.000000000001,stop,False,-342.0,325.0
2026-07-27,ESU6,breakout|none|2,-1,16,17,40,7490.750000000001,7469.250000000001,7501.500000000001,7469.250000000001,target,False,1070.5,537.5
2026-07-28,ESU6,breakout|none|2,-1,16,17,20,7421.750000000001,7436.750000000001,7436.500000000001,7392.250000000001,stop,False,-754.5,737.5
2026-07-29,ESU6,breakout|none|2,-1,20,21,40,7439.000000000001,7422.000000000001,7447.500000000001,7422.000000000001,target,False,845.5,425.0
2026-07-30,ESU6,breakout|none|2,1,15,16,58,7422.500000000001,7444.500000000001,7411.500000000001,7444.500000000001,target,False,1095.5,550.0
2026-07-31,ESU6,breakout|none|2,-1,17,18,37,7477.500000000001,7441.500000000001,7495.500000000001,7441.500000000001,target,False,1795.5,900.0
2025-12-01,ESZ5,breakout|none|3,1,17,18,55,6830.25,6822.0,6822.25,6854.25,stop,False,-417.0,400.0
2025-12-02,ESZ5,breakout|none|3,-1,24,25,28,6840.5,6847.5,6847.25,6820.25,stop,False,-354.5,337.5
2025-12-03,ESZ5,breakout|none|3,1,32,33,42,6842.75,6834.5,6834.75,6866.75,stop,False,-417.0,400.0
2025-12-04,ESZ5,breakout|none|3,-1,16,17,68,6858.5,6867.5,6867.25,6832.25,stop,False,-454.5,437.5
2025-12-05,ESZ5,breakout|none|3,1,19,20,105,6886.75,6880.25,6880.5,6905.5,stop,False,-329.5,312.5
2025-12-08,ESZ5,breakout|none|3,-1,39,40,91,6871.5,6850.5,6878.5,6850.5,target,False,1045.5,350.0
2025-12-09,ESZ5,breakout|none|3,1,20,21,79,6861.5,6854.5,6854.75,6881.75,stop,False,-354.5,337.5
2025-12-10,ESZ5,breakout|none|3,1,17,18,25,6850.75,6841.5,6841.75,6877.75,stop,False,-467.0,450.0
2025-12-11,ESZ5,breakout|none|3,-1,18,19,41,6858.0,6865.25,6865.0,6837.0,stop,False,-367.0,350.0
2025-12-12,ESZ5,breakout|none|3,-1,19,20,24,6888.0,6894.5,6894.25,6869.25,stop,False,-329.5,312.5
2025-12-15,ESH6,breakout|none|3,-1,15,16,54,6906.75,6872.25,6918.25,6872.25,target,False,1720.5,575.0
2025-12-16,ESH6,breakout|none|3,-1,15,16,17,6847.5,6859.75,6859.5,6811.5,stop,False,-617.0,600.0
2025-12-17,ESH6,breakout|none|3,-1,16,17,27,6844.0,6856.5,6856.25,6807.25,stop,False,-629.5,612.5
2025-12-18,ESH6,breakout|none|3,1,56,57,157,6852.75,6839.5,6839.75,6891.75,stop,False,-667.0,650.0
2025-12-19,ESH6,breakout|none|3,1,17,18,388,6877.0,6885.5,6861.75,6922.75,flatten,False,420.5,762.5
2025-12-22,ESH6,breakout|none|3,-1,66,67,73,6910.75,6919.0,6918.75,6886.75,stop,False,-417.0,400.0
2025-12-23,ESH6,breakout|none|3,1,15,16,32,6939.5,6929.25,6929.5,6969.5,stop,False,-517.0,500.0
2025-12-26,ESH6,breakout|none|3,-1,31,32,60,6977.75,6985.0,6984.75,6956.75,stop,False,-367.0,350.0
2025-12-29,ESH6,breakout|none|3,-1,39,40,60,6946.25,6956.75,6956.5,6915.5,stop,False,-529.5,512.5
2025-12-30,ESH6,breakout|none|3,-1,15,16,16,6944.75,6949.0,6948.75,6932.75,stop,False,-217.0,200.0
2025-12-31,ESH6,breakout|none|3,-1,15,16,25,6928.0,6937.25,6937.0,6901.0,stop,False,-467.0,450.0
2026-01-02,ESH6,breakout|none|3,1,20,21,40,6938.0,6927.25,6927.5,6969.5,stop,False,-542.0,525.0
2026-01-05,ESH6,breakout|none|3,1,15,16,17,6947.0,6940.25,6940.5,6966.5,stop,False,-342.0,325.0
2026-01-06,ESH6,breakout|none|3,1,15,16,28,6956.0,6969.5,6951.5,6969.5,target,False,670.5,225.0
2026-01-07,ESH6,breakout|none|3,1,16,17,21,6997.75,6992.0,6992.25,7014.25,stop,False,-292.0,275.0
2026-01-08,ESH6,breakout|none|3,1,37,38,126,6959.25,6950.25,6950.5,6985.5,stop,False,-454.5,437.5
2026-01-09,ESH6,breakout|none|3,-1,35,36,44,6967.75,6977.25,6977.0,6940.0,stop,False,-479.5,462.5
2026-01-12,ESH6,breakout|none|3,1,20,21,388,6997.5,7017.5,6984.0,7038.0,flatten,False,995.5,675.0
2026-01-13,ESH6,breakout|none|3,-1,18,19,51,7008.25,6989.5,7014.5,6989.5,target,False,933.0,312.5
2026-01-14,ESH6,breakout|none|3,-1,15,16,19,6954.25,6966.5,6966.25,6918.25,stop,False,-617.0,600.0
2026-01-15,ESH6,breakout|none|3,-1,21,22,24,6995.5,7001.75,7001.5,6977.5,stop,False,-317.0,300.0
2026-01-16,ESH6,breakout|none|3,-1,23,24,64,6988.25,6970.25,6994.25,6970.25,target,False,895.5,300.0
2026-01-20,ESH6,breakout|none|3,-1,38,39,48,6867.75,6877.5,6877.25,6839.25,stop,False,-492.0,475.0
2026-01-21,ESH6,breakout|none|3,1,17,18,63,6867.75,6894.75,6858.75,6894.75,target,False,1345.5,450.0
2026-01-22,ESH6,breakout|none|3,-1,16,17,102,6944.0,6953.5,6953.25,6916.25,stop,False,-479.5,462.5
2026-01-23,ESH6,breakout|none|3,1,29,30,204,6941.75,6933.75,6934.0,6965.0,stop,False,-404.5,387.5
2026-01-26,ESH6,breakout|none|3,1,15,16,388,6977.25,6981.0,6965.0,7014.0,flatten,False,183.0,612.5
2026-01-27,ESH6,breakout|none|3,1,19,20,74,6997.75,7010.5,6993.5,7010.5,target,False,633.0,212.5
2026-01-28,ESH6,breakout|none|3,1,15,16,17,7031.0,7026.5,7026.75,7043.75,stop,False,-229.5,212.5
2026-01-29,ESH6,breakout|none|3,-1,16,17,72,6976.25,6917.75,6995.75,6917.75,target,False,2920.5,975.0
2026-01-30,ESH6,breakout|none|3,1,41,42,53,6987.0,6974.5,6974.75,7023.75,stop,False,-629.5,612.5
2026-02-02,ESH6,breakout|none|3,1,16,17,388,6976.75,7004.75,6960.0,7027.0,flatten,False,1395.5,837.5
2026-02-03,ESH6,breakout|none|3,-1,25,26,54,6994.25,6962.0,7005.0,6962.0,target,False,1608.0,537.5
2026-02-04,ESH6,breakout|none|3,1,18,19,20,6959.25,6947.5,6947.75,6993.75,stop,False,-592.0,575.0
2026-02-05,ESH6,breakout|none|3,-1,36,37,141,6829.5,6853.0,6852.75,6759.75,stop,False,-1179.5,1162.5
2026-02-06,ESH6,breakout|none|3,1,15,16,46,6898.25,6874.25,6874.5,6969.5,stop,False,-1204.5,1187.5
2026-02-09,ESH6,breakout|none|3,1,36,37,388,6958.5,6985.5,6942.0,7008.0,flatten,False,1345.5,825.0
2026-02-10,ESH6,breakout|none|3,1,25,26,99,6997.75,6986.75,6987.0,7030.0,stop,False,-554.5,537.5
2026-02-11,ESH6,breakout|none|3,-1,20,21,41,6990.0,6960.0,7000.0,6960.0,target,False,1495.5,500.0
2026-02-12,ESH6,breakout|none|3,-1,15,16,67,6974.75,6953.75,6981.75,6953.75,target,False,1045.5,350.0
2026-02-13,ESH6,breakout|none|3,1,40,41,367,6860.75,6835.0,6835.25,6937.25,stop,False,-1292.0,1275.0
2026-02-17,ESH6,breakout|none|3,-1,17,18,99,6832.0,6846.25,6846.0,6790.0,stop,False,-717.0,700.0
2026-02-18,ESH6,breakout|none|3,1,25,26,327,6890.0,6876.0,6876.25,6931.25,stop,False,-704.5,687.5
2026-02-19,ESH6,breakout|none|3,1,22,23,60,6882.0,6870.25,6870.5,6916.5,stop,False,-592.0,575.0
2026-02-20,ESH6,breakout|none|3,1,30,31,388,6886.0,6920.75,6867.5,6941.5,flatten,False,1733.0,925.0
2026-02-23,ESH6,breakout|none|3,-1,15,16,76,6902.25,6863.25,6915.25,6863.25,target,False,1945.5,650.0
2026-02-24,ESH6,breakout|none|3,1,16,17,30,6874.75,6852.25,6852.5,6941.5,stop,False,-1129.5,1112.5
2026-02-25,ESH6,breakout|none|3,1,16,17,26,6945.5,6938.5,6938.75,6965.75,stop,False,-354.5,337.5
2026-02-26,ESH6,breakout|none|3,-1,18,19,46,6936.25,6899.5,6948.5,6899.5,target,False,1833.0,612.5
2026-02-27,ESH6,breakout|none|3,1,35,36,237,6868.75,6855.5,6855.75,6907.75,stop,False,-667.0,650.0
2026-03-02,ESH6,breakout|none|3,1,15,16,388,6849.75,6894.75,6827.5,6916.5,flatten,False,2245.5,1112.5
2026-03-03,ESH6,breakout|none|3,-1,18,19,103,6753.5,6773.75,6773.5,6693.5,stop,False,-1017.0,1000.0
2026-03-04,ESH6,breakout|none|3,-1,15,16,19,6821.25,6839.0,6838.75,6768.75,stop,False,-892.0,875.0
2026-03-05,ESH6,breakout|none|3,1,27,28,37,6867.5,6854.0,6854.25,6907.25,stop,False,-679.5,662.5
2026-03-06,ESH6,breakout|none|3,-1,28,29,30,6718.75,6737.5,6737.25,6663.25,stop,False,-942.0,925.0
2026-03-09,ESH6,breakout|none|3,-1,15,16,33,6652.25,6672.5,6672.25,6592.25,stop,False,-1017.0,1000.0
2026-03-10,ESH6,breakout|none|3,-1,28,29,51,6773.5,6789.0,6788.75,6727.75,stop,False,-779.5,762.5
2026-03-11,ESH6,breakout|none|3,-1,17,18,23,6785.75,6792.75,6792.5,6765.5,stop,False,-354.5,337.5
2026-03-12,ESH6,breakout|none|3,-1,15,16,20,6711.5,6720.75,6720.5,6684.5,stop,False,-467.0,450.0
2026-03-13,ESH6,breakout|none|3,1,15,16,27,6735.0,6719.5,6719.75,6780.75,stop,False,-779.5,762.5
2026-03-16,ESM6,breakout|none|3,1,15,16,19,6769.0,6758.25,6758.5,6800.5,stop,False,-542.0,525.0
2026-03-17,ESM6,breakout|none|3,1,16,17,32,6808.0,6797.25,6797.5,6839.5,stop,False,-542.0,525.0
2026-03-18,ESM6,breakout|none|3,1,16,17,21,6759.25,6750.5,6750.75,6784.75,stop,False,-442.0,425.0
2026-03-19,ESM6,breakout|none|3,1,19,20,54,6640.0,6627.0,6627.25,6678.25,stop,False,-654.5,637.5
2026-03-20,ESM6,breakout|none|3,-1,20,21,84,6619.25,6588.5,6629.5,6588.5,target,False,1533.0,512.5
2026-03-23,ESM6,breakout|none|3,1,22,23,137,6676.75,6658.5,6658.75,6730.75,stop,False,-917.0,900.0
2026-03-24,ESM6,breakout|none|3,1,37,38,43,6608.0,6591.5,6591.75,6656.75,stop,False,-829.5,812.5
2026-03-25,ESM6,breakout|none|3,-1,17,18,106,6659.75,6623.75,6671.75,6623.75,target,False,1795.5,600.0
2026-03-26,ESM6,breakout|none|3,1,15,16,79,6607.25,6595.0,6595.25,6643.25,stop,False,-617.0,600.0
2026-03-27,ESM6,breakout|none|3,-1,25,26,96,6464.25,6479.25,6479.0,6420.0,stop,False,-754.5,737.5
2026-03-30,ESM6,breakout|none|3,-1,16,17,91,6431.0,6449.5,6449.25,6376.25,stop,False,-929.5,912.5
2026-03-31,ESM6,breakout|none|3,1,16,17,78,6474.25,6462.75,6463.0,6508.0,stop,False,-579.5,562.5
2026-04-01,ESM6,breakout|none|3,-1,17,18,23,6599.5,6613.5,6613.25,6558.25,stop,False,-704.5,687.5
2026-04-02,ESM6,breakout|none|3,1,21,22,62,6540.25,6577.0,6528.0,6577.0,target,False,1833.0,612.5
2026-04-06,ESM6,breakout|none|3,1,27,28,34,6643.25,6630.75,6631.0,6680.0,stop,False,-629.5,612.5
2026-04-07,ESM6,breakout|none|3,-1,17,18,25,6607.0,6621.25,6621.0,6565.0,stop,False,-717.0,700.0
2026-04-08,ESM6,breakout|none|3,-1,21,22,153,6809.25,6821.25,6821.0,6774.0,stop,False,-604.5,587.5
2026-04-09,ESM6,breakout|none|3,-1,46,47,81,6808.0,6814.75,6814.5,6788.5,stop,False,-342.0,325.0
2026-04-10,ESM6,breakout|none|3,-1,20,21,43,6864.25,6872.0,6871.75,6841.75,stop,False,-392.0,375.0
2026-04-13,ESM6,breakout|none|3,1,19,20,22,6849.25,6842.25,6842.5,6869.5,stop,False,-354.5,337.5
2026-04-14,ESM6,breakout|none|3,1,36,37,176,6962.0,6998.0,6950.0,6998.0,target,False,1795.5,600.0
2026-04-15,ESM6,breakout|none|3,1,52,53,321,7025.75,7057.25,7015.25,7057.25,target,False,1570.5,525.0
2026-04-16,ESM6,breakout|none|3,-1,21,22,93,7060.75,7067.0,7066.75,7042.75,stop,False,-317.0,300.0
2026-04-17,ESM6,breakout|none|3,1,21,22,63,7136.5,7161.25,7128.25,7161.25,target,False,1233.0,412.5
2026-04-20,ESM6,breakout|none|3,1,25,26,41,7156.25,7149.75,7150.0,7175.0,stop,False,-329.5,312.5
2026-04-21,ESM6,breakout|none|3,1,22,23,70,7165.5,7156.75,7157.0,7191.0,stop,False,-442.0,425.0
2026-04-22,ESM6,breakout|none|3,1,29,30,36,7153.0,7147.0,7147.25,7170.25,stop,False,-304.5,287.5
2026-04-23,ESM6,breakout|none|3,1,16,17,30,7165.5,7158.25,7158.5,7186.5,stop,False,-367.0,350.0
2026-04-24,ESM6,breakout|none|3,-1,24,25,39,7150.0,7158.25,7158.0,7126.0,stop,False,-417.0,400.0
2026-04-27,ESM6,breakout|none|3,-1,108,109,156,7182.75,7190.75,7190.5,7159.5,stop,False,-404.5,387.5
2026-04-28,ESM6,breakout|none|3,-1,65,66,293,7159.5,7170.5,7170.25,7127.25,stop,False,-554.5,537.5
2026-04-29,ESM6,breakout|none|3,-1,15,16,20,7150.5,7157.0,7156.75,7131.75,stop,False,-329.5,312.5
2026-04-30,ESM6,breakout|none|3,-1,25,26,76,7165.0,7182.25,7182.0,7114.0,stop,False,-867.0,850.0
2026-05-01,ESM6,breakout|none|3,1,20,21,183,7278.75,7269.0,7269.25,7307.25,stop,False,-492.0,475.0
2026-05-04,ESM6,breakout|none|3,1,17,18,38,7253.75,7248.0,7248.25,7270.25,stop,False,-292.0,275.0
2026-05-05,ESM6,breakout|none|3,1,15,16,46,7274.25,7269.0,7269.25,7289.25,stop,False,-267.0,250.0
2026-05-06,ESM6,breakout|none|3,1,24,25,37,7346.250000000001,7337.000000000001,7337.250000000001,7373.250000000001,stop,False,-467.0,450.0
2026-05-07,ESM6,breakout|none|3,-1,15,16,34,7388.000000000001,7393.500000000001,7393.250000000001,7372.250000000001,stop,False,-279.5,262.5
2026-05-08,ESM6,breakout|none|3,1,15,16,51,7403.750000000001,7418.000000000001,7399.000000000001,7418.000000000001,target,False,708.0,237.5
2026-05-11,ESM6,breakout|none|3,1,15,16,61,7433.250000000001,7423.250000000001,7423.500000000001,7462.500000000001,stop,False,-504.5,487.5
2026-05-12,ESM6,breakout|none|3,-1,21,22,23,7399.500000000001,7408.500000000001,7408.250000000001,7373.250000000001,stop,False,-454.5,437.5
2026-05-13,ESM6,breakout|none|3,-1,16,17,32,7407.750000000001,7418.000000000001,7417.750000000001,7377.750000000001,stop,False,-517.0,500.0
2026-05-14,ESM6,breakout|none|3,1,17,18,29,7500.750000000001,7490.000000000001,7490.250000000001,7532.250000000001,stop,False,-542.0,525.0
2026-05-15,ESM6,breakout|none|3,-1,15,16,24,7424.250000000001,7442.000000000001,7441.750000000001,7371.750000000001,stop,False,-892.0,875.0
2026-05-18,ESM6,breakout|none|3,1,22,23,32,7442.750000000001,7431.750000000001,7432.000000000001,7475.000000000001,stop,False,-554.5,537.5
2026-05-19,ESM6,breakout|none|3,-1,16,17,17,7370.000000000001,7381.500000000001,7381.250000000001,7336.250000000001,stop,False,-579.5,562.5
2026-05-20,ESM6,breakout|none|3,1,15,16,21,7403.000000000001,7393.000000000001,7393.250000000001,7432.250000000001,stop,False,-504.5,487.5
2026-05-21,ESM6,breakout|none|3,1,22,23,46,7428.500000000001,7421.500000000001,7421.750000000001,7448.750000000001,stop,False,-354.5,337.5
2026-05-22,ESM6,breakout|none|3,-1,36,37,95,7490.750000000001,7503.750000000001,7503.500000000001,7452.500000000001,stop,False,-654.5,637.5
2026-05-26,ESM6,breakout|none|3,1,15,16,21,7543.000000000001,7534.750000000001,7535.000000000001,7567.000000000001,stop,False,-417.0,400.0
2026-05-27,ESM6,breakout|none|3,-1,109,110,122,7524.250000000001,7535.000000000001,7534.750000000001,7492.750000000001,stop,False,-542.0,525.0
2026-05-28,ESM6,breakout|none|3,1,30,31,34,7540.000000000001,7533.750000000001,7534.000000000001,7558.000000000001,stop,False,-317.0,300.0
2026-05-29,ESM6,breakout|none|3,1,15,16,49,7606.250000000001,7596.250000000001,7596.500000000001,7635.500000000001,stop,False,-504.5,487.5
2026-06-02,ESM6,breakout|none|3,1,34,35,80,7605.750000000001,7620.750000000001,7600.750000000001,7620.750000000001,target,False,745.5,250.0
2026-06-03,ESM6,breakout|none|3,-1,15,16,388,7590.000000000001,7575.500000000001,7601.500000000001,7555.500000000001,flatten,False,720.5,575.0
2026-06-04,ESM6,breakout|none|3,1,28,29,34,7563.500000000001,7553.250000000001,7553.500000000001,7593.500000000001,stop,False,-517.0,500.0
2026-06-05,ESM6,breakout|none|3,-1,15,16,155,7524.000000000001,7484.250000000001,7537.250000000001,7484.250000000001,target,False,1983.0,662.5
2026-06-08,ESM6,breakout|none|3,-1,27,28,56,7436.250000000001,7452.250000000001,7452.000000000001,7389.000000000001,stop,False,-804.5,787.5
2026-06-09,ESM6,breakout|none|3,1,15,16,27,7478.750000000001,7468.000000000001,7468.250000000001,7510.250000000001,stop,False,-542.0,525.0
2026-06-10,ESM6,breakout|none|3,1,18,19,82,7388.000000000001,7364.000000000001,7364.250000000001,7459.250000000001,stop,False,-1204.5,1187.5
2026-06-11,ESM6,breakout|none|3,1,16,17,41,7315.500000000001,7301.000000000001,7301.250000000001,7358.250000000001,stop,False,-729.5,712.5
2026-06-12,ESM6,breakout|none|3,-1,15,16,30,7368.750000000001,7394.500000000001,7394.250000000001,7292.250000000001,stop,False,-1292.0,1275.0
2026-06-15,ESU6,breakout|none|3,1,18,19,39,7618.750000000001,7609.750000000001,7610.000000000001,7645.000000000001,stop,False,-454.5,437.5
2026-06-16,ESU6,breakout|none|3,-1,29,30,34,7622.500000000001,7629.000000000001,7628.750000000001,7603.750000000001,stop,False,-329.5,312.5
2026-06-17,ESU6,breakout|none|3,-1,29,30,34,7581.000000000001,7588.750000000001,7588.500000000001,7558.500000000001,stop,False,-392.0,375.0
2026-06-22,ESU6,breakout|none|3,-1,57,58,388,7563.750000000001,7540.000000000001,7576.500000000001,7525.500000000001,flatten,False,1183.0,637.5
2026-06-23,ESU6,breakout|none|3,1,17,18,115,7454.500000000001,7438.250000000001,7438.500000000001,7502.500000000001,stop,False,-817.0,800.0
2026-06-24,ESU6,breakout|none|3,1,21,22,28,7469.000000000001,7453.750000000001,7454.000000000001,7514.000000000001,stop,False,-767.0,750.0
2026-06-25,ESU6,breakout|none|3,-1,15,16,50,7429.000000000001,7456.500000000001,7456.250000000001,7347.250000000001,stop,False,-1379.5,1362.5
2026-06-26,ESU6,breakout|none|3,1,26,27,120,7399.750000000001,7442.500000000001,7385.500000000001,7442.500000000001,target,False,2133.0,712.5
2026-06-29,ESU6,breakout|none|3,1,15,16,25,7488.000000000001,7468.250000000001,7468.500000000001,7546.500000000001,stop,False,-992.0,975.0
2026-06-30,ESU6,breakout|none|3,1,21,22,62,7516.750000000001,7539.250000000001,7509.250000000001,7539.250000000001,target,False,1120.5,375.0
2026-07-01,ESU6,breakout|none|3,1,29,30,388,7537.000000000001,7539.250000000001,7522.750000000001,7579.750000000001,flatten,False,108.0,712.5
2026-07-02,ESU6,breakout|none|3,1,17,18,57,7584.250000000001,7568.000000000001,7568.250000000001,7632.250000000001,stop,False,-817.0,800.0
2026-07-06,ESU6,breakout|none|3,1,47,48,388,7573.250000000001,7591.750000000001,7563.000000000001,7604.000000000001,flatten,False,920.5,512.5
2026-07-07,ESU6,breakout|none|3,-1,23,24,55,7568.000000000001,7540.250000000001,7577.250000000001,7540.250000000001,target,False,1383.0,462.5
2026-07-08,ESU6,breakout|none|3,1,16,17,19,7524.000000000001,7513.000000000001,7513.250000000001,7556.250000000001,stop,False,-554.5,537.5
2026-07-09,ESU6,breakout|none|3,1,15,16,42,7561.250000000001,7546.500000000001,7546.750000000001,7604.750000000001,stop,False,-742.0,725.0
2026-07-10,ESU6,breakout|none|3,1,32,33,37,7605.750000000001,7598.250000000001,7598.500000000001,7627.500000000001,stop,False,-379.5,362.5
2026-07-13,ESU6,breakout|none|3,-1,21,22,24,7591.000000000001,7599.000000000001,7598.750000000001,7567.750000000001,stop,False,-404.5,387.5
2026-07-14,ESU6,breakout|none|3,1,15,16,17,7587.000000000001,7576.000000000001,7576.250000000001,7619.250000000001,stop,False,-554.5,537.5
2026-07-15,ESU6,breakout|none|3,-1,15,16,28,7609.500000000001,7617.000000000001,7616.750000000001,7587.750000000001,stop,False,-379.5,362.5
2026-07-16,ESU6,breakout|none|3,-1,18,19,22,7577.750000000001,7590.250000000001,7590.000000000001,7541.000000000001,stop,False,-629.5,612.5
2026-07-17,ESU6,breakout|none|3,1,18,19,35,7496.000000000001,7525.250000000001,7486.250000000001,7525.250000000001,target,False,1458.0,487.5
2026-07-20,ESU6,breakout|none|3,-1,22,23,88,7530.750000000001,7502.250000000001,7540.250000000001,7502.250000000001,target,False,1420.5,475.0
2026-07-21,ESU6,breakout|none|3,1,57,58,388,7531.250000000001,7547.000000000001,7518.750000000001,7568.750000000001,flatten,False,783.0,625.0
2026-07-22,ESU6,breakout|none|3,1,15,16,56,7541.250000000001,7534.000000000001,7534.250000000001,7562.250000000001,stop,False,-367.0,350.0
2026-07-23,ESU6,breakout|none|3,-1,81,82,388,7440.500000000001,7442.500000000001,7461.250000000001,7378.250000000001,flatten,False,-104.5,1037.5
2026-07-24,ESU6,breakout|none|3,1,19,20,20,7457.000000000001,7450.250000000001,7450.500000000001,7476.500000000001,stop,False,-342.0,325.0
2026-07-27,ESU6,breakout|none|3,-1,16,17,53,7490.750000000001,7458.500000000001,7501.500000000001,7458.500000000001,target,False,1608.0,537.5
2026-07-28,ESU6,breakout|none|3,-1,16,17,20,7421.750000000001,7436.750000000001,7436.500000000001,7377.500000000001,stop,False,-754.5,737.5
2026-07-29,ESU6,breakout|none|3,-1,20,21,42,7439.000000000001,7413.500000000001,7447.500000000001,7413.500000000001,target,False,1270.5,425.0
2026-07-30,ESU6,breakout|none|3,1,15,16,85,7422.500000000001,7411.250000000001,7411.500000000001,7455.500000000001,stop,False,-567.0,550.0
2026-07-31,ESU6,breakout|none|3,-1,17,18,174,7477.500000000001,7495.750000000001,7495.500000000001,7423.500000000001,stop,False,-917.0,900.0
2025-12-01,ESZ5,breakout|vwap|2,1,17,18,55,6830.25,6822.0,6822.25,6846.25,stop,False,-417.0,400.0
2025-12-02,ESZ5,breakout|vwap|2,-1,24,25,28,6840.5,6847.5,6847.25,6827.0,stop,False,-354.5,337.5
2025-12-03,ESZ5,breakout|vwap|2,1,32,33,42,6842.75,6834.5,6834.75,6858.75,stop,False,-417.0,400.0
2025-12-04,ESZ5,breakout|vwap|2,-1,16,17,68,6858.5,6867.5,6867.25,6841.0,stop,False,-454.5,437.5
2025-12-05,ESZ5,breakout|vwap|2,1,19,20,35,6886.75,6899.25,6880.5,6899.25,target,False,620.5,312.5
2025-12-08,ESZ5,breakout|vwap|2,-1,39,40,85,6871.5,6857.5,6878.5,6857.5,target,False,695.5,350.0
2025-12-09,ESZ5,breakout|vwap|2,1,20,21,79,6861.5,6854.5,6854.75,6875.0,stop,False,-354.5,337.5
2025-12-10,ESZ5,breakout|vwap|2,1,17,18,25,6850.75,6841.5,6841.75,6868.75,stop,False,-467.0,450.0
2025-12-11,ESZ5,breakout|vwap|2,-1,18,19,24,6858.0,6844.0,6865.0,6844.0,target,False,695.5,350.0
2025-12-12,ESZ5,breakout|vwap|2,-1,19,20,24,6888.0,6894.5,6894.25,6875.5,stop,False,-329.5,312.5
2025-12-15,ESH6,breakout|vwap|2,-1,15,16,43,6906.75,6883.75,6918.25,6883.75,target,False,1145.5,575.0
2025-12-16,ESH6,breakout|vwap|2,-1,15,16,17,6847.5,6859.75,6859.5,6823.5,stop,False,-617.0,600.0
2025-12-17,ESH6,breakout|vwap|2,-1,16,17,27,6844.0,6856.5,6856.25,6819.5,stop,False,-629.5,612.5
2025-12-18,ESH6,breakout|vwap|2,1,56,57,157,6852.75,6839.5,6839.75,6878.75,stop,False,-667.0,650.0
2025-12-19,ESH6,breakout|vwap|2,1,17,18,388,6877.0,6885.5,6861.75,6907.5,flatten,False,420.5,762.5
2025-12-22,ESH6,breakout|vwap|2,-1,66,67,73,6910.75,6919.0,6918.75,6894.75,stop,False,-417.0,400.0
2025-12-23,ESH6,breakout|vwap|2,1,15,16,32,6939.5,6929.25,6929.5,6959.5,stop,False,-517.0,500.0
2025-12-26,ESH6,breakout|vwap|2,-1,31,32,60,6977.75,6985.0,6984.75,6963.75,stop,False,-367.0,350.0
2025-12-29,ESH6,breakout|vwap|2,-1,39,40,60,6946.25,6956.75,6956.5,6925.75,stop,False,-529.5,512.5
2025-12-30,ESH6,breakout|vwap|2,-1,15,16,16,6944.75,6949.0,6948.75,6936.75,stop,False,-217.0,200.0
2025-12-31,ESH6,breakout|vwap|2,-1,15,16,25,6928.0,6937.25,6937.0,6910.0,stop,False,-467.0,450.0
2026-01-02,ESH6,breakout|vwap|2,1,20,21,40,6938.0,6927.25,6927.5,6959.0,stop,False,-542.0,525.0
2026-01-05,ESH6,breakout|vwap|2,1,15,16,17,6947.0,6940.25,6940.5,6960.0,stop,False,-342.0,325.0
2026-01-06,ESH6,breakout|vwap|2,1,15,16,21,6956.0,6965.0,6951.5,6965.0,target,False,445.5,225.0
2026-01-07,ESH6,breakout|vwap|2,1,16,17,21,6997.75,6992.0,6992.25,7008.75,stop,False,-292.0,275.0
2026-01-08,ESH6,breakout|vwap|2,1,37,38,126,6959.25,6950.25,6950.5,6976.75,stop,False,-454.5,437.5
2026-01-09,ESH6,breakout|vwap|2,-1,35,36,44,6967.75,6977.25,6977.0,6949.25,stop,False,-479.5,462.5
2026-01-12,ESH6,breakout|vwap|2,1,20,21,331,6997.5,7024.5,6984.0,7024.5,target,False,1345.5,675.0
2026-01-13,ESH6,breakout|vwap|2,-1,18,19,33,7008.25,6995.75,7014.5,6995.75,target,False,620.5,312.5
2026-01-14,ESH6,breakout|vwap|2,-1,15,16,19,6954.25,6966.5,6966.25,6930.25,stop,False,-617.0,600.0
2026-01-15,ESH6,breakout|vwap|2,-1,21,22,24,6995.5,7001.75,7001.5,6983.5,stop,False,-317.0,300.0
2026-01-16,ESH6,breakout|vwap|2,-1,23,24,31,6988.25,6976.25,6994.25,6976.25,target,False,595.5,300.0
2026-01-20,ESH6,breakout|vwap|2,-1,38,39,48,6867.75,6877.5,6877.25,6848.75,stop,False,-492.0,475.0
2026-01-21,ESH6,breakout|vwap|2,1,17,18,46,6867.75,6885.75,6858.75,6885.75,target,False,895.5,450.0
2026-01-22,ESH6,breakout|vwap|2,-1,16,17,102,6944.0,6953.5,6953.25,6925.5,stop,False,-479.5,462.5
2026-01-23,ESH6,breakout|vwap|2,1,29,30,79,6941.75,6957.25,6934.0,6957.25,target,False,770.5,387.5
2026-01-26,ESH6,breakout|vwap|2,1,15,16,388,6977.25,6981.0,6965.0,7001.75,flatten,False,183.0,612.5
2026-01-27,ESH6,breakout|vwap|2,1,19,20,23,6997.75,7006.25,6993.5,7006.25,target,False,420.5,212.5
2026-01-28,ESH6,breakout|vwap|2,1,15,16,17,7031.0,7026.5,7026.75,7039.5,stop,False,-229.5,212.5
2026-01-29,ESH6,breakout|vwap|2,-1,16,17,60,6976.25,6937.25,6995.75,6937.25,target,False,1945.5,975.0
2026-01-30,ESH6,breakout|vwap|2,1,41,42,53,6987.0,6974.5,6974.75,7011.5,stop,False,-629.5,612.5
2026-02-02,ESH6,breakout|vwap|2,1,16,17,151,6976.75,7010.25,6960.0,7010.25,target,False,1670.5,837.5
2026-02-03,ESH6,breakout|vwap|2,-1,25,26,31,6994.25,6972.75,7005.0,6972.75,target,False,1070.5,537.5
2026-02-04,ESH6,breakout|vwap|2,1,18,19,20,6959.25,6947.5,6947.75,6982.25,stop,False,-592.0,575.0
2026-02-05,ESH6,breakout|vwap|2,-1,36,37,141,6829.5,6853.0,6852.75,6783.0,stop,False,-1179.5,1162.5
2026-02-06,ESH6,breakout|vwap|2,1,15,16,46,6898.25,6874.25,6874.5,6945.75,stop,False,-1204.5,1187.5
2026-02-09,ESH6,breakout|vwap|2,1,36,37,134,6958.5,6991.5,6942.0,6991.5,target,False,1645.5,825.0
2026-02-10,ESH6,breakout|vwap|2,1,25,26,99,6997.75,6986.75,6987.0,7019.25,stop,False,-554.5,537.5
2026-02-11,ESH6,breakout|vwap|2,-1,20,21,39,6990.0,6970.0,7000.0,6970.0,target,False,995.5,500.0
2026-02-12,ESH6,breakout|vwap|2,-1,15,16,39,6974.75,6960.75,6981.75,6960.75,target,False,695.5,350.0
2026-02-13,ESH6,breakout|vwap|2,1,40,41,367,6860.75,6835.0,6835.25,6911.75,stop,False,-1292.0,1275.0
2026-02-17,ESH6,breakout|vwap|2,-1,17,18,26,6832.0,6804.0,6846.0,6804.0,target,False,1395.5,700.0
2026-02-18,ESH6,breakout|vwap|2,1,25,26,46,6890.0,6917.5,6876.25,6917.5,target,False,1370.5,687.5
2026-02-19,ESH6,breakout|vwap|2,1,22,23,60,6882.0,6870.25,6870.5,6905.0,stop,False,-592.0,575.0
2026-02-20,ESH6,breakout|vwap|2,1,30,31,31,6886.0,6923.0,6867.5,6923.0,target,False,1845.5,925.0
2026-02-23,ESH6,breakout|vwap|2,-1,15,16,39,6902.25,6876.25,6915.25,6876.25,target,False,1295.5,650.0
2026-02-24,ESH6,breakout|vwap|2,1,16,17,30,6874.75,6852.25,6852.5,6919.25,stop,False,-1129.5,1112.5
2026-02-25,ESH6,breakout|vwap|2,1,16,17,26,6945.5,6938.5,6938.75,6959.0,stop,False,-354.5,337.5
2026-02-26,ESH6,breakout|vwap|2,-1,18,19,45,6936.25,6911.75,6948.5,6911.75,target,False,1220.5,612.5
2026-02-27,ESH6,breakout|vwap|2,1,35,36,237,6868.75,6855.5,6855.75,6894.75,stop,False,-667.0,650.0
2026-03-02,ESH6,breakout|vwap|2,1,15,16,138,6849.75,6894.25,6827.5,6894.25,target,False,2220.5,1112.5
2026-03-03,ESH6,breakout|vwap|2,-1,18,19,103,6753.5,6773.75,6773.5,6713.5,stop,False,-1017.0,1000.0
2026-03-04,ESH6,breakout|vwap|2,-1,15,16,19,6821.25,6839.0,6838.75,6786.25,stop,False,-892.0,875.0
2026-03-05,ESH6,breakout|vwap|2,1,27,28,37,6867.5,6854.0,6854.25,6894.0,stop,False,-679.5,662.5
2026-03-06,ESH6,breakout|vwap|2,-1,28,29,30,6718.75,6737.5,6737.25,6681.75,stop,False,-942.0,925.0
2026-03-09,ESH6,breakout|vwap|2,-1,15,16,33,6652.25,6672.5,6672.25,6612.25,stop,False,-1017.0,1000.0
2026-03-10,ESH6,breakout|vwap|2,-1,28,29,51,6773.5,6789.0,6788.75,6743.0,stop,False,-779.5,762.5
2026-03-11,ESH6,breakout|vwap|2,-1,17,18,23,6785.75,6792.75,6792.5,6772.25,stop,False,-354.5,337.5
2026-03-12,ESH6,breakout|vwap|2,-1,15,16,20,6711.5,6720.75,6720.5,6693.5,stop,False,-467.0,450.0
2026-03-13,ESH6,breakout|vwap|2,1,15,16,27,6735.0,6719.5,6719.75,6765.5,stop,False,-779.5,762.5
2026-03-16,ESM6,breakout|vwap|2,1,15,16,19,6769.0,6758.25,6758.5,6790.0,stop,False,-542.0,525.0
2026-03-17,ESM6,breakout|vwap|2,1,16,17,32,6808.0,6797.25,6797.5,6829.0,stop,False,-542.0,525.0
2026-03-18,ESM6,breakout|vwap|2,1,16,17,21,6759.25,6750.5,6750.75,6776.25,stop,False,-442.0,425.0
2026-03-19,ESM6,breakout|vwap|2,1,19,20,54,6640.0,6627.0,6627.25,6665.5,stop,False,-654.5,637.5
2026-03-20,ESM6,breakout|vwap|2,-1,20,21,41,6619.25,6598.75,6629.5,6598.75,target,False,1020.5,512.5
2026-03-23,ESM6,breakout|vwap|2,1,22,23,137,6676.75,6658.5,6658.75,6712.75,stop,False,-917.0,900.0
2026-03-24,ESM6,breakout|vwap|2,1,37,38,43,6608.0,6591.5,6591.75,6640.5,stop,False,-829.5,812.5
2026-03-25,ESM6,breakout|vwap|2,-1,17,18,30,6659.75,6635.75,6671.75,6635.75,target,False,1195.5,600.0
2026-03-26,ESM6,breakout|vwap|2,1,15,16,79,6607.25,6595.0,6595.25,6631.25,stop,False,-617.0,600.0
2026-03-27,ESM6,breakout|vwap|2,-1,25,26,96,6464.25,6479.25,6479.0,6434.75,stop,False,-754.5,737.5
2026-03-30,ESM6,breakout|vwap|2,-1,16,17,91,6431.0,6449.5,6449.25,6394.5,stop,False,-929.5,912.5
2026-03-31,ESM6,breakout|vwap|2,1,16,17,30,6474.25,6496.75,6463.0,6496.75,target,False,1120.5,562.5
2026-04-01,ESM6,breakout|vwap|2,-1,17,18,23,6599.5,6613.5,6613.25,6572.0,stop,False,-704.5,687.5
2026-04-02,ESM6,breakout|vwap|2,1,21,22,30,6540.25,6564.75,6528.0,6564.75,target,False,1220.5,612.5
2026-04-06,ESM6,breakout|vwap|2,1,27,28,34,6643.25,6630.75,6631.0,6667.75,stop,False,-629.5,612.5
2026-04-07,ESM6,breakout|vwap|2,-1,17,18,25,6607.0,6621.25,6621.0,6579.0,stop,False,-717.0,700.0
2026-04-08,ESM6,breakout|vwap|2,-1,21,22,86,6809.25,6785.75,6821.0,6785.75,target,False,1170.5,587.5
2026-04-09,ESM6,breakout|vwap|2,-1,46,47,81,6808.0,6814.75,6814.5,6795.0,stop,False,-342.0,325.0
2026-04-10,ESM6,breakout|vwap|2,-1,20,21,43,6864.25,6872.0,6871.75,6849.25,stop,False,-392.0,375.0
2026-04-13,ESM6,breakout|vwap|2,1,19,20,22,6849.25,6842.25,6842.5,6862.75,stop,False,-354.5,337.5
2026-04-14,ESM6,breakout|vwap|2,1,36,37,116,6962.0,6986.0,6950.0,6986.0,target,False,1195.5,600.0
2026-04-15,ESM6,breakout|vwap|2,1,52,53,272,7025.75,7046.75,7015.25,7046.75,target,False,1045.5,525.0
2026-04-16,ESM6,breakout|vwap|2,-1,21,22,24,7060.75,7048.75,7066.75,7048.75,target,False,595.5,300.0
2026-04-17,ESM6,breakout|vwap|2,1,21,22,40,7136.5,7153.0,7128.25,7153.0,target,False,820.5,412.5
2026-04-20,ESM6,breakout|vwap|2,1,25,26,41,7156.25,7149.75,7150.0,7168.75,stop,False,-329.5,312.5
2026-04-21,ESM6,breakout|vwap|2,1,22,23,70,7165.5,7156.75,7157.0,7182.5,stop,False,-442.0,425.0
2026-04-22,ESM6,breakout|vwap|2,1,29,30,36,7153.0,7147.0,7147.25,7164.5,stop,False,-304.5,287.5
2026-04-23,ESM6,breakout|vwap|2,1,16,17,30,7165.5,7158.25,7158.5,7179.5,stop,False,-367.0,350.0
2026-04-24,ESM6,breakout|vwap|2,-1,24,25,39,7150.0,7158.25,7158.0,7134.0,stop,False,-417.0,400.0
2026-04-27,ESM6,breakout|vwap|2,-1,108,109,156,7182.75,7190.75,7190.5,7167.25,stop,False,-404.5,387.5
2026-04-28,ESM6,breakout|vwap|2,-1,65,66,293,7159.5,7170.5,7170.25,7138.0,stop,False,-554.5,537.5
2026-04-29,ESM6,breakout|vwap|2,-1,15,16,20,7150.5,7157.0,7156.75,7138.0,stop,False,-329.5,312.5
2026-04-30,ESM6,breakout|vwap|2,-1,25,26,76,7165.0,7182.25,7182.0,7131.0,stop,False,-867.0,850.0
2026-05-01,ESM6,breakout|vwap|2,1,20,21,33,7278.75,7297.75,7269.25,7297.75,target,False,945.5,475.0
2026-05-04,ESM6,breakout|vwap|2,1,17,18,38,7253.75,7248.0,7248.25,7264.75,stop,False,-292.0,275.0
2026-05-05,ESM6,breakout|vwap|2,1,15,16,46,7274.25,7269.0,7269.25,7284.25,stop,False,-267.0,250.0
2026-05-06,ESM6,breakout|vwap|2,1,24,25,37,7346.250000000001,7337.000000000001,7337.250000000001,7364.250000000001,stop,False,-467.0,450.0
2026-05-07,ESM6,breakout|vwap|2,-1,15,16,34,7388.000000000001,7393.500000000001,7393.250000000001,7377.500000000001,stop,False,-279.5,262.5
2026-05-08,ESM6,breakout|vwap|2,1,15,16,29,7403.750000000001,7413.250000000001,7399.000000000001,7413.250000000001,target,False,470.5,237.5
2026-05-11,ESM6,breakout|vwap|2,1,15,16,61,7433.250000000001,7423.250000000001,7423.500000000001,7452.750000000001,stop,False,-504.5,487.5
2026-05-12,ESM6,breakout|vwap|2,-1,21,22,23,7399.500000000001,7408.500000000001,7408.250000000001,7382.000000000001,stop,False,-454.5,437.5
2026-05-13,ESM6,breakout|vwap|2,-1,16,17,32,7407.750000000001,7418.000000000001,7417.750000000001,7387.750000000001,stop,False,-517.0,500.0
2026-05-14,ESM6,breakout|vwap|2,1,17,18,29,7500.750000000001,7490.000000000001,7490.250000000001,7521.750000000001,stop,False,-542.0,525.0
2026-05-15,ESM6,breakout|vwap|2,-1,15,16,24,7424.250000000001,7442.000000000001,7441.750000000001,7389.250000000001,stop,False,-892.0,875.0
2026-05-18,ESM6,breakout|vwap|2,1,22,23,32,7442.750000000001,7431.750000000001,7432.000000000001,7464.250000000001,stop,False,-554.5,537.5
2026-05-19,ESM6,breakout|vwap|2,-1,16,17,17,7370.000000000001,7381.500000000001,7381.250000000001,7347.500000000001,stop,False,-579.5,562.5
2026-05-20,ESM6,breakout|vwap|2,1,15,16,21,7403.000000000001,7393.000000000001,7393.250000000001,7422.500000000001,stop,False,-504.5,487.5
2026-05-21,ESM6,breakout|vwap|2,1,22,23,32,7428.500000000001,7442.000000000001,7421.750000000001,7442.000000000001,target,False,670.5,337.5
2026-05-22,ESM6,breakout|vwap|2,-1,36,37,95,7490.750000000001,7503.750000000001,7503.500000000001,7465.250000000001,stop,False,-654.5,637.5
2026-05-26,ESM6,breakout|vwap|2,1,15,16,21,7543.000000000001,7534.750000000001,7535.000000000001,7559.000000000001,stop,False,-417.0,400.0
2026-05-27,ESM6,breakout|vwap|2,-1,109,110,122,7524.250000000001,7535.000000000001,7534.750000000001,7503.250000000001,stop,False,-542.0,525.0
2026-05-28,ESM6,breakout|vwap|2,1,30,31,34,7540.000000000001,7533.750000000001,7534.000000000001,7552.000000000001,stop,False,-317.0,300.0
2026-05-29,ESM6,breakout|vwap|2,1,15,16,49,7606.250000000001,7596.250000000001,7596.500000000001,7625.750000000001,stop,False,-504.5,487.5
2026-06-02,ESM6,breakout|vwap|2,1,34,35,67,7605.750000000001,7615.750000000001,7600.750000000001,7615.750000000001,target,False,495.5,250.0
2026-06-03,ESM6,breakout|vwap|2,-1,15,16,175,7590.000000000001,7567.000000000001,7601.500000000001,7567.000000000001,target,False,1145.5,575.0
2026-06-04,ESM6,breakout|vwap|2,1,28,29,34,7563.500000000001,7553.250000000001,7553.500000000001,7583.500000000001,stop,False,-517.0,500.0
2026-06-05,ESM6,breakout|vwap|2,-1,15,16,127,7524.000000000001,7497.500000000001,7537.250000000001,7497.500000000001,target,False,1320.5,662.5
2026-06-08,ESM6,breakout|vwap|2,-1,27,28,56,7436.250000000001,7452.250000000001,7452.000000000001,7404.750000000001,stop,False,-804.5,787.5
2026-06-09,ESM6,breakout|vwap|2,1,15,16,27,7478.750000000001,7468.000000000001,7468.250000000001,7499.750000000001,stop,False,-542.0,525.0
2026-06-10,ESM6,breakout|vwap|2,1,18,19,82,7388.000000000001,7364.000000000001,7364.250000000001,7435.500000000001,stop,False,-1204.5,1187.5
2026-06-11,ESM6,breakout|vwap|2,1,16,17,41,7315.500000000001,7301.000000000001,7301.250000000001,7344.000000000001,stop,False,-729.5,712.5
2026-06-12,ESM6,breakout|vwap|2,-1,15,16,30,7368.750000000001,7394.500000000001,7394.250000000001,7317.750000000001,stop,False,-1292.0,1275.0
2026-06-15,ESU6,breakout|vwap|2,1,18,19,39,7618.750000000001,7609.750000000001,7610.000000000001,7636.250000000001,stop,False,-454.5,437.5
2026-06-16,ESU6,breakout|vwap|2,-1,29,30,34,7622.500000000001,7629.000000000001,7628.750000000001,7610.000000000001,stop,False,-329.5,312.5
2026-06-17,ESU6,breakout|vwap|2,-1,29,30,34,7581.000000000001,7588.750000000001,7588.500000000001,7566.000000000001,stop,False,-392.0,375.0
2026-06-22,ESU6,breakout|vwap|2,-1,57,58,82,7563.750000000001,7538.250000000001,7576.500000000001,7538.250000000001,target,False,1270.5,637.5
2026-06-23,ESU6,breakout|vwap|2,1,17,18,49,7454.500000000001,7486.500000000001,7438.500000000001,7486.500000000001,target,False,1595.5,800.0
2026-06-24,ESU6,breakout|vwap|2,1,21,22,28,7469.000000000001,7453.750000000001,7454.000000000001,7499.000000000001,stop,False,-767.0,750.0
2026-06-25,ESU6,breakout|vwap|2,-1,15,16,50,7429.000000000001,7456.500000000001,7456.250000000001,7374.500000000001,stop,False,-1379.5,1362.5
2026-06-26,ESU6,breakout|vwap|2,1,26,27,46,7399.750000000001,7428.250000000001,7385.500000000001,7428.250000000001,target,False,1420.5,712.5
2026-06-29,ESU6,breakout|vwap|2,1,15,16,25,7488.000000000001,7468.250000000001,7468.500000000001,7527.000000000001,stop,False,-992.0,975.0
2026-06-30,ESU6,breakout|vwap|2,1,21,22,34,7516.750000000001,7531.750000000001,7509.250000000001,7531.750000000001,target,False,745.5,375.0
2026-07-01,ESU6,breakout|vwap|2,1,29,30,105,7537.000000000001,7565.500000000001,7522.750000000001,7565.500000000001,target,False,1420.5,712.5
2026-07-02,ESU6,breakout|vwap|2,1,17,18,57,7584.250000000001,7568.000000000001,7568.250000000001,7616.250000000001,stop,False,-817.0,800.0
2026-07-06,ESU6,breakout|vwap|2,1,47,48,216,7573.250000000001,7593.750000000001,7563.000000000001,7593.750000000001,target,False,1020.5,512.5
2026-07-07,ESU6,breakout|vwap|2,-1,23,24,44,7568.000000000001,7549.500000000001,7577.250000000001,7549.500000000001,target,False,920.5,462.5
2026-07-08,ESU6,breakout|vwap|2,1,16,17,19,7524.000000000001,7513.000000000001,7513.250000000001,7545.500000000001,stop,False,-554.5,537.5
2026-07-09,ESU6,breakout|vwap|2,1,15,16,42,7561.250000000001,7546.500000000001,7546.750000000001,7590.250000000001,stop,False,-742.0,725.0
2026-07-10,ESU6,breakout|vwap|2,1,32,33,37,7605.750000000001,7598.250000000001,7598.500000000001,7620.250000000001,stop,False,-379.5,362.5
2026-07-13,ESU6,breakout|vwap|2,-1,21,22,24,7591.000000000001,7599.000000000001,7598.750000000001,7575.500000000001,stop,False,-404.5,387.5
2026-07-14,ESU6,breakout|vwap|2,1,15,16,17,7587.000000000001,7576.000000000001,7576.250000000001,7608.500000000001,stop,False,-554.5,537.5
2026-07-15,ESU6,breakout|vwap|2,-1,15,16,28,7609.500000000001,7617.000000000001,7616.750000000001,7595.000000000001,stop,False,-379.5,362.5
2026-07-16,ESU6,breakout|vwap|2,-1,18,19,22,7577.750000000001,7590.250000000001,7590.000000000001,7553.250000000001,stop,False,-629.5,612.5
2026-07-17,ESU6,breakout|vwap|2,1,18,19,30,7496.000000000001,7515.500000000001,7486.250000000001,7515.500000000001,target,False,970.5,487.5
2026-07-20,ESU6,breakout|vwap|2,-1,22,23,42,7530.750000000001,7511.750000000001,7540.250000000001,7511.750000000001,target,False,945.5,475.0
2026-07-21,ESU6,breakout|vwap|2,1,57,58,388,7531.250000000001,7547.000000000001,7518.750000000001,7556.250000000001,flatten,False,783.0,625.0
2026-07-22,ESU6,breakout|vwap|2,1,15,16,35,7541.250000000001,7555.250000000001,7534.250000000001,7555.250000000001,target,False,695.5,350.0
2026-07-23,ESU6,breakout|vwap|2,-1,81,82,388,7440.500000000001,7442.500000000001,7461.250000000001,7399.000000000001,flatten,False,-104.5,1037.5
2026-07-24,ESU6,breakout|vwap|2,1,19,20,20,7457.000000000001,7450.250000000001,7450.500000000001,7470.000000000001,stop,False,-342.0,325.0
2026-07-27,ESU6,breakout|vwap|2,-1,16,17,40,7490.750000000001,7469.250000000001,7501.500000000001,7469.250000000001,target,False,1070.5,537.5
2026-07-28,ESU6,breakout|vwap|2,-1,16,17,20,7421.750000000001,7436.750000000001,7436.500000000001,7392.250000000001,stop,False,-754.5,737.5
2026-07-29,ESU6,breakout|vwap|2,-1,20,21,40,7439.000000000001,7422.000000000001,7447.500000000001,7422.000000000001,target,False,845.5,425.0
2026-07-30,ESU6,breakout|vwap|2,1,15,16,58,7422.500000000001,7444.500000000001,7411.500000000001,7444.500000000001,target,False,1095.5,550.0
2026-07-31,ESU6,breakout|vwap|2,-1,17,18,37,7477.500000000001,7441.500000000001,7495.500000000001,7441.500000000001,target,False,1795.5,900.0
2025-12-01,ESZ5,breakout|vwap|3,1,17,18,55,6830.25,6822.0,6822.25,6854.25,stop,False,-417.0,400.0
2025-12-02,ESZ5,breakout|vwap|3,-1,24,25,28,6840.5,6847.5,6847.25,6820.25,stop,False,-354.5,337.5
2025-12-03,ESZ5,breakout|vwap|3,1,32,33,42,6842.75,6834.5,6834.75,6866.75,stop,False,-417.0,400.0
2025-12-04,ESZ5,breakout|vwap|3,-1,16,17,68,6858.5,6867.5,6867.25,6832.25,stop,False,-454.5,437.5
2025-12-05,ESZ5,breakout|vwap|3,1,19,20,105,6886.75,6880.25,6880.5,6905.5,stop,False,-329.5,312.5
2025-12-08,ESZ5,breakout|vwap|3,-1,39,40,91,6871.5,6850.5,6878.5,6850.5,target,False,1045.5,350.0
2025-12-09,ESZ5,breakout|vwap|3,1,20,21,79,6861.5,6854.5,6854.75,6881.75,stop,False,-354.5,337.5
2025-12-10,ESZ5,breakout|vwap|3,1,17,18,25,6850.75,6841.5,6841.75,6877.75,stop,False,-467.0,450.0
2025-12-11,ESZ5,breakout|vwap|3,-1,18,19,41,6858.0,6865.25,6865.0,6837.0,stop,False,-367.0,350.0
2025-12-12,ESZ5,breakout|vwap|3,-1,19,20,24,6888.0,6894.5,6894.25,6869.25,stop,False,-329.5,312.5
2025-12-15,ESH6,breakout|vwap|3,-1,15,16,54,6906.75,6872.25,6918.25,6872.25,target,False,1720.5,575.0
2025-12-16,ESH6,breakout|vwap|3,-1,15,16,17,6847.5,6859.75,6859.5,6811.5,stop,False,-617.0,600.0
2025-12-17,ESH6,breakout|vwap|3,-1,16,17,27,6844.0,6856.5,6856.25,6807.25,stop,False,-629.5,612.5
2025-12-18,ESH6,breakout|vwap|3,1,56,57,157,6852.75,6839.5,6839.75,6891.75,stop,False,-667.0,650.0
2025-12-19,ESH6,breakout|vwap|3,1,17,18,388,6877.0,6885.5,6861.75,6922.75,flatten,False,420.5,762.5
2025-12-22,ESH6,breakout|vwap|3,-1,66,67,73,6910.75,6919.0,6918.75,6886.75,stop,False,-417.0,400.0
2025-12-23,ESH6,breakout|vwap|3,1,15,16,32,6939.5,6929.25,6929.5,6969.5,stop,False,-517.0,500.0
2025-12-26,ESH6,breakout|vwap|3,-1,31,32,60,6977.75,6985.0,6984.75,6956.75,stop,False,-367.0,350.0
2025-12-29,ESH6,breakout|vwap|3,-1,39,40,60,6946.25,6956.75,6956.5,6915.5,stop,False,-529.5,512.5
2025-12-30,ESH6,breakout|vwap|3,-1,15,16,16,6944.75,6949.0,6948.75,6932.75,stop,False,-217.0,200.0
2025-12-31,ESH6,breakout|vwap|3,-1,15,16,25,6928.0,6937.25,6937.0,6901.0,stop,False,-467.0,450.0
2026-01-02,ESH6,breakout|vwap|3,1,20,21,40,6938.0,6927.25,6927.5,6969.5,stop,False,-542.0,525.0
2026-01-05,ESH6,breakout|vwap|3,1,15,16,17,6947.0,6940.25,6940.5,6966.5,stop,False,-342.0,325.0
2026-01-06,ESH6,breakout|vwap|3,1,15,16,28,6956.0,6969.5,6951.5,6969.5,target,False,670.5,225.0
2026-01-07,ESH6,breakout|vwap|3,1,16,17,21,6997.75,6992.0,6992.25,7014.25,stop,False,-292.0,275.0
2026-01-08,ESH6,breakout|vwap|3,1,37,38,126,6959.25,6950.25,6950.5,6985.5,stop,False,-454.5,437.5
2026-01-09,ESH6,breakout|vwap|3,-1,35,36,44,6967.75,6977.25,6977.0,6940.0,stop,False,-479.5,462.5
2026-01-12,ESH6,breakout|vwap|3,1,20,21,388,6997.5,7017.5,6984.0,7038.0,flatten,False,995.5,675.0
2026-01-13,ESH6,breakout|vwap|3,-1,18,19,51,7008.25,6989.5,7014.5,6989.5,target,False,933.0,312.5
2026-01-14,ESH6,breakout|vwap|3,-1,15,16,19,6954.25,6966.5,6966.25,6918.25,stop,False,-617.0,600.0
2026-01-15,ESH6,breakout|vwap|3,-1,21,22,24,6995.5,7001.75,7001.5,6977.5,stop,False,-317.0,300.0
2026-01-16,ESH6,breakout|vwap|3,-1,23,24,64,6988.25,6970.25,6994.25,6970.25,target,False,895.5,300.0
2026-01-20,ESH6,breakout|vwap|3,-1,38,39,48,6867.75,6877.5,6877.25,6839.25,stop,False,-492.0,475.0
2026-01-21,ESH6,breakout|vwap|3,1,17,18,63,6867.75,6894.75,6858.75,6894.75,target,False,1345.5,450.0
2026-01-22,ESH6,breakout|vwap|3,-1,16,17,102,6944.0,6953.5,6953.25,6916.25,stop,False,-479.5,462.5
2026-01-23,ESH6,breakout|vwap|3,1,29,30,204,6941.75,6933.75,6934.0,6965.0,stop,False,-404.5,387.5
2026-01-26,ESH6,breakout|vwap|3,1,15,16,388,6977.25,6981.0,6965.0,7014.0,flatten,False,183.0,612.5
2026-01-27,ESH6,breakout|vwap|3,1,19,20,74,6997.75,7010.5,6993.5,7010.5,target,False,633.0,212.5
2026-01-28,ESH6,breakout|vwap|3,1,15,16,17,7031.0,7026.5,7026.75,7043.75,stop,False,-229.5,212.5
2026-01-29,ESH6,breakout|vwap|3,-1,16,17,72,6976.25,6917.75,6995.75,6917.75,target,False,2920.5,975.0
2026-01-30,ESH6,breakout|vwap|3,1,41,42,53,6987.0,6974.5,6974.75,7023.75,stop,False,-629.5,612.5
2026-02-02,ESH6,breakout|vwap|3,1,16,17,388,6976.75,7004.75,6960.0,7027.0,flatten,False,1395.5,837.5
2026-02-03,ESH6,breakout|vwap|3,-1,25,26,54,6994.25,6962.0,7005.0,6962.0,target,False,1608.0,537.5
2026-02-04,ESH6,breakout|vwap|3,1,18,19,20,6959.25,6947.5,6947.75,6993.75,stop,False,-592.0,575.0
2026-02-05,ESH6,breakout|vwap|3,-1,36,37,141,6829.5,6853.0,6852.75,6759.75,stop,False,-1179.5,1162.5
2026-02-06,ESH6,breakout|vwap|3,1,15,16,46,6898.25,6874.25,6874.5,6969.5,stop,False,-1204.5,1187.5
2026-02-09,ESH6,breakout|vwap|3,1,36,37,388,6958.5,6985.5,6942.0,7008.0,flatten,False,1345.5,825.0
2026-02-10,ESH6,breakout|vwap|3,1,25,26,99,6997.75,6986.75,6987.0,7030.0,stop,False,-554.5,537.5
2026-02-11,ESH6,breakout|vwap|3,-1,20,21,41,6990.0,6960.0,7000.0,6960.0,target,False,1495.5,500.0
2026-02-12,ESH6,breakout|vwap|3,-1,15,16,67,6974.75,6953.75,6981.75,6953.75,target,False,1045.5,350.0
2026-02-13,ESH6,breakout|vwap|3,1,40,41,367,6860.75,6835.0,6835.25,6937.25,stop,False,-1292.0,1275.0
2026-02-17,ESH6,breakout|vwap|3,-1,17,18,99,6832.0,6846.25,6846.0,6790.0,stop,False,-717.0,700.0
2026-02-18,ESH6,breakout|vwap|3,1,25,26,327,6890.0,6876.0,6876.25,6931.25,stop,False,-704.5,687.5
2026-02-19,ESH6,breakout|vwap|3,1,22,23,60,6882.0,6870.25,6870.5,6916.5,stop,False,-592.0,575.0
2026-02-20,ESH6,breakout|vwap|3,1,30,31,388,6886.0,6920.75,6867.5,6941.5,flatten,False,1733.0,925.0
2026-02-23,ESH6,breakout|vwap|3,-1,15,16,76,6902.25,6863.25,6915.25,6863.25,target,False,1945.5,650.0
2026-02-24,ESH6,breakout|vwap|3,1,16,17,30,6874.75,6852.25,6852.5,6941.5,stop,False,-1129.5,1112.5
2026-02-25,ESH6,breakout|vwap|3,1,16,17,26,6945.5,6938.5,6938.75,6965.75,stop,False,-354.5,337.5
2026-02-26,ESH6,breakout|vwap|3,-1,18,19,46,6936.25,6899.5,6948.5,6899.5,target,False,1833.0,612.5
2026-02-27,ESH6,breakout|vwap|3,1,35,36,237,6868.75,6855.5,6855.75,6907.75,stop,False,-667.0,650.0
2026-03-02,ESH6,breakout|vwap|3,1,15,16,388,6849.75,6894.75,6827.5,6916.5,flatten,False,2245.5,1112.5
2026-03-03,ESH6,breakout|vwap|3,-1,18,19,103,6753.5,6773.75,6773.5,6693.5,stop,False,-1017.0,1000.0
2026-03-04,ESH6,breakout|vwap|3,-1,15,16,19,6821.25,6839.0,6838.75,6768.75,stop,False,-892.0,875.0
2026-03-05,ESH6,breakout|vwap|3,1,27,28,37,6867.5,6854.0,6854.25,6907.25,stop,False,-679.5,662.5
2026-03-06,ESH6,breakout|vwap|3,-1,28,29,30,6718.75,6737.5,6737.25,6663.25,stop,False,-942.0,925.0
2026-03-09,ESH6,breakout|vwap|3,-1,15,16,33,6652.25,6672.5,6672.25,6592.25,stop,False,-1017.0,1000.0
2026-03-10,ESH6,breakout|vwap|3,-1,28,29,51,6773.5,6789.0,6788.75,6727.75,stop,False,-779.5,762.5
2026-03-11,ESH6,breakout|vwap|3,-1,17,18,23,6785.75,6792.75,6792.5,6765.5,stop,False,-354.5,337.5
2026-03-12,ESH6,breakout|vwap|3,-1,15,16,20,6711.5,6720.75,6720.5,6684.5,stop,False,-467.0,450.0
2026-03-13,ESH6,breakout|vwap|3,1,15,16,27,6735.0,6719.5,6719.75,6780.75,stop,False,-779.5,762.5
2026-03-16,ESM6,breakout|vwap|3,1,15,16,19,6769.0,6758.25,6758.5,6800.5,stop,False,-542.0,525.0
2026-03-17,ESM6,breakout|vwap|3,1,16,17,32,6808.0,6797.25,6797.5,6839.5,stop,False,-542.0,525.0
2026-03-18,ESM6,breakout|vwap|3,1,16,17,21,6759.25,6750.5,6750.75,6784.75,stop,False,-442.0,425.0
2026-03-19,ESM6,breakout|vwap|3,1,19,20,54,6640.0,6627.0,6627.25,6678.25,stop,False,-654.5,637.5
2026-03-20,ESM6,breakout|vwap|3,-1,20,21,84,6619.25,6588.5,6629.5,6588.5,target,False,1533.0,512.5
2026-03-23,ESM6,breakout|vwap|3,1,22,23,137,6676.75,6658.5,6658.75,6730.75,stop,False,-917.0,900.0
2026-03-24,ESM6,breakout|vwap|3,1,37,38,43,6608.0,6591.5,6591.75,6656.75,stop,False,-829.5,812.5
2026-03-25,ESM6,breakout|vwap|3,-1,17,18,106,6659.75,6623.75,6671.75,6623.75,target,False,1795.5,600.0
2026-03-26,ESM6,breakout|vwap|3,1,15,16,79,6607.25,6595.0,6595.25,6643.25,stop,False,-617.0,600.0
2026-03-27,ESM6,breakout|vwap|3,-1,25,26,96,6464.25,6479.25,6479.0,6420.0,stop,False,-754.5,737.5
2026-03-30,ESM6,breakout|vwap|3,-1,16,17,91,6431.0,6449.5,6449.25,6376.25,stop,False,-929.5,912.5
2026-03-31,ESM6,breakout|vwap|3,1,16,17,78,6474.25,6462.75,6463.0,6508.0,stop,False,-579.5,562.5
2026-04-01,ESM6,breakout|vwap|3,-1,17,18,23,6599.5,6613.5,6613.25,6558.25,stop,False,-704.5,687.5
2026-04-02,ESM6,breakout|vwap|3,1,21,22,62,6540.25,6577.0,6528.0,6577.0,target,False,1833.0,612.5
2026-04-06,ESM6,breakout|vwap|3,1,27,28,34,6643.25,6630.75,6631.0,6680.0,stop,False,-629.5,612.5
2026-04-07,ESM6,breakout|vwap|3,-1,17,18,25,6607.0,6621.25,6621.0,6565.0,stop,False,-717.0,700.0
2026-04-08,ESM6,breakout|vwap|3,-1,21,22,153,6809.25,6821.25,6821.0,6774.0,stop,False,-604.5,587.5
2026-04-09,ESM6,breakout|vwap|3,-1,46,47,81,6808.0,6814.75,6814.5,6788.5,stop,False,-342.0,325.0
2026-04-10,ESM6,breakout|vwap|3,-1,20,21,43,6864.25,6872.0,6871.75,6841.75,stop,False,-392.0,375.0
2026-04-13,ESM6,breakout|vwap|3,1,19,20,22,6849.25,6842.25,6842.5,6869.5,stop,False,-354.5,337.5
2026-04-14,ESM6,breakout|vwap|3,1,36,37,176,6962.0,6998.0,6950.0,6998.0,target,False,1795.5,600.0
2026-04-15,ESM6,breakout|vwap|3,1,52,53,321,7025.75,7057.25,7015.25,7057.25,target,False,1570.5,525.0
2026-04-16,ESM6,breakout|vwap|3,-1,21,22,93,7060.75,7067.0,7066.75,7042.75,stop,False,-317.0,300.0
2026-04-17,ESM6,breakout|vwap|3,1,21,22,63,7136.5,7161.25,7128.25,7161.25,target,False,1233.0,412.5
2026-04-20,ESM6,breakout|vwap|3,1,25,26,41,7156.25,7149.75,7150.0,7175.0,stop,False,-329.5,312.5
2026-04-21,ESM6,breakout|vwap|3,1,22,23,70,7165.5,7156.75,7157.0,7191.0,stop,False,-442.0,425.0
2026-04-22,ESM6,breakout|vwap|3,1,29,30,36,7153.0,7147.0,7147.25,7170.25,stop,False,-304.5,287.5
2026-04-23,ESM6,breakout|vwap|3,1,16,17,30,7165.5,7158.25,7158.5,7186.5,stop,False,-367.0,350.0
2026-04-24,ESM6,breakout|vwap|3,-1,24,25,39,7150.0,7158.25,7158.0,7126.0,stop,False,-417.0,400.0
2026-04-27,ESM6,breakout|vwap|3,-1,108,109,156,7182.75,7190.75,7190.5,7159.5,stop,False,-404.5,387.5
2026-04-28,ESM6,breakout|vwap|3,-1,65,66,293,7159.5,7170.5,7170.25,7127.25,stop,False,-554.5,537.5
2026-04-29,ESM6,breakout|vwap|3,-1,15,16,20,7150.5,7157.0,7156.75,7131.75,stop,False,-329.5,312.5
2026-04-30,ESM6,breakout|vwap|3,-1,25,26,76,7165.0,7182.25,7182.0,7114.0,stop,False,-867.0,850.0
2026-05-01,ESM6,breakout|vwap|3,1,20,21,183,7278.75,7269.0,7269.25,7307.25,stop,False,-492.0,475.0
2026-05-04,ESM6,breakout|vwap|3,1,17,18,38,7253.75,7248.0,7248.25,7270.25,stop,False,-292.0,275.0
2026-05-05,ESM6,breakout|vwap|3,1,15,16,46,7274.25,7269.0,7269.25,7289.25,stop,False,-267.0,250.0
2026-05-06,ESM6,breakout|vwap|3,1,24,25,37,7346.250000000001,7337.000000000001,7337.250000000001,7373.250000000001,stop,False,-467.0,450.0
2026-05-07,ESM6,breakout|vwap|3,-1,15,16,34,7388.000000000001,7393.500000000001,7393.250000000001,7372.250000000001,stop,False,-279.5,262.5
2026-05-08,ESM6,breakout|vwap|3,1,15,16,51,7403.750000000001,7418.000000000001,7399.000000000001,7418.000000000001,target,False,708.0,237.5
2026-05-11,ESM6,breakout|vwap|3,1,15,16,61,7433.250000000001,7423.250000000001,7423.500000000001,7462.500000000001,stop,False,-504.5,487.5
2026-05-12,ESM6,breakout|vwap|3,-1,21,22,23,7399.500000000001,7408.500000000001,7408.250000000001,7373.250000000001,stop,False,-454.5,437.5
2026-05-13,ESM6,breakout|vwap|3,-1,16,17,32,7407.750000000001,7418.000000000001,7417.750000000001,7377.750000000001,stop,False,-517.0,500.0
2026-05-14,ESM6,breakout|vwap|3,1,17,18,29,7500.750000000001,7490.000000000001,7490.250000000001,7532.250000000001,stop,False,-542.0,525.0
2026-05-15,ESM6,breakout|vwap|3,-1,15,16,24,7424.250000000001,7442.000000000001,7441.750000000001,7371.750000000001,stop,False,-892.0,875.0
2026-05-18,ESM6,breakout|vwap|3,1,22,23,32,7442.750000000001,7431.750000000001,7432.000000000001,7475.000000000001,stop,False,-554.5,537.5
2026-05-19,ESM6,breakout|vwap|3,-1,16,17,17,7370.000000000001,7381.500000000001,7381.250000000001,7336.250000000001,stop,False,-579.5,562.5
2026-05-20,ESM6,breakout|vwap|3,1,15,16,21,7403.000000000001,7393.000000000001,7393.250000000001,7432.250000000001,stop,False,-504.5,487.5
2026-05-21,ESM6,breakout|vwap|3,1,22,23,46,7428.500000000001,7421.500000000001,7421.750000000001,7448.750000000001,stop,False,-354.5,337.5
2026-05-22,ESM6,breakout|vwap|3,-1,36,37,95,7490.750000000001,7503.750000000001,7503.500000000001,7452.500000000001,stop,False,-654.5,637.5
2026-05-26,ESM6,breakout|vwap|3,1,15,16,21,7543.000000000001,7534.750000000001,7535.000000000001,7567.000000000001,stop,False,-417.0,400.0
2026-05-27,ESM6,breakout|vwap|3,-1,109,110,122,7524.250000000001,7535.000000000001,7534.750000000001,7492.750000000001,stop,False,-542.0,525.0
2026-05-28,ESM6,breakout|vwap|3,1,30,31,34,7540.000000000001,7533.750000000001,7534.000000000001,7558.000000000001,stop,False,-317.0,300.0
2026-05-29,ESM6,breakout|vwap|3,1,15,16,49,7606.250000000001,7596.250000000001,7596.500000000001,7635.500000000001,stop,False,-504.5,487.5
2026-06-02,ESM6,breakout|vwap|3,1,34,35,80,7605.750000000001,7620.750000000001,7600.750000000001,7620.750000000001,target,False,745.5,250.0
2026-06-03,ESM6,breakout|vwap|3,-1,15,16,388,7590.000000000001,7575.500000000001,7601.500000000001,7555.500000000001,flatten,False,720.5,575.0
2026-06-04,ESM6,breakout|vwap|3,1,28,29,34,7563.500000000001,7553.250000000001,7553.500000000001,7593.500000000001,stop,False,-517.0,500.0
2026-06-05,ESM6,breakout|vwap|3,-1,15,16,155,7524.000000000001,7484.250000000001,7537.250000000001,7484.250000000001,target,False,1983.0,662.5
2026-06-08,ESM6,breakout|vwap|3,-1,27,28,56,7436.250000000001,7452.250000000001,7452.000000000001,7389.000000000001,stop,False,-804.5,787.5
2026-06-09,ESM6,breakout|vwap|3,1,15,16,27,7478.750000000001,7468.000000000001,7468.250000000001,7510.250000000001,stop,False,-542.0,525.0
2026-06-10,ESM6,breakout|vwap|3,1,18,19,82,7388.000000000001,7364.000000000001,7364.250000000001,7459.250000000001,stop,False,-1204.5,1187.5
2026-06-11,ESM6,breakout|vwap|3,1,16,17,41,7315.500000000001,7301.000000000001,7301.250000000001,7358.250000000001,stop,False,-729.5,712.5
2026-06-12,ESM6,breakout|vwap|3,-1,15,16,30,7368.750000000001,7394.500000000001,7394.250000000001,7292.250000000001,stop,False,-1292.0,1275.0
2026-06-15,ESU6,breakout|vwap|3,1,18,19,39,7618.750000000001,7609.750000000001,7610.000000000001,7645.000000000001,stop,False,-454.5,437.5
2026-06-16,ESU6,breakout|vwap|3,-1,29,30,34,7622.500000000001,7629.000000000001,7628.750000000001,7603.750000000001,stop,False,-329.5,312.5
2026-06-17,ESU6,breakout|vwap|3,-1,29,30,34,7581.000000000001,7588.750000000001,7588.500000000001,7558.500000000001,stop,False,-392.0,375.0
2026-06-22,ESU6,breakout|vwap|3,-1,57,58,388,7563.750000000001,7540.000000000001,7576.500000000001,7525.500000000001,flatten,False,1183.0,637.5
2026-06-23,ESU6,breakout|vwap|3,1,17,18,115,7454.500000000001,7438.250000000001,7438.500000000001,7502.500000000001,stop,False,-817.0,800.0
2026-06-24,ESU6,breakout|vwap|3,1,21,22,28,7469.000000000001,7453.750000000001,7454.000000000001,7514.000000000001,stop,False,-767.0,750.0
2026-06-25,ESU6,breakout|vwap|3,-1,15,16,50,7429.000000000001,7456.500000000001,7456.250000000001,7347.250000000001,stop,False,-1379.5,1362.5
2026-06-26,ESU6,breakout|vwap|3,1,26,27,120,7399.750000000001,7442.500000000001,7385.500000000001,7442.500000000001,target,False,2133.0,712.5
2026-06-29,ESU6,breakout|vwap|3,1,15,16,25,7488.000000000001,7468.250000000001,7468.500000000001,7546.500000000001,stop,False,-992.0,975.0
2026-06-30,ESU6,breakout|vwap|3,1,21,22,62,7516.750000000001,7539.250000000001,7509.250000000001,7539.250000000001,target,False,1120.5,375.0
2026-07-01,ESU6,breakout|vwap|3,1,29,30,388,7537.000000000001,7539.250000000001,7522.750000000001,7579.750000000001,flatten,False,108.0,712.5
2026-07-02,ESU6,breakout|vwap|3,1,17,18,57,7584.250000000001,7568.000000000001,7568.250000000001,7632.250000000001,stop,False,-817.0,800.0
2026-07-06,ESU6,breakout|vwap|3,1,47,48,388,7573.250000000001,7591.750000000001,7563.000000000001,7604.000000000001,flatten,False,920.5,512.5
2026-07-07,ESU6,breakout|vwap|3,-1,23,24,55,7568.000000000001,7540.250000000001,7577.250000000001,7540.250000000001,target,False,1383.0,462.5
2026-07-08,ESU6,breakout|vwap|3,1,16,17,19,7524.000000000001,7513.000000000001,7513.250000000001,7556.250000000001,stop,False,-554.5,537.5
2026-07-09,ESU6,breakout|vwap|3,1,15,16,42,7561.250000000001,7546.500000000001,7546.750000000001,7604.750000000001,stop,False,-742.0,725.0
2026-07-10,ESU6,breakout|vwap|3,1,32,33,37,7605.750000000001,7598.250000000001,7598.500000000001,7627.500000000001,stop,False,-379.5,362.5
2026-07-13,ESU6,breakout|vwap|3,-1,21,22,24,7591.000000000001,7599.000000000001,7598.750000000001,7567.750000000001,stop,False,-404.5,387.5
2026-07-14,ESU6,breakout|vwap|3,1,15,16,17,7587.000000000001,7576.000000000001,7576.250000000001,7619.250000000001,stop,False,-554.5,537.5
2026-07-15,ESU6,breakout|vwap|3,-1,15,16,28,7609.500000000001,7617.000000000001,7616.750000000001,7587.750000000001,stop,False,-379.5,362.5
2026-07-16,ESU6,breakout|vwap|3,-1,18,19,22,7577.750000000001,7590.250000000001,7590.000000000001,7541.000000000001,stop,False,-629.5,612.5
2026-07-17,ESU6,breakout|vwap|3,1,18,19,35,7496.000000000001,7525.250000000001,7486.250000000001,7525.250000000001,target,False,1458.0,487.5
2026-07-20,ESU6,breakout|vwap|3,-1,22,23,88,7530.750000000001,7502.250000000001,7540.250000000001,7502.250000000001,target,False,1420.5,475.0
2026-07-21,ESU6,breakout|vwap|3,1,57,58,388,7531.250000000001,7547.000000000001,7518.750000000001,7568.750000000001,flatten,False,783.0,625.0
2026-07-22,ESU6,breakout|vwap|3,1,15,16,56,7541.250000000001,7534.000000000001,7534.250000000001,7562.250000000001,stop,False,-367.0,350.0
2026-07-23,ESU6,breakout|vwap|3,-1,81,82,388,7440.500000000001,7442.500000000001,7461.250000000001,7378.250000000001,flatten,False,-104.5,1037.5
2026-07-24,ESU6,breakout|vwap|3,1,19,20,20,7457.000000000001,7450.250000000001,7450.500000000001,7476.500000000001,stop,False,-342.0,325.0
2026-07-27,ESU6,breakout|vwap|3,-1,16,17,53,7490.750000000001,7458.500000000001,7501.500000000001,7458.500000000001,target,False,1608.0,537.5
2026-07-28,ESU6,breakout|vwap|3,-1,16,17,20,7421.750000000001,7436.750000000001,7436.500000000001,7377.500000000001,stop,False,-754.5,737.5
2026-07-29,ESU6,breakout|vwap|3,-1,20,21,42,7439.000000000001,7413.500000000001,7447.500000000001,7413.500000000001,target,False,1270.5,425.0
2026-07-30,ESU6,breakout|vwap|3,1,15,16,85,7422.500000000001,7411.250000000001,7411.500000000001,7455.500000000001,stop,False,-567.0,550.0
2026-07-31,ESU6,breakout|vwap|3,-1,17,18,174,7477.500000000001,7495.750000000001,7495.500000000001,7423.500000000001,stop,False,-917.0,900.0
2025-12-01,ESZ5,breakout|flow|2,1,17,18,55,6830.25,6822.0,6822.25,6846.25,stop,False,-417.0,400.0
2025-12-02,ESZ5,breakout|flow|2,-1,24,25,28,6840.5,6847.5,6847.25,6827.0,stop,False,-354.5,337.5
2025-12-03,ESZ5,breakout|flow|2,1,32,33,42,6842.75,6834.5,6834.75,6858.75,stop,False,-417.0,400.0
2025-12-04,ESZ5,breakout|flow|2,-1,16,17,68,6858.5,6867.5,6867.25,6841.0,stop,False,-454.5,437.5
2025-12-05,ESZ5,breakout|flow|2,1,19,20,35,6886.75,6899.25,6880.5,6899.25,target,False,620.5,312.5
2025-12-08,ESZ5,breakout|flow|2,-1,39,40,85,6871.5,6857.5,6878.5,6857.5,target,False,695.5,350.0
2025-12-09,ESZ5,breakout|flow|2,1,20,21,79,6861.5,6854.5,6854.75,6875.0,stop,False,-354.5,337.5
2025-12-10,ESZ5,breakout|flow|2,1,17,18,25,6850.75,6841.5,6841.75,6868.75,stop,False,-467.0,450.0
2025-12-11,ESZ5,breakout|flow|2,-1,18,19,24,6858.0,6844.0,6865.0,6844.0,target,False,695.5,350.0
2025-12-12,ESZ5,breakout|flow|2,-1,19,20,24,6888.0,6894.5,6894.25,6875.5,stop,False,-329.5,312.5
2025-12-15,ESH6,breakout|flow|2,-1,15,16,43,6906.75,6883.75,6918.25,6883.75,target,False,1145.5,575.0
2025-12-16,ESH6,breakout|flow|2,-1,15,16,17,6847.5,6859.75,6859.5,6823.5,stop,False,-617.0,600.0
2025-12-17,ESH6,breakout|flow|2,-1,16,17,27,6844.0,6856.5,6856.25,6819.5,stop,False,-629.5,612.5
2025-12-18,ESH6,breakout|flow|2,1,56,57,157,6852.75,6839.5,6839.75,6878.75,stop,False,-667.0,650.0
2025-12-19,ESH6,breakout|flow|2,1,17,18,388,6877.0,6885.5,6861.75,6907.5,flatten,False,420.5,762.5
2025-12-22,ESH6,breakout|flow|2,-1,66,67,73,6910.75,6919.0,6918.75,6894.75,stop,False,-417.0,400.0
2025-12-23,ESH6,breakout|flow|2,1,15,16,32,6939.5,6929.25,6929.5,6959.5,stop,False,-517.0,500.0
2025-12-26,ESH6,breakout|flow|2,-1,31,32,60,6977.75,6985.0,6984.75,6963.75,stop,False,-367.0,350.0
2025-12-29,ESH6,breakout|flow|2,-1,39,40,60,6946.25,6956.75,6956.5,6925.75,stop,False,-529.5,512.5
2025-12-30,ESH6,breakout|flow|2,-1,15,16,16,6944.75,6949.0,6948.75,6936.75,stop,False,-217.0,200.0
2025-12-31,ESH6,breakout|flow|2,-1,15,16,25,6928.0,6937.25,6937.0,6910.0,stop,False,-467.0,450.0
2026-01-02,ESH6,breakout|flow|2,1,20,21,40,6938.0,6927.25,6927.5,6959.0,stop,False,-542.0,525.0
2026-01-05,ESH6,breakout|flow|2,1,15,16,17,6947.0,6940.25,6940.5,6960.0,stop,False,-342.0,325.0
2026-01-06,ESH6,breakout|flow|2,1,15,16,21,6956.0,6965.0,6951.5,6965.0,target,False,445.5,225.0
2026-01-07,ESH6,breakout|flow|2,1,16,17,21,6997.75,6992.0,6992.25,7008.75,stop,False,-292.0,275.0
2026-01-08,ESH6,breakout|flow|2,1,37,38,126,6959.25,6950.25,6950.5,6976.75,stop,False,-454.5,437.5
2026-01-09,ESH6,breakout|flow|2,-1,35,36,44,6967.75,6977.25,6977.0,6949.25,stop,False,-479.5,462.5
2026-01-12,ESH6,breakout|flow|2,1,20,21,331,6997.5,7024.5,6984.0,7024.5,target,False,1345.5,675.0
2026-01-13,ESH6,breakout|flow|2,-1,18,19,33,7008.25,6995.75,7014.5,6995.75,target,False,620.5,312.5
2026-01-14,ESH6,breakout|flow|2,-1,15,16,19,6954.25,6966.5,6966.25,6930.25,stop,False,-617.0,600.0
2026-01-15,ESH6,breakout|flow|2,-1,21,22,24,6995.5,7001.75,7001.5,6983.5,stop,False,-317.0,300.0
2026-01-16,ESH6,breakout|flow|2,-1,23,24,31,6988.25,6976.25,6994.25,6976.25,target,False,595.5,300.0
2026-01-20,ESH6,breakout|flow|2,1,62,63,81,6900.0,6890.25,6890.5,6919.0,stop,False,-492.0,475.0
2026-01-21,ESH6,breakout|flow|2,1,17,18,46,6867.75,6885.75,6858.75,6885.75,target,False,895.5,450.0
2026-01-22,ESH6,breakout|flow|2,-1,17,18,77,6942.5,6952.0,6951.75,6924.0,stop,False,-479.5,462.5
2026-01-23,ESH6,breakout|flow|2,1,29,30,79,6941.75,6957.25,6934.0,6957.25,target,False,770.5,387.5
2026-01-26,ESH6,breakout|flow|2,1,15,16,388,6977.25,6981.0,6965.0,7001.75,flatten,False,183.0,612.5
2026-01-27,ESH6,breakout|flow|2,1,19,20,23,6997.75,7006.25,6993.5,7006.25,target,False,420.5,212.5
2026-01-28,ESH6,breakout|flow|2,-1,36,37,72,7020.5,7012.0,7024.75,7012.0,target,False,420.5,212.5
2026-01-29,ESH6,breakout|flow|2,-1,16,17,60,6976.25,6937.25,6995.75,6937.25,target,False,1945.5,975.0
2026-01-30,ESH6,breakout|flow|2,1,41,42,53,6987.0,6974.5,6974.75,7011.5,stop,False,-629.5,612.5
2026-02-02,ESH6,breakout|flow|2,1,16,17,151,6976.75,7010.25,6960.0,7010.25,target,False,1670.5,837.5
2026-02-03,ESH6,breakout|flow|2,-1,25,26,31,6994.25,6972.75,7005.0,6972.75,target,False,1070.5,537.5
2026-02-04,ESH6,breakout|flow|2,-1,27,28,53,6933.0,6944.75,6944.5,6910.0,stop,False,-592.0,575.0
2026-02-05,ESH6,breakout|flow|2,-1,42,43,118,6817.25,6840.75,6840.5,6770.75,stop,False,-1179.5,1162.5
2026-02-06,ESH6,breakout|flow|2,1,15,16,46,6898.25,6874.25,6874.5,6945.75,stop,False,-1204.5,1187.5
2026-02-09,ESH6,breakout|flow|2,1,36,37,134,6958.5,6991.5,6942.0,6991.5,target,False,1645.5,825.0
2026-02-10,ESH6,breakout|flow|2,1,25,26,99,6997.75,6986.75,6987.0,7019.25,stop,False,-554.5,537.5
2026-02-11,ESH6,breakout|flow|2,-1,20,21,39,6990.0,6970.0,7000.0,6970.0,target,False,995.5,500.0
2026-02-12,ESH6,breakout|flow|2,-1,15,16,39,6974.75,6960.75,6981.75,6960.75,target,False,695.5,350.0
2026-02-13,ESH6,breakout|flow|2,1,57,58,364,6862.25,6836.5,6836.75,6913.25,stop,False,-1292.0,1275.0
2026-02-17,ESH6,breakout|flow|2,-1,17,18,26,6832.0,6804.0,6846.0,6804.0,target,False,1395.5,700.0
2026-02-18,ESH6,breakout|flow|2,1,25,26,46,6890.0,6917.5,6876.25,6917.5,target,False,1370.5,687.5
2026-02-19,ESH6,breakout|flow|2,1,22,23,60,6882.0,6870.25,6870.5,6905.0,stop,False,-592.0,575.0
2026-02-20,ESH6,breakout|flow|2,1,30,31,31,6886.0,6923.0,6867.5,6923.0,target,False,1845.5,925.0
2026-02-23,ESH6,breakout|flow|2,-1,19,20,21,6898.25,6911.5,6911.25,6872.25,stop,False,-667.0,650.0
2026-02-24,ESH6,breakout|flow|2,1,16,17,30,6874.75,6852.25,6852.5,6919.25,stop,False,-1129.5,1112.5
2026-02-25,ESH6,breakout|flow|2,1,16,17,26,6945.5,6938.5,6938.75,6959.0,stop,False,-354.5,337.5
2026-02-26,ESH6,breakout|flow|2,-1,18,19,45,6936.25,6911.75,6948.5,6911.75,target,False,1220.5,612.5
2026-02-27,ESH6,breakout|flow|2,1,35,36,237,6868.75,6855.5,6855.75,6894.75,stop,False,-667.0,650.0
2026-03-02,ESH6,breakout|flow|2,1,15,16,138,6849.75,6894.25,6827.5,6894.25,target,False,2220.5,1112.5
2026-03-03,ESH6,breakout|flow|2,-1,19,20,96,6747.0,6767.25,6767.0,6707.0,stop,False,-1017.0,1000.0
2026-03-04,ESH6,breakout|flow|2,1,43,44,388,6860.0,6880.0,6842.5,6895.0,flatten,False,995.5,875.0
2026-03-05,ESH6,breakout|flow|2,1,27,28,37,6867.5,6854.0,6854.25,6894.0,stop,False,-679.5,662.5
2026-03-06,ESH6,breakout|flow|2,1,60,61,82,6762.0,6743.25,6743.5,6799.0,stop,False,-942.0,925.0
2026-03-09,ESH6,breakout|flow|2,-1,15,16,33,6652.25,6672.5,6672.25,6612.25,stop,False,-1017.0,1000.0
2026-03-10,ESH6,breakout|flow|2,-1,30,31,35,6768.5,6784.0,6783.75,6738.0,stop,False,-779.5,762.5
2026-03-11,ESH6,breakout|flow|2,-1,17,18,23,6785.75,6792.75,6792.5,6772.25,stop,False,-354.5,337.5
2026-03-12,ESH6,breakout|flow|2,-1,15,16,20,6711.5,6720.75,6720.5,6693.5,stop,False,-467.0,450.0
2026-03-13,ESH6,breakout|flow|2,1,15,16,27,6735.0,6719.5,6719.75,6765.5,stop,False,-779.5,762.5
2026-03-16,ESM6,breakout|flow|2,1,15,16,19,6769.0,6758.25,6758.5,6790.0,stop,False,-542.0,525.0
2026-03-17,ESM6,breakout|flow|2,1,16,17,32,6808.0,6797.25,6797.5,6829.0,stop,False,-542.0,525.0
2026-03-18,ESM6,breakout|flow|2,1,16,17,21,6759.25,6750.5,6750.75,6776.25,stop,False,-442.0,425.0
2026-03-19,ESM6,breakout|flow|2,1,19,20,54,6640.0,6627.0,6627.25,6665.5,stop,False,-654.5,637.5
2026-03-20,ESM6,breakout|flow|2,-1,20,21,41,6619.25,6598.75,6629.5,6598.75,target,False,1020.5,512.5
2026-03-23,ESM6,breakout|flow|2,1,22,23,137,6676.75,6658.5,6658.75,6712.75,stop,False,-917.0,900.0
2026-03-24,ESM6,breakout|flow|2,1,37,38,43,6608.0,6591.5,6591.75,6640.5,stop,False,-829.5,812.5
2026-03-25,ESM6,breakout|flow|2,-1,17,18,30,6659.75,6635.75,6671.75,6635.75,target,False,1195.5,600.0
2026-03-26,ESM6,breakout|flow|2,1,15,16,79,6607.25,6595.0,6595.25,6631.25,stop,False,-617.0,600.0
2026-03-27,ESM6,breakout|flow|2,-1,25,26,96,6464.25,6479.25,6479.0,6434.75,stop,False,-754.5,737.5
2026-03-30,ESM6,breakout|flow|2,-1,16,17,91,6431.0,6449.5,6449.25,6394.5,stop,False,-929.5,912.5
2026-03-31,ESM6,breakout|flow|2,1,16,17,30,6474.25,6496.75,6463.0,6496.75,target,False,1120.5,562.5
2026-04-01,ESM6,breakout|flow|2,-1,17,18,23,6599.5,6613.5,6613.25,6572.0,stop,False,-704.5,687.5
2026-04-02,ESM6,breakout|flow|2,1,21,22,30,6540.25,6564.75,6528.0,6564.75,target,False,1220.5,612.5
2026-04-06,ESM6,breakout|flow|2,1,27,28,34,6643.25,6630.75,6631.0,6667.75,stop,False,-629.5,612.5
2026-04-07,ESM6,breakout|flow|2,-1,17,18,25,6607.0,6621.25,6621.0,6579.0,stop,False,-717.0,700.0
2026-04-08,ESM6,breakout|flow|2,-1,21,22,86,6809.25,6785.75,6821.0,6785.75,target,False,1170.5,587.5
2026-04-09,ESM6,breakout|flow|2,-1,46,47,81,6808.0,6814.75,6814.5,6795.0,stop,False,-342.0,325.0
2026-04-10,ESM6,breakout|flow|2,-1,20,21,43,6864.25,6872.0,6871.75,6849.25,stop,False,-392.0,375.0
2026-04-13,ESM6,breakout|flow|2,1,19,20,22,6849.25,6842.25,6842.5,6862.75,stop,False,-354.5,337.5
2026-04-14,ESM6,breakout|flow|2,1,36,37,116,6962.0,6986.0,6950.0,6986.0,target,False,1195.5,600.0
2026-04-15,ESM6,breakout|flow|2,1,52,53,272,7025.75,7046.75,7015.25,7046.75,target,False,1045.5,525.0
2026-04-16,ESM6,breakout|flow|2,-1,21,22,24,7060.75,7048.75,7066.75,7048.75,target,False,595.5,300.0
2026-04-17,ESM6,breakout|flow|2,1,21,22,40,7136.5,7153.0,7128.25,7153.0,target,False,820.5,412.5
2026-04-20,ESM6,breakout|flow|2,1,25,26,41,7156.25,7149.75,7150.0,7168.75,stop,False,-329.5,312.5
2026-04-21,ESM6,breakout|flow|2,1,22,23,70,7165.5,7156.75,7157.0,7182.5,stop,False,-442.0,425.0
2026-04-22,ESM6,breakout|flow|2,1,29,30,36,7153.0,7147.0,7147.25,7164.5,stop,False,-304.5,287.5
2026-04-23,ESM6,breakout|flow|2,1,16,17,30,7165.5,7158.25,7158.5,7179.5,stop,False,-367.0,350.0
2026-04-24,ESM6,breakout|flow|2,-1,24,25,39,7150.0,7158.25,7158.0,7134.0,stop,False,-417.0,400.0
2026-04-27,ESM6,breakout|flow|2,-1,108,109,156,7182.75,7190.75,7190.5,7167.25,stop,False,-404.5,387.5
2026-04-28,ESM6,breakout|flow|2,-1,65,66,293,7159.5,7170.5,7170.25,7138.0,stop,False,-554.5,537.5
2026-04-29,ESM6,breakout|flow|2,-1,15,16,20,7150.5,7157.0,7156.75,7138.0,stop,False,-329.5,312.5
2026-04-30,ESM6,breakout|flow|2,-1,25,26,76,7165.0,7182.25,7182.0,7131.0,stop,False,-867.0,850.0
2026-05-01,ESM6,breakout|flow|2,1,20,21,33,7278.75,7297.75,7269.25,7297.75,target,False,945.5,475.0
2026-05-04,ESM6,breakout|flow|2,1,17,18,38,7253.75,7248.0,7248.25,7264.75,stop,False,-292.0,275.0
2026-05-05,ESM6,breakout|flow|2,1,15,16,46,7274.25,7269.0,7269.25,7284.25,stop,False,-267.0,250.0
2026-05-06,ESM6,breakout|flow|2,1,24,25,37,7346.250000000001,7337.000000000001,7337.250000000001,7364.250000000001,stop,False,-467.0,450.0
2026-05-07,ESM6,breakout|flow|2,-1,15,16,34,7388.000000000001,7393.500000000001,7393.250000000001,7377.500000000001,stop,False,-279.5,262.5
2026-05-08,ESM6,breakout|flow|2,1,15,16,29,7403.750000000001,7413.250000000001,7399.000000000001,7413.250000000001,target,False,470.5,237.5
2026-05-11,ESM6,breakout|flow|2,1,15,16,61,7433.250000000001,7423.250000000001,7423.500000000001,7452.750000000001,stop,False,-504.5,487.5
2026-05-12,ESM6,breakout|flow|2,-1,21,22,23,7399.500000000001,7408.500000000001,7408.250000000001,7382.000000000001,stop,False,-454.5,437.5
2026-05-13,ESM6,breakout|flow|2,-1,16,17,32,7407.750000000001,7418.000000000001,7417.750000000001,7387.750000000001,stop,False,-517.0,500.0
2026-05-14,ESM6,breakout|flow|2,1,17,18,29,7500.750000000001,7490.000000000001,7490.250000000001,7521.750000000001,stop,False,-542.0,525.0
2026-05-15,ESM6,breakout|flow|2,-1,15,16,24,7424.250000000001,7442.000000000001,7441.750000000001,7389.250000000001,stop,False,-892.0,875.0
2026-05-18,ESM6,breakout|flow|2,1,23,24,32,7444.250000000001,7433.250000000001,7433.500000000001,7465.750000000001,stop,False,-554.5,537.5
2026-05-19,ESM6,breakout|flow|2,-1,16,17,17,7370.000000000001,7381.500000000001,7381.250000000001,7347.500000000001,stop,False,-579.5,562.5
2026-05-20,ESM6,breakout|flow|2,1,15,16,21,7403.000000000001,7393.000000000001,7393.250000000001,7422.500000000001,stop,False,-504.5,487.5
2026-05-21,ESM6,breakout|flow|2,1,22,23,32,7428.500000000001,7442.000000000001,7421.750000000001,7442.000000000001,target,False,670.5,337.5
2026-05-22,ESM6,breakout|flow|2,-1,36,37,95,7490.750000000001,7503.750000000001,7503.500000000001,7465.250000000001,stop,False,-654.5,637.5
2026-05-26,ESM6,breakout|flow|2,1,15,16,21,7543.000000000001,7534.750000000001,7535.000000000001,7559.000000000001,stop,False,-417.0,400.0
2026-05-27,ESM6,breakout|flow|2,-1,109,110,122,7524.250000000001,7535.000000000001,7534.750000000001,7503.250000000001,stop,False,-542.0,525.0
2026-05-28,ESM6,breakout|flow|2,1,30,31,34,7540.000000000001,7533.750000000001,7534.000000000001,7552.000000000001,stop,False,-317.0,300.0
2026-05-29,ESM6,breakout|flow|2,1,17,18,47,7608.000000000001,7598.000000000001,7598.250000000001,7627.500000000001,stop,False,-504.5,487.5
2026-06-02,ESM6,breakout|flow|2,1,34,35,67,7605.750000000001,7615.750000000001,7600.750000000001,7615.750000000001,target,False,495.5,250.0
2026-06-03,ESM6,breakout|flow|2,-1,15,16,175,7590.000000000001,7567.000000000001,7601.500000000001,7567.000000000001,target,False,1145.5,575.0
2026-06-04,ESM6,breakout|flow|2,1,28,29,34,7563.500000000001,7553.250000000001,7553.500000000001,7583.500000000001,stop,False,-517.0,500.0
2026-06-05,ESM6,breakout|flow|2,-1,15,16,127,7524.000000000001,7497.500000000001,7537.250000000001,7497.500000000001,target,False,1320.5,662.5
2026-06-08,ESM6,breakout|flow|2,-1,27,28,56,7436.250000000001,7452.250000000001,7452.000000000001,7404.750000000001,stop,False,-804.5,787.5
2026-06-09,ESM6,breakout|flow|2,1,15,16,27,7478.750000000001,7468.000000000001,7468.250000000001,7499.750000000001,stop,False,-542.0,525.0
2026-06-10,ESM6,breakout|flow|2,1,18,19,82,7388.000000000001,7364.000000000001,7364.250000000001,7435.500000000001,stop,False,-1204.5,1187.5
2026-06-11,ESM6,breakout|flow|2,1,16,17,41,7315.500000000001,7301.000000000001,7301.250000000001,7344.000000000001,stop,False,-729.5,712.5
2026-06-12,ESM6,breakout|flow|2,-1,15,16,30,7368.750000000001,7394.500000000001,7394.250000000001,7317.750000000001,stop,False,-1292.0,1275.0
2026-06-15,ESU6,breakout|flow|2,1,18,19,39,7618.750000000001,7609.750000000001,7610.000000000001,7636.250000000001,stop,False,-454.5,437.5
2026-06-16,ESU6,breakout|flow|2,-1,29,30,34,7622.500000000001,7629.000000000001,7628.750000000001,7610.000000000001,stop,False,-329.5,312.5
2026-06-17,ESU6,breakout|flow|2,-1,29,30,34,7581.000000000001,7588.750000000001,7588.500000000001,7566.000000000001,stop,False,-392.0,375.0
2026-06-22,ESU6,breakout|flow|2,-1,59,60,84,7561.000000000001,7535.500000000001,7573.750000000001,7535.500000000001,target,False,1270.5,637.5
2026-06-23,ESU6,breakout|flow|2,1,17,18,49,7454.500000000001,7486.500000000001,7438.500000000001,7486.500000000001,target,False,1595.5,800.0
2026-06-24,ESU6,breakout|flow|2,1,21,22,28,7469.000000000001,7453.750000000001,7454.000000000001,7499.000000000001,stop,False,-767.0,750.0
2026-06-25,ESU6,breakout|flow|2,-1,15,16,50,7429.000000000001,7456.500000000001,7456.250000000001,7374.500000000001,stop,False,-1379.5,1362.5
2026-06-26,ESU6,breakout|flow|2,1,26,27,46,7399.750000000001,7428.250000000001,7385.500000000001,7428.250000000001,target,False,1420.5,712.5
2026-06-29,ESU6,breakout|flow|2,1,15,16,25,7488.000000000001,7468.250000000001,7468.500000000001,7527.000000000001,stop,False,-992.0,975.0
2026-06-30,ESU6,breakout|flow|2,1,21,22,34,7516.750000000001,7531.750000000001,7509.250000000001,7531.750000000001,target,False,745.5,375.0
2026-07-01,ESU6,breakout|flow|2,1,29,30,105,7537.000000000001,7565.500000000001,7522.750000000001,7565.500000000001,target,False,1420.5,712.5
2026-07-02,ESU6,breakout|flow|2,1,17,18,57,7584.250000000001,7568.000000000001,7568.250000000001,7616.250000000001,stop,False,-817.0,800.0
2026-07-06,ESU6,breakout|flow|2,1,47,48,216,7573.250000000001,7593.750000000001,7563.000000000001,7593.750000000001,target,False,1020.5,512.5
2026-07-07,ESU6,breakout|flow|2,-1,23,24,44,7568.000000000001,7549.500000000001,7577.250000000001,7549.500000000001,target,False,920.5,462.5
2026-07-08,ESU6,breakout|flow|2,1,16,17,19,7524.000000000001,7513.000000000001,7513.250000000001,7545.500000000001,stop,False,-554.5,537.5
2026-07-09,ESU6,breakout|flow|2,1,15,16,42,7561.250000000001,7546.500000000001,7546.750000000001,7590.250000000001,stop,False,-742.0,725.0
2026-07-10,ESU6,breakout|flow|2,1,32,33,37,7605.750000000001,7598.250000000001,7598.500000000001,7620.250000000001,stop,False,-379.5,362.5
2026-07-13,ESU6,breakout|flow|2,-1,21,22,24,7591.000000000001,7599.000000000001,7598.750000000001,7575.500000000001,stop,False,-404.5,387.5
2026-07-14,ESU6,breakout|flow|2,1,15,16,17,7587.000000000001,7576.000000000001,7576.250000000001,7608.500000000001,stop,False,-554.5,537.5
2026-07-15,ESU6,breakout|flow|2,-1,15,16,28,7609.500000000001,7617.000000000001,7616.750000000001,7595.000000000001,stop,False,-379.5,362.5
2026-07-16,ESU6,breakout|flow|2,-1,18,19,22,7577.750000000001,7590.250000000001,7590.000000000001,7553.250000000001,stop,False,-629.5,612.5
2026-07-17,ESU6,breakout|flow|2,1,18,19,30,7496.000000000001,7515.500000000001,7486.250000000001,7515.500000000001,target,False,970.5,487.5
2026-07-20,ESU6,breakout|flow|2,-1,22,23,42,7530.750000000001,7511.750000000001,7540.250000000001,7511.750000000001,target,False,945.5,475.0
2026-07-21,ESU6,breakout|flow|2,1,57,58,388,7531.250000000001,7547.000000000001,7518.750000000001,7556.250000000001,flatten,False,783.0,625.0
2026-07-22,ESU6,breakout|flow|2,1,15,16,35,7541.250000000001,7555.250000000001,7534.250000000001,7555.250000000001,target,False,695.5,350.0
2026-07-23,ESU6,breakout|flow|2,-1,81,82,388,7440.500000000001,7442.500000000001,7461.250000000001,7399.000000000001,flatten,False,-104.5,1037.5
2026-07-24,ESU6,breakout|flow|2,1,19,20,20,7457.000000000001,7450.250000000001,7450.500000000001,7470.000000000001,stop,False,-342.0,325.0
2026-07-27,ESU6,breakout|flow|2,-1,16,17,40,7490.750000000001,7469.250000000001,7501.500000000001,7469.250000000001,target,False,1070.5,537.5
2026-07-28,ESU6,breakout|flow|2,-1,17,18,19,7417.250000000001,7432.250000000001,7432.000000000001,7387.750000000001,stop,False,-754.5,737.5
2026-07-29,ESU6,breakout|flow|2,-1,20,21,40,7439.000000000001,7422.000000000001,7447.500000000001,7422.000000000001,target,False,845.5,425.0
2026-07-30,ESU6,breakout|flow|2,1,15,16,58,7422.500000000001,7444.500000000001,7411.500000000001,7444.500000000001,target,False,1095.5,550.0
2026-07-31,ESU6,breakout|flow|2,-1,17,18,37,7477.500000000001,7441.500000000001,7495.500000000001,7441.500000000001,target,False,1795.5,900.0
2025-12-01,ESZ5,breakout|flow|3,1,17,18,55,6830.25,6822.0,6822.25,6854.25,stop,False,-417.0,400.0
2025-12-02,ESZ5,breakout|flow|3,-1,24,25,28,6840.5,6847.5,6847.25,6820.25,stop,False,-354.5,337.5
2025-12-03,ESZ5,breakout|flow|3,1,32,33,42,6842.75,6834.5,6834.75,6866.75,stop,False,-417.0,400.0
2025-12-04,ESZ5,breakout|flow|3,-1,16,17,68,6858.5,6867.5,6867.25,6832.25,stop,False,-454.5,437.5
2025-12-05,ESZ5,breakout|flow|3,1,19,20,105,6886.75,6880.25,6880.5,6905.5,stop,False,-329.5,312.5
2025-12-08,ESZ5,breakout|flow|3,-1,39,40,91,6871.5,6850.5,6878.5,6850.5,target,False,1045.5,350.0
2025-12-09,ESZ5,breakout|flow|3,1,20,21,79,6861.5,6854.5,6854.75,6881.75,stop,False,-354.5,337.5
2025-12-10,ESZ5,breakout|flow|3,1,17,18,25,6850.75,6841.5,6841.75,6877.75,stop,False,-467.0,450.0
2025-12-11,ESZ5,breakout|flow|3,-1,18,19,41,6858.0,6865.25,6865.0,6837.0,stop,False,-367.0,350.0
2025-12-12,ESZ5,breakout|flow|3,-1,19,20,24,6888.0,6894.5,6894.25,6869.25,stop,False,-329.5,312.5
2025-12-15,ESH6,breakout|flow|3,-1,15,16,54,6906.75,6872.25,6918.25,6872.25,target,False,1720.5,575.0
2025-12-16,ESH6,breakout|flow|3,-1,15,16,17,6847.5,6859.75,6859.5,6811.5,stop,False,-617.0,600.0
2025-12-17,ESH6,breakout|flow|3,-1,16,17,27,6844.0,6856.5,6856.25,6807.25,stop,False,-629.5,612.5
2025-12-18,ESH6,breakout|flow|3,1,56,57,157,6852.75,6839.5,6839.75,6891.75,stop,False,-667.0,650.0
2025-12-19,ESH6,breakout|flow|3,1,17,18,388,6877.0,6885.5,6861.75,6922.75,flatten,False,420.5,762.5
2025-12-22,ESH6,breakout|flow|3,-1,66,67,73,6910.75,6919.0,6918.75,6886.75,stop,False,-417.0,400.0
2025-12-23,ESH6,breakout|flow|3,1,15,16,32,6939.5,6929.25,6929.5,6969.5,stop,False,-517.0,500.0
2025-12-26,ESH6,breakout|flow|3,-1,31,32,60,6977.75,6985.0,6984.75,6956.75,stop,False,-367.0,350.0
2025-12-29,ESH6,breakout|flow|3,-1,39,40,60,6946.25,6956.75,6956.5,6915.5,stop,False,-529.5,512.5
2025-12-30,ESH6,breakout|flow|3,-1,15,16,16,6944.75,6949.0,6948.75,6932.75,stop,False,-217.0,200.0
2025-12-31,ESH6,breakout|flow|3,-1,15,16,25,6928.0,6937.25,6937.0,6901.0,stop,False,-467.0,450.0
2026-01-02,ESH6,breakout|flow|3,1,20,21,40,6938.0,6927.25,6927.5,6969.5,stop,False,-542.0,525.0
2026-01-05,ESH6,breakout|flow|3,1,15,16,17,6947.0,6940.25,6940.5,6966.5,stop,False,-342.0,325.0
2026-01-06,ESH6,breakout|flow|3,1,15,16,28,6956.0,6969.5,6951.5,6969.5,target,False,670.5,225.0
2026-01-07,ESH6,breakout|flow|3,1,16,17,21,6997.75,6992.0,6992.25,7014.25,stop,False,-292.0,275.0
2026-01-08,ESH6,breakout|flow|3,1,37,38,126,6959.25,6950.25,6950.5,6985.5,stop,False,-454.5,437.5
2026-01-09,ESH6,breakout|flow|3,-1,35,36,44,6967.75,6977.25,6977.0,6940.0,stop,False,-479.5,462.5
2026-01-12,ESH6,breakout|flow|3,1,20,21,388,6997.5,7017.5,6984.0,7038.0,flatten,False,995.5,675.0
2026-01-13,ESH6,breakout|flow|3,-1,18,19,51,7008.25,6989.5,7014.5,6989.5,target,False,933.0,312.5
2026-01-14,ESH6,breakout|flow|3,-1,15,16,19,6954.25,6966.5,6966.25,6918.25,stop,False,-617.0,600.0
2026-01-15,ESH6,breakout|flow|3,-1,21,22,24,6995.5,7001.75,7001.5,6977.5,stop,False,-317.0,300.0
2026-01-16,ESH6,breakout|flow|3,-1,23,24,64,6988.25,6970.25,6994.25,6970.25,target,False,895.5,300.0
2026-01-20,ESH6,breakout|flow|3,1,62,63,81,6900.0,6890.25,6890.5,6928.5,stop,False,-492.0,475.0
2026-01-21,ESH6,breakout|flow|3,1,17,18,63,6867.75,6894.75,6858.75,6894.75,target,False,1345.5,450.0
2026-01-22,ESH6,breakout|flow|3,-1,17,18,77,6942.5,6952.0,6951.75,6914.75,stop,False,-479.5,462.5
2026-01-23,ESH6,breakout|flow|3,1,29,30,204,6941.75,6933.75,6934.0,6965.0,stop,False,-404.5,387.5
2026-01-26,ESH6,breakout|flow|3,1,15,16,388,6977.25,6981.0,6965.0,7014.0,flatten,False,183.0,612.5
2026-01-27,ESH6,breakout|flow|3,1,19,20,74,6997.75,7010.5,6993.5,7010.5,target,False,633.0,212.5
2026-01-28,ESH6,breakout|flow|3,-1,36,37,88,7020.5,7007.75,7024.75,7007.75,target,False,633.0,212.5
2026-01-29,ESH6,breakout|flow|3,-1,16,17,72,6976.25,6917.75,6995.75,6917.75,target,False,2920.5,975.0
2026-01-30,ESH6,breakout|flow|3,1,41,42,53,6987.0,6974.5,6974.75,7023.75,stop,False,-629.5,612.5
2026-02-02,ESH6,breakout|flow|3,1,16,17,388,6976.75,7004.75,6960.0,7027.0,flatten,False,1395.5,837.5
2026-02-03,ESH6,breakout|flow|3,-1,25,26,54,6994.25,6962.0,7005.0,6962.0,target,False,1608.0,537.5
2026-02-04,ESH6,breakout|flow|3,-1,27,28,53,6933.0,6944.75,6944.5,6898.5,stop,False,-592.0,575.0
2026-02-05,ESH6,breakout|flow|3,-1,42,43,118,6817.25,6840.75,6840.5,6747.5,stop,False,-1179.5,1162.5
2026-02-06,ESH6,breakout|flow|3,1,15,16,46,6898.25,6874.25,6874.5,6969.5,stop,False,-1204.5,1187.5
2026-02-09,ESH6,breakout|flow|3,1,36,37,388,6958.5,6985.5,6942.0,7008.0,flatten,False,1345.5,825.0
2026-02-10,ESH6,breakout|flow|3,1,25,26,99,6997.75,6986.75,6987.0,7030.0,stop,False,-554.5,537.5
2026-02-11,ESH6,breakout|flow|3,-1,20,21,41,6990.0,6960.0,7000.0,6960.0,target,False,1495.5,500.0
2026-02-12,ESH6,breakout|flow|3,-1,15,16,67,6974.75,6953.75,6981.75,6953.75,target,False,1045.5,350.0
2026-02-13,ESH6,breakout|flow|3,1,57,58,364,6862.25,6836.5,6836.75,6938.75,stop,False,-1292.0,1275.0
2026-02-17,ESH6,breakout|flow|3,-1,17,18,99,6832.0,6846.25,6846.0,6790.0,stop,False,-717.0,700.0
2026-02-18,ESH6,breakout|flow|3,1,25,26,327,6890.0,6876.0,6876.25,6931.25,stop,False,-704.5,687.5
2026-02-19,ESH6,breakout|flow|3,1,22,23,60,6882.0,6870.25,6870.5,6916.5,stop,False,-592.0,575.0
2026-02-20,ESH6,breakout|flow|3,1,30,31,388,6886.0,6920.75,6867.5,6941.5,flatten,False,1733.0,925.0
2026-02-23,ESH6,breakout|flow|3,-1,19,20,21,6898.25,6911.5,6911.25,6859.25,stop,False,-667.0,650.0
2026-02-24,ESH6,breakout|flow|3,1,16,17,30,6874.75,6852.25,6852.5,6941.5,stop,False,-1129.5,1112.5
2026-02-25,ESH6,breakout|flow|3,1,16,17,26,6945.5,6938.5,6938.75,6965.75,stop,False,-354.5,337.5
2026-02-26,ESH6,breakout|flow|3,-1,18,19,46,6936.25,6899.5,6948.5,6899.5,target,False,1833.0,612.5
2026-02-27,ESH6,breakout|flow|3,1,35,36,237,6868.75,6855.5,6855.75,6907.75,stop,False,-667.0,650.0
2026-03-02,ESH6,breakout|flow|3,1,15,16,388,6849.75,6894.75,6827.5,6916.5,flatten,False,2245.5,1112.5
2026-03-03,ESH6,breakout|flow|3,-1,19,20,96,6747.0,6767.25,6767.0,6687.0,stop,False,-1017.0,1000.0
2026-03-04,ESH6,breakout|flow|3,1,43,44,388,6860.0,6880.0,6842.5,6912.5,flatten,False,995.5,875.0
2026-03-05,ESH6,breakout|flow|3,1,27,28,37,6867.5,6854.0,6854.25,6907.25,stop,False,-679.5,662.5
2026-03-06,ESH6,breakout|flow|3,1,60,61,82,6762.0,6743.25,6743.5,6817.5,stop,False,-942.0,925.0
2026-03-09,ESH6,breakout|flow|3,-1,15,16,33,6652.25,6672.5,6672.25,6592.25,stop,False,-1017.0,1000.0
2026-03-10,ESH6,breakout|flow|3,-1,30,31,35,6768.5,6784.0,6783.75,6722.75,stop,False,-779.5,762.5
2026-03-11,ESH6,breakout|flow|3,-1,17,18,23,6785.75,6792.75,6792.5,6765.5,stop,False,-354.5,337.5
2026-03-12,ESH6,breakout|flow|3,-1,15,16,20,6711.5,6720.75,6720.5,6684.5,stop,False,-467.0,450.0
2026-03-13,ESH6,breakout|flow|3,1,15,16,27,6735.0,6719.5,6719.75,6780.75,stop,False,-779.5,762.5
2026-03-16,ESM6,breakout|flow|3,1,15,16,19,6769.0,6758.25,6758.5,6800.5,stop,False,-542.0,525.0
2026-03-17,ESM6,breakout|flow|3,1,16,17,32,6808.0,6797.25,6797.5,6839.5,stop,False,-542.0,525.0
2026-03-18,ESM6,breakout|flow|3,1,16,17,21,6759.25,6750.5,6750.75,6784.75,stop,False,-442.0,425.0
2026-03-19,ESM6,breakout|flow|3,1,19,20,54,6640.0,6627.0,6627.25,6678.25,stop,False,-654.5,637.5
2026-03-20,ESM6,breakout|flow|3,-1,20,21,84,6619.25,6588.5,6629.5,6588.5,target,False,1533.0,512.5
2026-03-23,ESM6,breakout|flow|3,1,22,23,137,6676.75,6658.5,6658.75,6730.75,stop,False,-917.0,900.0
2026-03-24,ESM6,breakout|flow|3,1,37,38,43,6608.0,6591.5,6591.75,6656.75,stop,False,-829.5,812.5
2026-03-25,ESM6,breakout|flow|3,-1,17,18,106,6659.75,6623.75,6671.75,6623.75,target,False,1795.5,600.0
2026-03-26,ESM6,breakout|flow|3,1,15,16,79,6607.25,6595.0,6595.25,6643.25,stop,False,-617.0,600.0
2026-03-27,ESM6,breakout|flow|3,-1,25,26,96,6464.25,6479.25,6479.0,6420.0,stop,False,-754.5,737.5
2026-03-30,ESM6,breakout|flow|3,-1,16,17,91,6431.0,6449.5,6449.25,6376.25,stop,False,-929.5,912.5
2026-03-31,ESM6,breakout|flow|3,1,16,17,78,6474.25,6462.75,6463.0,6508.0,stop,False,-579.5,562.5
2026-04-01,ESM6,breakout|flow|3,-1,17,18,23,6599.5,6613.5,6613.25,6558.25,stop,False,-704.5,687.5
2026-04-02,ESM6,breakout|flow|3,1,21,22,62,6540.25,6577.0,6528.0,6577.0,target,False,1833.0,612.5
2026-04-06,ESM6,breakout|flow|3,1,27,28,34,6643.25,6630.75,6631.0,6680.0,stop,False,-629.5,612.5
2026-04-07,ESM6,breakout|flow|3,-1,17,18,25,6607.0,6621.25,6621.0,6565.0,stop,False,-717.0,700.0
2026-04-08,ESM6,breakout|flow|3,-1,21,22,153,6809.25,6821.25,6821.0,6774.0,stop,False,-604.5,587.5
2026-04-09,ESM6,breakout|flow|3,-1,46,47,81,6808.0,6814.75,6814.5,6788.5,stop,False,-342.0,325.0
2026-04-10,ESM6,breakout|flow|3,-1,20,21,43,6864.25,6872.0,6871.75,6841.75,stop,False,-392.0,375.0
2026-04-13,ESM6,breakout|flow|3,1,19,20,22,6849.25,6842.25,6842.5,6869.5,stop,False,-354.5,337.5
2026-04-14,ESM6,breakout|flow|3,1,36,37,176,6962.0,6998.0,6950.0,6998.0,target,False,1795.5,600.0
2026-04-15,ESM6,breakout|flow|3,1,52,53,321,7025.75,7057.25,7015.25,7057.25,target,False,1570.5,525.0
2026-04-16,ESM6,breakout|flow|3,-1,21,22,93,7060.75,7067.0,7066.75,7042.75,stop,False,-317.0,300.0
2026-04-17,ESM6,breakout|flow|3,1,21,22,63,7136.5,7161.25,7128.25,7161.25,target,False,1233.0,412.5
2026-04-20,ESM6,breakout|flow|3,1,25,26,41,7156.25,7149.75,7150.0,7175.0,stop,False,-329.5,312.5
2026-04-21,ESM6,breakout|flow|3,1,22,23,70,7165.5,7156.75,7157.0,7191.0,stop,False,-442.0,425.0
2026-04-22,ESM6,breakout|flow|3,1,29,30,36,7153.0,7147.0,7147.25,7170.25,stop,False,-304.5,287.5
2026-04-23,ESM6,breakout|flow|3,1,16,17,30,7165.5,7158.25,7158.5,7186.5,stop,False,-367.0,350.0
2026-04-24,ESM6,breakout|flow|3,-1,24,25,39,7150.0,7158.25,7158.0,7126.0,stop,False,-417.0,400.0
2026-04-27,ESM6,breakout|flow|3,-1,108,109,156,7182.75,7190.75,7190.5,7159.5,stop,False,-404.5,387.5
2026-04-28,ESM6,breakout|flow|3,-1,65,66,293,7159.5,7170.5,7170.25,7127.25,stop,False,-554.5,537.5
2026-04-29,ESM6,breakout|flow|3,-1,15,16,20,7150.5,7157.0,7156.75,7131.75,stop,False,-329.5,312.5
2026-04-30,ESM6,breakout|flow|3,-1,25,26,76,7165.0,7182.25,7182.0,7114.0,stop,False,-867.0,850.0
2026-05-01,ESM6,breakout|flow|3,1,20,21,183,7278.75,7269.0,7269.25,7307.25,stop,False,-492.0,475.0
2026-05-04,ESM6,breakout|flow|3,1,17,18,38,7253.75,7248.0,7248.25,7270.25,stop,False,-292.0,275.0
2026-05-05,ESM6,breakout|flow|3,1,15,16,46,7274.25,7269.0,7269.25,7289.25,stop,False,-267.0,250.0
2026-05-06,ESM6,breakout|flow|3,1,24,25,37,7346.250000000001,7337.000000000001,7337.250000000001,7373.250000000001,stop,False,-467.0,450.0
2026-05-07,ESM6,breakout|flow|3,-1,15,16,34,7388.000000000001,7393.500000000001,7393.250000000001,7372.250000000001,stop,False,-279.5,262.5
2026-05-08,ESM6,breakout|flow|3,1,15,16,51,7403.750000000001,7418.000000000001,7399.000000000001,7418.000000000001,target,False,708.0,237.5
2026-05-11,ESM6,breakout|flow|3,1,15,16,61,7433.250000000001,7423.250000000001,7423.500000000001,7462.500000000001,stop,False,-504.5,487.5
2026-05-12,ESM6,breakout|flow|3,-1,21,22,23,7399.500000000001,7408.500000000001,7408.250000000001,7373.250000000001,stop,False,-454.5,437.5
2026-05-13,ESM6,breakout|flow|3,-1,16,17,32,7407.750000000001,7418.000000000001,7417.750000000001,7377.750000000001,stop,False,-517.0,500.0
2026-05-14,ESM6,breakout|flow|3,1,17,18,29,7500.750000000001,7490.000000000001,7490.250000000001,7532.250000000001,stop,False,-542.0,525.0
2026-05-15,ESM6,breakout|flow|3,-1,15,16,24,7424.250000000001,7442.000000000001,7441.750000000001,7371.750000000001,stop,False,-892.0,875.0
2026-05-18,ESM6,breakout|flow|3,1,23,24,32,7444.250000000001,7433.250000000001,7433.500000000001,7476.500000000001,stop,False,-554.5,537.5
2026-05-19,ESM6,breakout|flow|3,-1,16,17,17,7370.000000000001,7381.500000000001,7381.250000000001,7336.250000000001,stop,False,-579.5,562.5
2026-05-20,ESM6,breakout|flow|3,1,15,16,21,7403.000000000001,7393.000000000001,7393.250000000001,7432.250000000001,stop,False,-504.5,487.5
2026-05-21,ESM6,breakout|flow|3,1,22,23,46,7428.500000000001,7421.500000000001,7421.750000000001,7448.750000000001,stop,False,-354.5,337.5
2026-05-22,ESM6,breakout|flow|3,-1,36,37,95,7490.750000000001,7503.750000000001,7503.500000000001,7452.500000000001,stop,False,-654.5,637.5
2026-05-26,ESM6,breakout|flow|3,1,15,16,21,7543.000000000001,7534.750000000001,7535.000000000001,7567.000000000001,stop,False,-417.0,400.0
2026-05-27,ESM6,breakout|flow|3,-1,109,110,122,7524.250000000001,7535.000000000001,7534.750000000001,7492.750000000001,stop,False,-542.0,525.0
2026-05-28,ESM6,breakout|flow|3,1,30,31,34,7540.000000000001,7533.750000000001,7534.000000000001,7558.000000000001,stop,False,-317.0,300.0
2026-05-29,ESM6,breakout|flow|3,1,17,18,47,7608.000000000001,7598.000000000001,7598.250000000001,7637.250000000001,stop,False,-504.5,487.5
2026-06-02,ESM6,breakout|flow|3,1,34,35,80,7605.750000000001,7620.750000000001,7600.750000000001,7620.750000000001,target,False,745.5,250.0
2026-06-03,ESM6,breakout|flow|3,-1,15,16,388,7590.000000000001,7575.500000000001,7601.500000000001,7555.500000000001,flatten,False,720.5,575.0
2026-06-04,ESM6,breakout|flow|3,1,28,29,34,7563.500000000001,7553.250000000001,7553.500000000001,7593.500000000001,stop,False,-517.0,500.0
2026-06-05,ESM6,breakout|flow|3,-1,15,16,155,7524.000000000001,7484.250000000001,7537.250000000001,7484.250000000001,target,False,1983.0,662.5
2026-06-08,ESM6,breakout|flow|3,-1,27,28,56,7436.250000000001,7452.250000000001,7452.000000000001,7389.000000000001,stop,False,-804.5,787.5
2026-06-09,ESM6,breakout|flow|3,1,15,16,27,7478.750000000001,7468.000000000001,7468.250000000001,7510.250000000001,stop,False,-542.0,525.0
2026-06-10,ESM6,breakout|flow|3,1,18,19,82,7388.000000000001,7364.000000000001,7364.250000000001,7459.250000000001,stop,False,-1204.5,1187.5
2026-06-11,ESM6,breakout|flow|3,1,16,17,41,7315.500000000001,7301.000000000001,7301.250000000001,7358.250000000001,stop,False,-729.5,712.5
2026-06-12,ESM6,breakout|flow|3,-1,15,16,30,7368.750000000001,7394.500000000001,7394.250000000001,7292.250000000001,stop,False,-1292.0,1275.0
2026-06-15,ESU6,breakout|flow|3,1,18,19,39,7618.750000000001,7609.750000000001,7610.000000000001,7645.000000000001,stop,False,-454.5,437.5
2026-06-16,ESU6,breakout|flow|3,-1,29,30,34,7622.500000000001,7629.000000000001,7628.750000000001,7603.750000000001,stop,False,-329.5,312.5
2026-06-17,ESU6,breakout|flow|3,-1,29,30,34,7581.000000000001,7588.750000000001,7588.500000000001,7558.500000000001,stop,False,-392.0,375.0
2026-06-22,ESU6,breakout|flow|3,-1,59,60,388,7561.000000000001,7540.000000000001,7573.750000000001,7522.750000000001,flatten,False,1045.5,637.5
2026-06-23,ESU6,breakout|flow|3,1,17,18,115,7454.500000000001,7438.250000000001,7438.500000000001,7502.500000000001,stop,False,-817.0,800.0
2026-06-24,ESU6,breakout|flow|3,1,21,22,28,7469.000000000001,7453.750000000001,7454.000000000001,7514.000000000001,stop,False,-767.0,750.0
2026-06-25,ESU6,breakout|flow|3,-1,15,16,50,7429.000000000001,7456.500000000001,7456.250000000001,7347.250000000001,stop,False,-1379.5,1362.5
2026-06-26,ESU6,breakout|flow|3,1,26,27,120,7399.750000000001,7442.500000000001,7385.500000000001,7442.500000000001,target,False,2133.0,712.5
2026-06-29,ESU6,breakout|flow|3,1,15,16,25,7488.000000000001,7468.250000000001,7468.500000000001,7546.500000000001,stop,False,-992.0,975.0
2026-06-30,ESU6,breakout|flow|3,1,21,22,62,7516.750000000001,7539.250000000001,7509.250000000001,7539.250000000001,target,False,1120.5,375.0
2026-07-01,ESU6,breakout|flow|3,1,29,30,388,7537.000000000001,7539.250000000001,7522.750000000001,7579.750000000001,flatten,False,108.0,712.5
2026-07-02,ESU6,breakout|flow|3,1,17,18,57,7584.250000000001,7568.000000000001,7568.250000000001,7632.250000000001,stop,False,-817.0,800.0
2026-07-06,ESU6,breakout|flow|3,1,47,48,388,7573.250000000001,7591.750000000001,7563.000000000001,7604.000000000001,flatten,False,920.5,512.5
2026-07-07,ESU6,breakout|flow|3,-1,23,24,55,7568.000000000001,7540.250000000001,7577.250000000001,7540.250000000001,target,False,1383.0,462.5
2026-07-08,ESU6,breakout|flow|3,1,16,17,19,7524.000000000001,7513.000000000001,7513.250000000001,7556.250000000001,stop,False,-554.5,537.5
2026-07-09,ESU6,breakout|flow|3,1,15,16,42,7561.250000000001,7546.500000000001,7546.750000000001,7604.750000000001,stop,False,-742.0,725.0
2026-07-10,ESU6,breakout|flow|3,1,32,33,37,7605.750000000001,7598.250000000001,7598.500000000001,7627.500000000001,stop,False,-379.5,362.5
2026-07-13,ESU6,breakout|flow|3,-1,21,22,24,7591.000000000001,7599.000000000001,7598.750000000001,7567.750000000001,stop,False,-404.5,387.5
2026-07-14,ESU6,breakout|flow|3,1,15,16,17,7587.000000000001,7576.000000000001,7576.250000000001,7619.250000000001,stop,False,-554.5,537.5
2026-07-15,ESU6,breakout|flow|3,-1,15,16,28,7609.500000000001,7617.000000000001,7616.750000000001,7587.750000000001,stop,False,-379.5,362.5
2026-07-16,ESU6,breakout|flow|3,-1,18,19,22,7577.750000000001,7590.250000000001,7590.000000000001,7541.000000000001,stop,False,-629.5,612.5
2026-07-17,ESU6,breakout|flow|3,1,18,19,35,7496.000000000001,7525.250000000001,7486.250000000001,7525.250000000001,target,False,1458.0,487.5
2026-07-20,ESU6,breakout|flow|3,-1,22,23,88,7530.750000000001,7502.250000000001,7540.250000000001,7502.250000000001,target,False,1420.5,475.0
2026-07-21,ESU6,breakout|flow|3,1,57,58,388,7531.250000000001,7547.000000000001,7518.750000000001,7568.750000000001,flatten,False,783.0,625.0
2026-07-22,ESU6,breakout|flow|3,1,15,16,56,7541.250000000001,7534.000000000001,7534.250000000001,7562.250000000001,stop,False,-367.0,350.0
2026-07-23,ESU6,breakout|flow|3,-1,81,82,388,7440.500000000001,7442.500000000001,7461.250000000001,7378.250000000001,flatten,False,-104.5,1037.5
2026-07-24,ESU6,breakout|flow|3,1,19,20,20,7457.000000000001,7450.250000000001,7450.500000000001,7476.500000000001,stop,False,-342.0,325.0
2026-07-27,ESU6,breakout|flow|3,-1,16,17,53,7490.750000000001,7458.500000000001,7501.500000000001,7458.500000000001,target,False,1608.0,537.5
2026-07-28,ESU6,breakout|flow|3,-1,17,18,19,7417.250000000001,7432.250000000001,7432.000000000001,7373.000000000001,stop,False,-754.5,737.5
2026-07-29,ESU6,breakout|flow|3,-1,20,21,42,7439.000000000001,7413.500000000001,7447.500000000001,7413.500000000001,target,False,1270.5,425.0
2026-07-30,ESU6,breakout|flow|3,1,15,16,85,7422.500000000001,7411.250000000001,7411.500000000001,7455.500000000001,stop,False,-567.0,550.0
2026-07-31,ESU6,breakout|flow|3,-1,17,18,174,7477.500000000001,7495.750000000001,7495.500000000001,7423.500000000001,stop,False,-917.0,900.0
2025-12-01,ESZ5,breakout|vwap_flow|2,1,17,18,55,6830.25,6822.0,6822.25,6846.25,stop,False,-417.0,400.0
2025-12-02,ESZ5,breakout|vwap_flow|2,-1,24,25,28,6840.5,6847.5,6847.25,6827.0,stop,False,-354.5,337.5
2025-12-03,ESZ5,breakout|vwap_flow|2,1,32,33,42,6842.75,6834.5,6834.75,6858.75,stop,False,-417.0,400.0
2025-12-04,ESZ5,breakout|vwap_flow|2,-1,16,17,68,6858.5,6867.5,6867.25,6841.0,stop,False,-454.5,437.5
2025-12-05,ESZ5,breakout|vwap_flow|2,1,19,20,35,6886.75,6899.25,6880.5,6899.25,target,False,620.5,312.5
2025-12-08,ESZ5,breakout|vwap_flow|2,-1,39,40,85,6871.5,6857.5,6878.5,6857.5,target,False,695.5,350.0
2025-12-09,ESZ5,breakout|vwap_flow|2,1,20,21,79,6861.5,6854.5,6854.75,6875.0,stop,False,-354.5,337.5
2025-12-10,ESZ5,breakout|vwap_flow|2,1,17,18,25,6850.75,6841.5,6841.75,6868.75,stop,False,-467.0,450.0
2025-12-11,ESZ5,breakout|vwap_flow|2,-1,18,19,24,6858.0,6844.0,6865.0,6844.0,target,False,695.5,350.0
2025-12-12,ESZ5,breakout|vwap_flow|2,-1,19,20,24,6888.0,6894.5,6894.25,6875.5,stop,False,-329.5,312.5
2025-12-15,ESH6,breakout|vwap_flow|2,-1,15,16,43,6906.75,6883.75,6918.25,6883.75,target,False,1145.5,575.0
2025-12-16,ESH6,breakout|vwap_flow|2,-1,15,16,17,6847.5,6859.75,6859.5,6823.5,stop,False,-617.0,600.0
2025-12-17,ESH6,breakout|vwap_flow|2,-1,16,17,27,6844.0,6856.5,6856.25,6819.5,stop,False,-629.5,612.5
2025-12-18,ESH6,breakout|vwap_flow|2,1,56,57,157,6852.75,6839.5,6839.75,6878.75,stop,False,-667.0,650.0
2025-12-19,ESH6,breakout|vwap_flow|2,1,17,18,388,6877.0,6885.5,6861.75,6907.5,flatten,False,420.5,762.5
2025-12-22,ESH6,breakout|vwap_flow|2,-1,66,67,73,6910.75,6919.0,6918.75,6894.75,stop,False,-417.0,400.0
2025-12-23,ESH6,breakout|vwap_flow|2,1,15,16,32,6939.5,6929.25,6929.5,6959.5,stop,False,-517.0,500.0
2025-12-26,ESH6,breakout|vwap_flow|2,-1,31,32,60,6977.75,6985.0,6984.75,6963.75,stop,False,-367.0,350.0
2025-12-29,ESH6,breakout|vwap_flow|2,-1,39,40,60,6946.25,6956.75,6956.5,6925.75,stop,False,-529.5,512.5
2025-12-30,ESH6,breakout|vwap_flow|2,-1,15,16,16,6944.75,6949.0,6948.75,6936.75,stop,False,-217.0,200.0
2025-12-31,ESH6,breakout|vwap_flow|2,-1,15,16,25,6928.0,6937.25,6937.0,6910.0,stop,False,-467.0,450.0
2026-01-02,ESH6,breakout|vwap_flow|2,1,20,21,40,6938.0,6927.25,6927.5,6959.0,stop,False,-542.0,525.0
2026-01-05,ESH6,breakout|vwap_flow|2,1,15,16,17,6947.0,6940.25,6940.5,6960.0,stop,False,-342.0,325.0
2026-01-06,ESH6,breakout|vwap_flow|2,1,15,16,21,6956.0,6965.0,6951.5,6965.0,target,False,445.5,225.0
2026-01-07,ESH6,breakout|vwap_flow|2,1,16,17,21,6997.75,6992.0,6992.25,7008.75,stop,False,-292.0,275.0
2026-01-08,ESH6,breakout|vwap_flow|2,1,37,38,126,6959.25,6950.25,6950.5,6976.75,stop,False,-454.5,437.5
2026-01-09,ESH6,breakout|vwap_flow|2,-1,35,36,44,6967.75,6977.25,6977.0,6949.25,stop,False,-479.5,462.5
2026-01-12,ESH6,breakout|vwap_flow|2,1,20,21,331,6997.5,7024.5,6984.0,7024.5,target,False,1345.5,675.0
2026-01-13,ESH6,breakout|vwap_flow|2,-1,18,19,33,7008.25,6995.75,7014.5,6995.75,target,False,620.5,312.5
2026-01-14,ESH6,breakout|vwap_flow|2,-1,15,16,19,6954.25,6966.5,6966.25,6930.25,stop,False,-617.0,600.0
2026-01-15,ESH6,breakout|vwap_flow|2,-1,21,22,24,6995.5,7001.75,7001.5,6983.5,stop,False,-317.0,300.0
2026-01-16,ESH6,breakout|vwap_flow|2,-1,23,24,31,6988.25,6976.25,6994.25,6976.25,target,False,595.5,300.0
2026-01-20,ESH6,breakout|vwap_flow|2,1,62,63,81,6900.0,6890.25,6890.5,6919.0,stop,False,-492.0,475.0
2026-01-21,ESH6,breakout|vwap_flow|2,1,17,18,46,6867.75,6885.75,6858.75,6885.75,target,False,895.5,450.0
2026-01-22,ESH6,breakout|vwap_flow|2,-1,17,18,77,6942.5,6952.0,6951.75,6924.0,stop,False,-479.5,462.5
2026-01-23,ESH6,breakout|vwap_flow|2,1,29,30,79,6941.75,6957.25,6934.0,6957.25,target,False,770.5,387.5
2026-01-26,ESH6,breakout|vwap_flow|2,1,15,16,388,6977.25,6981.0,6965.0,7001.75,flatten,False,183.0,612.5
2026-01-27,ESH6,breakout|vwap_flow|2,1,19,20,23,6997.75,7006.25,6993.5,7006.25,target,False,420.5,212.5
2026-01-28,ESH6,breakout|vwap_flow|2,-1,36,37,72,7020.5,7012.0,7024.75,7012.0,target,False,420.5,212.5
2026-01-29,ESH6,breakout|vwap_flow|2,-1,16,17,60,6976.25,6937.25,6995.75,6937.25,target,False,1945.5,975.0
2026-01-30,ESH6,breakout|vwap_flow|2,1,41,42,53,6987.0,6974.5,6974.75,7011.5,stop,False,-629.5,612.5
2026-02-02,ESH6,breakout|vwap_flow|2,1,16,17,151,6976.75,7010.25,6960.0,7010.25,target,False,1670.5,837.5
2026-02-03,ESH6,breakout|vwap_flow|2,-1,25,26,31,6994.25,6972.75,7005.0,6972.75,target,False,1070.5,537.5
2026-02-04,ESH6,breakout|vwap_flow|2,-1,27,28,53,6933.0,6944.75,6944.5,6910.0,stop,False,-592.0,575.0
2026-02-05,ESH6,breakout|vwap_flow|2,-1,42,43,118,6817.25,6840.75,6840.5,6770.75,stop,False,-1179.5,1162.5
2026-02-06,ESH6,breakout|vwap_flow|2,1,15,16,46,6898.25,6874.25,6874.5,6945.75,stop,False,-1204.5,1187.5
2026-02-09,ESH6,breakout|vwap_flow|2,1,36,37,134,6958.5,6991.5,6942.0,6991.5,target,False,1645.5,825.0
2026-02-10,ESH6,breakout|vwap_flow|2,1,25,26,99,6997.75,6986.75,6987.0,7019.25,stop,False,-554.5,537.5
2026-02-11,ESH6,breakout|vwap_flow|2,-1,20,21,39,6990.0,6970.0,7000.0,6970.0,target,False,995.5,500.0
2026-02-12,ESH6,breakout|vwap_flow|2,-1,15,16,39,6974.75,6960.75,6981.75,6960.75,target,False,695.5,350.0
2026-02-13,ESH6,breakout|vwap_flow|2,1,57,58,364,6862.25,6836.5,6836.75,6913.25,stop,False,-1292.0,1275.0
2026-02-17,ESH6,breakout|vwap_flow|2,-1,17,18,26,6832.0,6804.0,6846.0,6804.0,target,False,1395.5,700.0
2026-02-18,ESH6,breakout|vwap_flow|2,1,25,26,46,6890.0,6917.5,6876.25,6917.5,target,False,1370.5,687.5
2026-02-19,ESH6,breakout|vwap_flow|2,1,22,23,60,6882.0,6870.25,6870.5,6905.0,stop,False,-592.0,575.0
2026-02-20,ESH6,breakout|vwap_flow|2,1,30,31,31,6886.0,6923.0,6867.5,6923.0,target,False,1845.5,925.0
2026-02-23,ESH6,breakout|vwap_flow|2,-1,19,20,21,6898.25,6911.5,6911.25,6872.25,stop,False,-667.0,650.0
2026-02-24,ESH6,breakout|vwap_flow|2,1,16,17,30,6874.75,6852.25,6852.5,6919.25,stop,False,-1129.5,1112.5
2026-02-25,ESH6,breakout|vwap_flow|2,1,16,17,26,6945.5,6938.5,6938.75,6959.0,stop,False,-354.5,337.5
2026-02-26,ESH6,breakout|vwap_flow|2,-1,18,19,45,6936.25,6911.75,6948.5,6911.75,target,False,1220.5,612.5
2026-02-27,ESH6,breakout|vwap_flow|2,1,35,36,237,6868.75,6855.5,6855.75,6894.75,stop,False,-667.0,650.0
2026-03-02,ESH6,breakout|vwap_flow|2,1,15,16,138,6849.75,6894.25,6827.5,6894.25,target,False,2220.5,1112.5
2026-03-03,ESH6,breakout|vwap_flow|2,-1,19,20,96,6747.0,6767.25,6767.0,6707.0,stop,False,-1017.0,1000.0
2026-03-04,ESH6,breakout|vwap_flow|2,1,43,44,388,6860.0,6880.0,6842.5,6895.0,flatten,False,995.5,875.0
2026-03-05,ESH6,breakout|vwap_flow|2,1,27,28,37,6867.5,6854.0,6854.25,6894.0,stop,False,-679.5,662.5
2026-03-06,ESH6,breakout|vwap_flow|2,1,60,61,82,6762.0,6743.25,6743.5,6799.0,stop,False,-942.0,925.0
2026-03-09,ESH6,breakout|vwap_flow|2,-1,15,16,33,6652.25,6672.5,6672.25,6612.25,stop,False,-1017.0,1000.0
2026-03-10,ESH6,breakout|vwap_flow|2,-1,30,31,35,6768.5,6784.0,6783.75,6738.0,stop,False,-779.5,762.5
2026-03-11,ESH6,breakout|vwap_flow|2,-1,17,18,23,6785.75,6792.75,6792.5,6772.25,stop,False,-354.5,337.5
2026-03-12,ESH6,breakout|vwap_flow|2,-1,15,16,20,6711.5,6720.75,6720.5,6693.5,stop,False,-467.0,450.0
2026-03-13,ESH6,breakout|vwap_flow|2,1,15,16,27,6735.0,6719.5,6719.75,6765.5,stop,False,-779.5,762.5
2026-03-16,ESM6,breakout|vwap_flow|2,1,15,16,19,6769.0,6758.25,6758.5,6790.0,stop,False,-542.0,525.0
2026-03-17,ESM6,breakout|vwap_flow|2,1,16,17,32,6808.0,6797.25,6797.5,6829.0,stop,False,-542.0,525.0
2026-03-18,ESM6,breakout|vwap_flow|2,1,16,17,21,6759.25,6750.5,6750.75,6776.25,stop,False,-442.0,425.0
2026-03-19,ESM6,breakout|vwap_flow|2,1,19,20,54,6640.0,6627.0,6627.25,6665.5,stop,False,-654.5,637.5
2026-03-20,ESM6,breakout|vwap_flow|2,-1,20,21,41,6619.25,6598.75,6629.5,6598.75,target,False,1020.5,512.5
2026-03-23,ESM6,breakout|vwap_flow|2,1,22,23,137,6676.75,6658.5,6658.75,6712.75,stop,False,-917.0,900.0
2026-03-24,ESM6,breakout|vwap_flow|2,1,37,38,43,6608.0,6591.5,6591.75,6640.5,stop,False,-829.5,812.5
2026-03-25,ESM6,breakout|vwap_flow|2,-1,17,18,30,6659.75,6635.75,6671.75,6635.75,target,False,1195.5,600.0
2026-03-26,ESM6,breakout|vwap_flow|2,1,15,16,79,6607.25,6595.0,6595.25,6631.25,stop,False,-617.0,600.0
2026-03-27,ESM6,breakout|vwap_flow|2,-1,25,26,96,6464.25,6479.25,6479.0,6434.75,stop,False,-754.5,737.5
2026-03-30,ESM6,breakout|vwap_flow|2,-1,16,17,91,6431.0,6449.5,6449.25,6394.5,stop,False,-929.5,912.5
2026-03-31,ESM6,breakout|vwap_flow|2,1,16,17,30,6474.25,6496.75,6463.0,6496.75,target,False,1120.5,562.5
2026-04-01,ESM6,breakout|vwap_flow|2,-1,17,18,23,6599.5,6613.5,6613.25,6572.0,stop,False,-704.5,687.5
2026-04-02,ESM6,breakout|vwap_flow|2,1,21,22,30,6540.25,6564.75,6528.0,6564.75,target,False,1220.5,612.5
2026-04-06,ESM6,breakout|vwap_flow|2,1,27,28,34,6643.25,6630.75,6631.0,6667.75,stop,False,-629.5,612.5
2026-04-07,ESM6,breakout|vwap_flow|2,-1,17,18,25,6607.0,6621.25,6621.0,6579.0,stop,False,-717.0,700.0
2026-04-08,ESM6,breakout|vwap_flow|2,-1,21,22,86,6809.25,6785.75,6821.0,6785.75,target,False,1170.5,587.5
2026-04-09,ESM6,breakout|vwap_flow|2,-1,46,47,81,6808.0,6814.75,6814.5,6795.0,stop,False,-342.0,325.0
2026-04-10,ESM6,breakout|vwap_flow|2,-1,20,21,43,6864.25,6872.0,6871.75,6849.25,stop,False,-392.0,375.0
2026-04-13,ESM6,breakout|vwap_flow|2,1,19,20,22,6849.25,6842.25,6842.5,6862.75,stop,False,-354.5,337.5
2026-04-14,ESM6,breakout|vwap_flow|2,1,36,37,116,6962.0,6986.0,6950.0,6986.0,target,False,1195.5,600.0
2026-04-15,ESM6,breakout|vwap_flow|2,1,52,53,272,7025.75,7046.75,7015.25,7046.75,target,False,1045.5,525.0
2026-04-16,ESM6,breakout|vwap_flow|2,-1,21,22,24,7060.75,7048.75,7066.75,7048.75,target,False,595.5,300.0
2026-04-17,ESM6,breakout|vwap_flow|2,1,21,22,40,7136.5,7153.0,7128.25,7153.0,target,False,820.5,412.5
2026-04-20,ESM6,breakout|vwap_flow|2,1,25,26,41,7156.25,7149.75,7150.0,7168.75,stop,False,-329.5,312.5
2026-04-21,ESM6,breakout|vwap_flow|2,1,22,23,70,7165.5,7156.75,7157.0,7182.5,stop,False,-442.0,425.0
2026-04-22,ESM6,breakout|vwap_flow|2,1,29,30,36,7153.0,7147.0,7147.25,7164.5,stop,False,-304.5,287.5
2026-04-23,ESM6,breakout|vwap_flow|2,1,16,17,30,7165.5,7158.25,7158.5,7179.5,stop,False,-367.0,350.0
2026-04-24,ESM6,breakout|vwap_flow|2,-1,24,25,39,7150.0,7158.25,7158.0,7134.0,stop,False,-417.0,400.0
2026-04-27,ESM6,breakout|vwap_flow|2,-1,108,109,156,7182.75,7190.75,7190.5,7167.25,stop,False,-404.5,387.5
2026-04-28,ESM6,breakout|vwap_flow|2,-1,65,66,293,7159.5,7170.5,7170.25,7138.0,stop,False,-554.5,537.5
2026-04-29,ESM6,breakout|vwap_flow|2,-1,15,16,20,7150.5,7157.0,7156.75,7138.0,stop,False,-329.5,312.5
2026-04-30,ESM6,breakout|vwap_flow|2,-1,25,26,76,7165.0,7182.25,7182.0,7131.0,stop,False,-867.0,850.0
2026-05-01,ESM6,breakout|vwap_flow|2,1,20,21,33,7278.75,7297.75,7269.25,7297.75,target,False,945.5,475.0
2026-05-04,ESM6,breakout|vwap_flow|2,1,17,18,38,7253.75,7248.0,7248.25,7264.75,stop,False,-292.0,275.0
2026-05-05,ESM6,breakout|vwap_flow|2,1,15,16,46,7274.25,7269.0,7269.25,7284.25,stop,False,-267.0,250.0
2026-05-06,ESM6,breakout|vwap_flow|2,1,24,25,37,7346.250000000001,7337.000000000001,7337.250000000001,7364.250000000001,stop,False,-467.0,450.0
2026-05-07,ESM6,breakout|vwap_flow|2,-1,15,16,34,7388.000000000001,7393.500000000001,7393.250000000001,7377.500000000001,stop,False,-279.5,262.5
2026-05-08,ESM6,breakout|vwap_flow|2,1,15,16,29,7403.750000000001,7413.250000000001,7399.000000000001,7413.250000000001,target,False,470.5,237.5
2026-05-11,ESM6,breakout|vwap_flow|2,1,15,16,61,7433.250000000001,7423.250000000001,7423.500000000001,7452.750000000001,stop,False,-504.5,487.5
2026-05-12,ESM6,breakout|vwap_flow|2,-1,21,22,23,7399.500000000001,7408.500000000001,7408.250000000001,7382.000000000001,stop,False,-454.5,437.5
2026-05-13,ESM6,breakout|vwap_flow|2,-1,16,17,32,7407.750000000001,7418.000000000001,7417.750000000001,7387.750000000001,stop,False,-517.0,500.0
2026-05-14,ESM6,breakout|vwap_flow|2,1,17,18,29,7500.750000000001,7490.000000000001,7490.250000000001,7521.750000000001,stop,False,-542.0,525.0
2026-05-15,ESM6,breakout|vwap_flow|2,-1,15,16,24,7424.250000000001,7442.000000000001,7441.750000000001,7389.250000000001,stop,False,-892.0,875.0
2026-05-18,ESM6,breakout|vwap_flow|2,1,23,24,32,7444.250000000001,7433.250000000001,7433.500000000001,7465.750000000001,stop,False,-554.5,537.5
2026-05-19,ESM6,breakout|vwap_flow|2,-1,16,17,17,7370.000000000001,7381.500000000001,7381.250000000001,7347.500000000001,stop,False,-579.5,562.5
2026-05-20,ESM6,breakout|vwap_flow|2,1,15,16,21,7403.000000000001,7393.000000000001,7393.250000000001,7422.500000000001,stop,False,-504.5,487.5
2026-05-21,ESM6,breakout|vwap_flow|2,1,22,23,32,7428.500000000001,7442.000000000001,7421.750000000001,7442.000000000001,target,False,670.5,337.5
2026-05-22,ESM6,breakout|vwap_flow|2,-1,36,37,95,7490.750000000001,7503.750000000001,7503.500000000001,7465.250000000001,stop,False,-654.5,637.5
2026-05-26,ESM6,breakout|vwap_flow|2,1,15,16,21,7543.000000000001,7534.750000000001,7535.000000000001,7559.000000000001,stop,False,-417.0,400.0
2026-05-27,ESM6,breakout|vwap_flow|2,-1,109,110,122,7524.250000000001,7535.000000000001,7534.750000000001,7503.250000000001,stop,False,-542.0,525.0
2026-05-28,ESM6,breakout|vwap_flow|2,1,30,31,34,7540.000000000001,7533.750000000001,7534.000000000001,7552.000000000001,stop,False,-317.0,300.0
2026-05-29,ESM6,breakout|vwap_flow|2,1,17,18,47,7608.000000000001,7598.000000000001,7598.250000000001,7627.500000000001,stop,False,-504.5,487.5
2026-06-02,ESM6,breakout|vwap_flow|2,1,34,35,67,7605.750000000001,7615.750000000001,7600.750000000001,7615.750000000001,target,False,495.5,250.0
2026-06-03,ESM6,breakout|vwap_flow|2,-1,15,16,175,7590.000000000001,7567.000000000001,7601.500000000001,7567.000000000001,target,False,1145.5,575.0
2026-06-04,ESM6,breakout|vwap_flow|2,1,28,29,34,7563.500000000001,7553.250000000001,7553.500000000001,7583.500000000001,stop,False,-517.0,500.0
2026-06-05,ESM6,breakout|vwap_flow|2,-1,15,16,127,7524.000000000001,7497.500000000001,7537.250000000001,7497.500000000001,target,False,1320.5,662.5
2026-06-08,ESM6,breakout|vwap_flow|2,-1,27,28,56,7436.250000000001,7452.250000000001,7452.000000000001,7404.750000000001,stop,False,-804.5,787.5
2026-06-09,ESM6,breakout|vwap_flow|2,1,15,16,27,7478.750000000001,7468.000000000001,7468.250000000001,7499.750000000001,stop,False,-542.0,525.0
2026-06-10,ESM6,breakout|vwap_flow|2,1,18,19,82,7388.000000000001,7364.000000000001,7364.250000000001,7435.500000000001,stop,False,-1204.5,1187.5
2026-06-11,ESM6,breakout|vwap_flow|2,1,16,17,41,7315.500000000001,7301.000000000001,7301.250000000001,7344.000000000001,stop,False,-729.5,712.5
2026-06-12,ESM6,breakout|vwap_flow|2,-1,15,16,30,7368.750000000001,7394.500000000001,7394.250000000001,7317.750000000001,stop,False,-1292.0,1275.0
2026-06-15,ESU6,breakout|vwap_flow|2,1,18,19,39,7618.750000000001,7609.750000000001,7610.000000000001,7636.250000000001,stop,False,-454.5,437.5
2026-06-16,ESU6,breakout|vwap_flow|2,-1,29,30,34,7622.500000000001,7629.000000000001,7628.750000000001,7610.000000000001,stop,False,-329.5,312.5
2026-06-17,ESU6,breakout|vwap_flow|2,-1,29,30,34,7581.000000000001,7588.750000000001,7588.500000000001,7566.000000000001,stop,False,-392.0,375.0
2026-06-22,ESU6,breakout|vwap_flow|2,-1,59,60,84,7561.000000000001,7535.500000000001,7573.750000000001,7535.500000000001,target,False,1270.5,637.5
2026-06-23,ESU6,breakout|vwap_flow|2,1,17,18,49,7454.500000000001,7486.500000000001,7438.500000000001,7486.500000000001,target,False,1595.5,800.0
2026-06-24,ESU6,breakout|vwap_flow|2,1,21,22,28,7469.000000000001,7453.750000000001,7454.000000000001,7499.000000000001,stop,False,-767.0,750.0
2026-06-25,ESU6,breakout|vwap_flow|2,-1,15,16,50,7429.000000000001,7456.500000000001,7456.250000000001,7374.500000000001,stop,False,-1379.5,1362.5
2026-06-26,ESU6,breakout|vwap_flow|2,1,26,27,46,7399.750000000001,7428.250000000001,7385.500000000001,7428.250000000001,target,False,1420.5,712.5
2026-06-29,ESU6,breakout|vwap_flow|2,1,15,16,25,7488.000000000001,7468.250000000001,7468.500000000001,7527.000000000001,stop,False,-992.0,975.0
2026-06-30,ESU6,breakout|vwap_flow|2,1,21,22,34,7516.750000000001,7531.750000000001,7509.250000000001,7531.750000000001,target,False,745.5,375.0
2026-07-01,ESU6,breakout|vwap_flow|2,1,29,30,105,7537.000000000001,7565.500000000001,7522.750000000001,7565.500000000001,target,False,1420.5,712.5
2026-07-02,ESU6,breakout|vwap_flow|2,1,17,18,57,7584.250000000001,7568.000000000001,7568.250000000001,7616.250000000001,stop,False,-817.0,800.0
2026-07-06,ESU6,breakout|vwap_flow|2,1,47,48,216,7573.250000000001,7593.750000000001,7563.000000000001,7593.750000000001,target,False,1020.5,512.5
2026-07-07,ESU6,breakout|vwap_flow|2,-1,23,24,44,7568.000000000001,7549.500000000001,7577.250000000001,7549.500000000001,target,False,920.5,462.5
2026-07-08,ESU6,breakout|vwap_flow|2,1,16,17,19,7524.000000000001,7513.000000000001,7513.250000000001,7545.500000000001,stop,False,-554.5,537.5
2026-07-09,ESU6,breakout|vwap_flow|2,1,15,16,42,7561.250000000001,7546.500000000001,7546.750000000001,7590.250000000001,stop,False,-742.0,725.0
2026-07-10,ESU6,breakout|vwap_flow|2,1,32,33,37,7605.750000000001,7598.250000000001,7598.500000000001,7620.250000000001,stop,False,-379.5,362.5
2026-07-13,ESU6,breakout|vwap_flow|2,-1,21,22,24,7591.000000000001,7599.000000000001,7598.750000000001,7575.500000000001,stop,False,-404.5,387.5
2026-07-14,ESU6,breakout|vwap_flow|2,1,15,16,17,7587.000000000001,7576.000000000001,7576.250000000001,7608.500000000001,stop,False,-554.5,537.5
2026-07-15,ESU6,breakout|vwap_flow|2,-1,15,16,28,7609.500000000001,7617.000000000001,7616.750000000001,7595.000000000001,stop,False,-379.5,362.5
2026-07-16,ESU6,breakout|vwap_flow|2,-1,18,19,22,7577.750000000001,7590.250000000001,7590.000000000001,7553.250000000001,stop,False,-629.5,612.5
2026-07-17,ESU6,breakout|vwap_flow|2,1,18,19,30,7496.000000000001,7515.500000000001,7486.250000000001,7515.500000000001,target,False,970.5,487.5
2026-07-20,ESU6,breakout|vwap_flow|2,-1,22,23,42,7530.750000000001,7511.750000000001,7540.250000000001,7511.750000000001,target,False,945.5,475.0
2026-07-21,ESU6,breakout|vwap_flow|2,1,57,58,388,7531.250000000001,7547.000000000001,7518.750000000001,7556.250000000001,flatten,False,783.0,625.0
2026-07-22,ESU6,breakout|vwap_flow|2,1,15,16,35,7541.250000000001,7555.250000000001,7534.250000000001,7555.250000000001,target,False,695.5,350.0
2026-07-23,ESU6,breakout|vwap_flow|2,-1,81,82,388,7440.500000000001,7442.500000000001,7461.250000000001,7399.000000000001,flatten,False,-104.5,1037.5
2026-07-24,ESU6,breakout|vwap_flow|2,1,19,20,20,7457.000000000001,7450.250000000001,7450.500000000001,7470.000000000001,stop,False,-342.0,325.0
2026-07-27,ESU6,breakout|vwap_flow|2,-1,16,17,40,7490.750000000001,7469.250000000001,7501.500000000001,7469.250000000001,target,False,1070.5,537.5
2026-07-28,ESU6,breakout|vwap_flow|2,-1,17,18,19,7417.250000000001,7432.250000000001,7432.000000000001,7387.750000000001,stop,False,-754.5,737.5
2026-07-29,ESU6,breakout|vwap_flow|2,-1,20,21,40,7439.000000000001,7422.000000000001,7447.500000000001,7422.000000000001,target,False,845.5,425.0
2026-07-30,ESU6,breakout|vwap_flow|2,1,15,16,58,7422.500000000001,7444.500000000001,7411.500000000001,7444.500000000001,target,False,1095.5,550.0
2026-07-31,ESU6,breakout|vwap_flow|2,-1,17,18,37,7477.500000000001,7441.500000000001,7495.500000000001,7441.500000000001,target,False,1795.5,900.0
2025-12-01,ESZ5,breakout|vwap_flow|3,1,17,18,55,6830.25,6822.0,6822.25,6854.25,stop,False,-417.0,400.0
2025-12-02,ESZ5,breakout|vwap_flow|3,-1,24,25,28,6840.5,6847.5,6847.25,6820.25,stop,False,-354.5,337.5
2025-12-03,ESZ5,breakout|vwap_flow|3,1,32,33,42,6842.75,6834.5,6834.75,6866.75,stop,False,-417.0,400.0
2025-12-04,ESZ5,breakout|vwap_flow|3,-1,16,17,68,6858.5,6867.5,6867.25,6832.25,stop,False,-454.5,437.5
2025-12-05,ESZ5,breakout|vwap_flow|3,1,19,20,105,6886.75,6880.25,6880.5,6905.5,stop,False,-329.5,312.5
2025-12-08,ESZ5,breakout|vwap_flow|3,-1,39,40,91,6871.5,6850.5,6878.5,6850.5,target,False,1045.5,350.0
2025-12-09,ESZ5,breakout|vwap_flow|3,1,20,21,79,6861.5,6854.5,6854.75,6881.75,stop,False,-354.5,337.5
2025-12-10,ESZ5,breakout|vwap_flow|3,1,17,18,25,6850.75,6841.5,6841.75,6877.75,stop,False,-467.0,450.0
2025-12-11,ESZ5,breakout|vwap_flow|3,-1,18,19,41,6858.0,6865.25,6865.0,6837.0,stop,False,-367.0,350.0
2025-12-12,ESZ5,breakout|vwap_flow|3,-1,19,20,24,6888.0,6894.5,6894.25,6869.25,stop,False,-329.5,312.5
2025-12-15,ESH6,breakout|vwap_flow|3,-1,15,16,54,6906.75,6872.25,6918.25,6872.25,target,False,1720.5,575.0
2025-12-16,ESH6,breakout|vwap_flow|3,-1,15,16,17,6847.5,6859.75,6859.5,6811.5,stop,False,-617.0,600.0
2025-12-17,ESH6,breakout|vwap_flow|3,-1,16,17,27,6844.0,6856.5,6856.25,6807.25,stop,False,-629.5,612.5
2025-12-18,ESH6,breakout|vwap_flow|3,1,56,57,157,6852.75,6839.5,6839.75,6891.75,stop,False,-667.0,650.0
2025-12-19,ESH6,breakout|vwap_flow|3,1,17,18,388,6877.0,6885.5,6861.75,6922.75,flatten,False,420.5,762.5
2025-12-22,ESH6,breakout|vwap_flow|3,-1,66,67,73,6910.75,6919.0,6918.75,6886.75,stop,False,-417.0,400.0
2025-12-23,ESH6,breakout|vwap_flow|3,1,15,16,32,6939.5,6929.25,6929.5,6969.5,stop,False,-517.0,500.0
2025-12-26,ESH6,breakout|vwap_flow|3,-1,31,32,60,6977.75,6985.0,6984.75,6956.75,stop,False,-367.0,350.0
2025-12-29,ESH6,breakout|vwap_flow|3,-1,39,40,60,6946.25,6956.75,6956.5,6915.5,stop,False,-529.5,512.5
2025-12-30,ESH6,breakout|vwap_flow|3,-1,15,16,16,6944.75,6949.0,6948.75,6932.75,stop,False,-217.0,200.0
2025-12-31,ESH6,breakout|vwap_flow|3,-1,15,16,25,6928.0,6937.25,6937.0,6901.0,stop,False,-467.0,450.0
2026-01-02,ESH6,breakout|vwap_flow|3,1,20,21,40,6938.0,6927.25,6927.5,6969.5,stop,False,-542.0,525.0
2026-01-05,ESH6,breakout|vwap_flow|3,1,15,16,17,6947.0,6940.25,6940.5,6966.5,stop,False,-342.0,325.0
2026-01-06,ESH6,breakout|vwap_flow|3,1,15,16,28,6956.0,6969.5,6951.5,6969.5,target,False,670.5,225.0
2026-01-07,ESH6,breakout|vwap_flow|3,1,16,17,21,6997.75,6992.0,6992.25,7014.25,stop,False,-292.0,275.0
2026-01-08,ESH6,breakout|vwap_flow|3,1,37,38,126,6959.25,6950.25,6950.5,6985.5,stop,False,-454.5,437.5
2026-01-09,ESH6,breakout|vwap_flow|3,-1,35,36,44,6967.75,6977.25,6977.0,6940.0,stop,False,-479.5,462.5
2026-01-12,ESH6,breakout|vwap_flow|3,1,20,21,388,6997.5,7017.5,6984.0,7038.0,flatten,False,995.5,675.0
2026-01-13,ESH6,breakout|vwap_flow|3,-1,18,19,51,7008.25,6989.5,7014.5,6989.5,target,False,933.0,312.5
2026-01-14,ESH6,breakout|vwap_flow|3,-1,15,16,19,6954.25,6966.5,6966.25,6918.25,stop,False,-617.0,600.0
2026-01-15,ESH6,breakout|vwap_flow|3,-1,21,22,24,6995.5,7001.75,7001.5,6977.5,stop,False,-317.0,300.0
2026-01-16,ESH6,breakout|vwap_flow|3,-1,23,24,64,6988.25,6970.25,6994.25,6970.25,target,False,895.5,300.0
2026-01-20,ESH6,breakout|vwap_flow|3,1,62,63,81,6900.0,6890.25,6890.5,6928.5,stop,False,-492.0,475.0
2026-01-21,ESH6,breakout|vwap_flow|3,1,17,18,63,6867.75,6894.75,6858.75,6894.75,target,False,1345.5,450.0
2026-01-22,ESH6,breakout|vwap_flow|3,-1,17,18,77,6942.5,6952.0,6951.75,6914.75,stop,False,-479.5,462.5
2026-01-23,ESH6,breakout|vwap_flow|3,1,29,30,204,6941.75,6933.75,6934.0,6965.0,stop,False,-404.5,387.5
2026-01-26,ESH6,breakout|vwap_flow|3,1,15,16,388,6977.25,6981.0,6965.0,7014.0,flatten,False,183.0,612.5
2026-01-27,ESH6,breakout|vwap_flow|3,1,19,20,74,6997.75,7010.5,6993.5,7010.5,target,False,633.0,212.5
2026-01-28,ESH6,breakout|vwap_flow|3,-1,36,37,88,7020.5,7007.75,7024.75,7007.75,target,False,633.0,212.5
2026-01-29,ESH6,breakout|vwap_flow|3,-1,16,17,72,6976.25,6917.75,6995.75,6917.75,target,False,2920.5,975.0
2026-01-30,ESH6,breakout|vwap_flow|3,1,41,42,53,6987.0,6974.5,6974.75,7023.75,stop,False,-629.5,612.5
2026-02-02,ESH6,breakout|vwap_flow|3,1,16,17,388,6976.75,7004.75,6960.0,7027.0,flatten,False,1395.5,837.5
2026-02-03,ESH6,breakout|vwap_flow|3,-1,25,26,54,6994.25,6962.0,7005.0,6962.0,target,False,1608.0,537.5
2026-02-04,ESH6,breakout|vwap_flow|3,-1,27,28,53,6933.0,6944.75,6944.5,6898.5,stop,False,-592.0,575.0
2026-02-05,ESH6,breakout|vwap_flow|3,-1,42,43,118,6817.25,6840.75,6840.5,6747.5,stop,False,-1179.5,1162.5
2026-02-06,ESH6,breakout|vwap_flow|3,1,15,16,46,6898.25,6874.25,6874.5,6969.5,stop,False,-1204.5,1187.5
2026-02-09,ESH6,breakout|vwap_flow|3,1,36,37,388,6958.5,6985.5,6942.0,7008.0,flatten,False,1345.5,825.0
2026-02-10,ESH6,breakout|vwap_flow|3,1,25,26,99,6997.75,6986.75,6987.0,7030.0,stop,False,-554.5,537.5
2026-02-11,ESH6,breakout|vwap_flow|3,-1,20,21,41,6990.0,6960.0,7000.0,6960.0,target,False,1495.5,500.0
2026-02-12,ESH6,breakout|vwap_flow|3,-1,15,16,67,6974.75,6953.75,6981.75,6953.75,target,False,1045.5,350.0
2026-02-13,ESH6,breakout|vwap_flow|3,1,57,58,364,6862.25,6836.5,6836.75,6938.75,stop,False,-1292.0,1275.0
2026-02-17,ESH6,breakout|vwap_flow|3,-1,17,18,99,6832.0,6846.25,6846.0,6790.0,stop,False,-717.0,700.0
2026-02-18,ESH6,breakout|vwap_flow|3,1,25,26,327,6890.0,6876.0,6876.25,6931.25,stop,False,-704.5,687.5
2026-02-19,ESH6,breakout|vwap_flow|3,1,22,23,60,6882.0,6870.25,6870.5,6916.5,stop,False,-592.0,575.0
2026-02-20,ESH6,breakout|vwap_flow|3,1,30,31,388,6886.0,6920.75,6867.5,6941.5,flatten,False,1733.0,925.0
2026-02-23,ESH6,breakout|vwap_flow|3,-1,19,20,21,6898.25,6911.5,6911.25,6859.25,stop,False,-667.0,650.0
2026-02-24,ESH6,breakout|vwap_flow|3,1,16,17,30,6874.75,6852.25,6852.5,6941.5,stop,False,-1129.5,1112.5
2026-02-25,ESH6,breakout|vwap_flow|3,1,16,17,26,6945.5,6938.5,6938.75,6965.75,stop,False,-354.5,337.5
2026-02-26,ESH6,breakout|vwap_flow|3,-1,18,19,46,6936.25,6899.5,6948.5,6899.5,target,False,1833.0,612.5
2026-02-27,ESH6,breakout|vwap_flow|3,1,35,36,237,6868.75,6855.5,6855.75,6907.75,stop,False,-667.0,650.0
2026-03-02,ESH6,breakout|vwap_flow|3,1,15,16,388,6849.75,6894.75,6827.5,6916.5,flatten,False,2245.5,1112.5
2026-03-03,ESH6,breakout|vwap_flow|3,-1,19,20,96,6747.0,6767.25,6767.0,6687.0,stop,False,-1017.0,1000.0
2026-03-04,ESH6,breakout|vwap_flow|3,1,43,44,388,6860.0,6880.0,6842.5,6912.5,flatten,False,995.5,875.0
2026-03-05,ESH6,breakout|vwap_flow|3,1,27,28,37,6867.5,6854.0,6854.25,6907.25,stop,False,-679.5,662.5
2026-03-06,ESH6,breakout|vwap_flow|3,1,60,61,82,6762.0,6743.25,6743.5,6817.5,stop,False,-942.0,925.0
2026-03-09,ESH6,breakout|vwap_flow|3,-1,15,16,33,6652.25,6672.5,6672.25,6592.25,stop,False,-1017.0,1000.0
2026-03-10,ESH6,breakout|vwap_flow|3,-1,30,31,35,6768.5,6784.0,6783.75,6722.75,stop,False,-779.5,762.5
2026-03-11,ESH6,breakout|vwap_flow|3,-1,17,18,23,6785.75,6792.75,6792.5,6765.5,stop,False,-354.5,337.5
2026-03-12,ESH6,breakout|vwap_flow|3,-1,15,16,20,6711.5,6720.75,6720.5,6684.5,stop,False,-467.0,450.0
2026-03-13,ESH6,breakout|vwap_flow|3,1,15,16,27,6735.0,6719.5,6719.75,6780.75,stop,False,-779.5,762.5
2026-03-16,ESM6,breakout|vwap_flow|3,1,15,16,19,6769.0,6758.25,6758.5,6800.5,stop,False,-542.0,525.0
2026-03-17,ESM6,breakout|vwap_flow|3,1,16,17,32,6808.0,6797.25,6797.5,6839.5,stop,False,-542.0,525.0
2026-03-18,ESM6,breakout|vwap_flow|3,1,16,17,21,6759.25,6750.5,6750.75,6784.75,stop,False,-442.0,425.0
2026-03-19,ESM6,breakout|vwap_flow|3,1,19,20,54,6640.0,6627.0,6627.25,6678.25,stop,False,-654.5,637.5
2026-03-20,ESM6,breakout|vwap_flow|3,-1,20,21,84,6619.25,6588.5,6629.5,6588.5,target,False,1533.0,512.5
2026-03-23,ESM6,breakout|vwap_flow|3,1,22,23,137,6676.75,6658.5,6658.75,6730.75,stop,False,-917.0,900.0
2026-03-24,ESM6,breakout|vwap_flow|3,1,37,38,43,6608.0,6591.5,6591.75,6656.75,stop,False,-829.5,812.5
2026-03-25,ESM6,breakout|vwap_flow|3,-1,17,18,106,6659.75,6623.75,6671.75,6623.75,target,False,1795.5,600.0
2026-03-26,ESM6,breakout|vwap_flow|3,1,15,16,79,6607.25,6595.0,6595.25,6643.25,stop,False,-617.0,600.0
2026-03-27,ESM6,breakout|vwap_flow|3,-1,25,26,96,6464.25,6479.25,6479.0,6420.0,stop,False,-754.5,737.5
2026-03-30,ESM6,breakout|vwap_flow|3,-1,16,17,91,6431.0,6449.5,6449.25,6376.25,stop,False,-929.5,912.5
2026-03-31,ESM6,breakout|vwap_flow|3,1,16,17,78,6474.25,6462.75,6463.0,6508.0,stop,False,-579.5,562.5
2026-04-01,ESM6,breakout|vwap_flow|3,-1,17,18,23,6599.5,6613.5,6613.25,6558.25,stop,False,-704.5,687.5
2026-04-02,ESM6,breakout|vwap_flow|3,1,21,22,62,6540.25,6577.0,6528.0,6577.0,target,False,1833.0,612.5
2026-04-06,ESM6,breakout|vwap_flow|3,1,27,28,34,6643.25,6630.75,6631.0,6680.0,stop,False,-629.5,612.5
2026-04-07,ESM6,breakout|vwap_flow|3,-1,17,18,25,6607.0,6621.25,6621.0,6565.0,stop,False,-717.0,700.0
2026-04-08,ESM6,breakout|vwap_flow|3,-1,21,22,153,6809.25,6821.25,6821.0,6774.0,stop,False,-604.5,587.5
2026-04-09,ESM6,breakout|vwap_flow|3,-1,46,47,81,6808.0,6814.75,6814.5,6788.5,stop,False,-342.0,325.0
2026-04-10,ESM6,breakout|vwap_flow|3,-1,20,21,43,6864.25,6872.0,6871.75,6841.75,stop,False,-392.0,375.0
2026-04-13,ESM6,breakout|vwap_flow|3,1,19,20,22,6849.25,6842.25,6842.5,6869.5,stop,False,-354.5,337.5
2026-04-14,ESM6,breakout|vwap_flow|3,1,36,37,176,6962.0,6998.0,6950.0,6998.0,target,False,1795.5,600.0
2026-04-15,ESM6,breakout|vwap_flow|3,1,52,53,321,7025.75,7057.25,7015.25,7057.25,target,False,1570.5,525.0
2026-04-16,ESM6,breakout|vwap_flow|3,-1,21,22,93,7060.75,7067.0,7066.75,7042.75,stop,False,-317.0,300.0
2026-04-17,ESM6,breakout|vwap_flow|3,1,21,22,63,7136.5,7161.25,7128.25,7161.25,target,False,1233.0,412.5
2026-04-20,ESM6,breakout|vwap_flow|3,1,25,26,41,7156.25,7149.75,7150.0,7175.0,stop,False,-329.5,312.5
2026-04-21,ESM6,breakout|vwap_flow|3,1,22,23,70,7165.5,7156.75,7157.0,7191.0,stop,False,-442.0,425.0
2026-04-22,ESM6,breakout|vwap_flow|3,1,29,30,36,7153.0,7147.0,7147.25,7170.25,stop,False,-304.5,287.5
2026-04-23,ESM6,breakout|vwap_flow|3,1,16,17,30,7165.5,7158.25,7158.5,7186.5,stop,False,-367.0,350.0
2026-04-24,ESM6,breakout|vwap_flow|3,-1,24,25,39,7150.0,7158.25,7158.0,7126.0,stop,False,-417.0,400.0
2026-04-27,ESM6,breakout|vwap_flow|3,-1,108,109,156,7182.75,7190.75,7190.5,7159.5,stop,False,-404.5,387.5
2026-04-28,ESM6,breakout|vwap_flow|3,-1,65,66,293,7159.5,7170.5,7170.25,7127.25,stop,False,-554.5,537.5
2026-04-29,ESM6,breakout|vwap_flow|3,-1,15,16,20,7150.5,7157.0,7156.75,7131.75,stop,False,-329.5,312.5
2026-04-30,ESM6,breakout|vwap_flow|3,-1,25,26,76,7165.0,7182.25,7182.0,7114.0,stop,False,-867.0,850.0
2026-05-01,ESM6,breakout|vwap_flow|3,1,20,21,183,7278.75,7269.0,7269.25,7307.25,stop,False,-492.0,475.0
2026-05-04,ESM6,breakout|vwap_flow|3,1,17,18,38,7253.75,7248.0,7248.25,7270.25,stop,False,-292.0,275.0
2026-05-05,ESM6,breakout|vwap_flow|3,1,15,16,46,7274.25,7269.0,7269.25,7289.25,stop,False,-267.0,250.0
2026-05-06,ESM6,breakout|vwap_flow|3,1,24,25,37,7346.250000000001,7337.000000000001,7337.250000000001,7373.250000000001,stop,False,-467.0,450.0
2026-05-07,ESM6,breakout|vwap_flow|3,-1,15,16,34,7388.000000000001,7393.500000000001,7393.250000000001,7372.250000000001,stop,False,-279.5,262.5
2026-05-08,ESM6,breakout|vwap_flow|3,1,15,16,51,7403.750000000001,7418.000000000001,7399.000000000001,7418.000000000001,target,False,708.0,237.5
2026-05-11,ESM6,breakout|vwap_flow|3,1,15,16,61,7433.250000000001,7423.250000000001,7423.500000000001,7462.500000000001,stop,False,-504.5,487.5
2026-05-12,ESM6,breakout|vwap_flow|3,-1,21,22,23,7399.500000000001,7408.500000000001,7408.250000000001,7373.250000000001,stop,False,-454.5,437.5
2026-05-13,ESM6,breakout|vwap_flow|3,-1,16,17,32,7407.750000000001,7418.000000000001,7417.750000000001,7377.750000000001,stop,False,-517.0,500.0
2026-05-14,ESM6,breakout|vwap_flow|3,1,17,18,29,7500.750000000001,7490.000000000001,7490.250000000001,7532.250000000001,stop,False,-542.0,525.0
2026-05-15,ESM6,breakout|vwap_flow|3,-1,15,16,24,7424.250000000001,7442.000000000001,7441.750000000001,7371.750000000001,stop,False,-892.0,875.0
2026-05-18,ESM6,breakout|vwap_flow|3,1,23,24,32,7444.250000000001,7433.250000000001,7433.500000000001,7476.500000000001,stop,False,-554.5,537.5
2026-05-19,ESM6,breakout|vwap_flow|3,-1,16,17,17,7370.000000000001,7381.500000000001,7381.250000000001,7336.250000000001,stop,False,-579.5,562.5
2026-05-20,ESM6,breakout|vwap_flow|3,1,15,16,21,7403.000000000001,7393.000000000001,7393.250000000001,7432.250000000001,stop,False,-504.5,487.5
2026-05-21,ESM6,breakout|vwap_flow|3,1,22,23,46,7428.500000000001,7421.500000000001,7421.750000000001,7448.750000000001,stop,False,-354.5,337.5
2026-05-22,ESM6,breakout|vwap_flow|3,-1,36,37,95,7490.750000000001,7503.750000000001,7503.500000000001,7452.500000000001,stop,False,-654.5,637.5
2026-05-26,ESM6,breakout|vwap_flow|3,1,15,16,21,7543.000000000001,7534.750000000001,7535.000000000001,7567.000000000001,stop,False,-417.0,400.0
2026-05-27,ESM6,breakout|vwap_flow|3,-1,109,110,122,7524.250000000001,7535.000000000001,7534.750000000001,7492.750000000001,stop,False,-542.0,525.0
2026-05-28,ESM6,breakout|vwap_flow|3,1,30,31,34,7540.000000000001,7533.750000000001,7534.000000000001,7558.000000000001,stop,False,-317.0,300.0
2026-05-29,ESM6,breakout|vwap_flow|3,1,17,18,47,7608.000000000001,7598.000000000001,7598.250000000001,7637.250000000001,stop,False,-504.5,487.5
2026-06-02,ESM6,breakout|vwap_flow|3,1,34,35,80,7605.750000000001,7620.750000000001,7600.750000000001,7620.750000000001,target,False,745.5,250.0
2026-06-03,ESM6,breakout|vwap_flow|3,-1,15,16,388,7590.000000000001,7575.500000000001,7601.500000000001,7555.500000000001,flatten,False,720.5,575.0
2026-06-04,ESM6,breakout|vwap_flow|3,1,28,29,34,7563.500000000001,7553.250000000001,7553.500000000001,7593.500000000001,stop,False,-517.0,500.0
2026-06-05,ESM6,breakout|vwap_flow|3,-1,15,16,155,7524.000000000001,7484.250000000001,7537.250000000001,7484.250000000001,target,False,1983.0,662.5
2026-06-08,ESM6,breakout|vwap_flow|3,-1,27,28,56,7436.250000000001,7452.250000000001,7452.000000000001,7389.000000000001,stop,False,-804.5,787.5
2026-06-09,ESM6,breakout|vwap_flow|3,1,15,16,27,7478.750000000001,7468.000000000001,7468.250000000001,7510.250000000001,stop,False,-542.0,525.0
2026-06-10,ESM6,breakout|vwap_flow|3,1,18,19,82,7388.000000000001,7364.000000000001,7364.250000000001,7459.250000000001,stop,False,-1204.5,1187.5
2026-06-11,ESM6,breakout|vwap_flow|3,1,16,17,41,7315.500000000001,7301.000000000001,7301.250000000001,7358.250000000001,stop,False,-729.5,712.5
2026-06-12,ESM6,breakout|vwap_flow|3,-1,15,16,30,7368.750000000001,7394.500000000001,7394.250000000001,7292.250000000001,stop,False,-1292.0,1275.0
2026-06-15,ESU6,breakout|vwap_flow|3,1,18,19,39,7618.750000000001,7609.750000000001,7610.000000000001,7645.000000000001,stop,False,-454.5,437.5
2026-06-16,ESU6,breakout|vwap_flow|3,-1,29,30,34,7622.500000000001,7629.000000000001,7628.750000000001,7603.750000000001,stop,False,-329.5,312.5
2026-06-17,ESU6,breakout|vwap_flow|3,-1,29,30,34,7581.000000000001,7588.750000000001,7588.500000000001,7558.500000000001,stop,False,-392.0,375.0
2026-06-22,ESU6,breakout|vwap_flow|3,-1,59,60,388,7561.000000000001,7540.000000000001,7573.750000000001,7522.750000000001,flatten,False,1045.5,637.5
2026-06-23,ESU6,breakout|vwap_flow|3,1,17,18,115,7454.500000000001,7438.250000000001,7438.500000000001,7502.500000000001,stop,False,-817.0,800.0
2026-06-24,ESU6,breakout|vwap_flow|3,1,21,22,28,7469.000000000001,7453.750000000001,7454.000000000001,7514.000000000001,stop,False,-767.0,750.0
2026-06-25,ESU6,breakout|vwap_flow|3,-1,15,16,50,7429.000000000001,7456.500000000001,7456.250000000001,7347.250000000001,stop,False,-1379.5,1362.5
2026-06-26,ESU6,breakout|vwap_flow|3,1,26,27,120,7399.750000000001,7442.500000000001,7385.500000000001,7442.500000000001,target,False,2133.0,712.5
2026-06-29,ESU6,breakout|vwap_flow|3,1,15,16,25,7488.000000000001,7468.250000000001,7468.500000000001,7546.500000000001,stop,False,-992.0,975.0
2026-06-30,ESU6,breakout|vwap_flow|3,1,21,22,62,7516.750000000001,7539.250000000001,7509.250000000001,7539.250000000001,target,False,1120.5,375.0
2026-07-01,ESU6,breakout|vwap_flow|3,1,29,30,388,7537.000000000001,7539.250000000001,7522.750000000001,7579.750000000001,flatten,False,108.0,712.5
2026-07-02,ESU6,breakout|vwap_flow|3,1,17,18,57,7584.250000000001,7568.000000000001,7568.250000000001,7632.250000000001,stop,False,-817.0,800.0
2026-07-06,ESU6,breakout|vwap_flow|3,1,47,48,388,7573.250000000001,7591.750000000001,7563.000000000001,7604.000000000001,flatten,False,920.5,512.5
2026-07-07,ESU6,breakout|vwap_flow|3,-1,23,24,55,7568.000000000001,7540.250000000001,7577.250000000001,7540.250000000001,target,False,1383.0,462.5
2026-07-08,ESU6,breakout|vwap_flow|3,1,16,17,19,7524.000000000001,7513.000000000001,7513.250000000001,7556.250000000001,stop,False,-554.5,537.5
2026-07-09,ESU6,breakout|vwap_flow|3,1,15,16,42,7561.250000000001,7546.500000000001,7546.750000000001,7604.750000000001,stop,False,-742.0,725.0
2026-07-10,ESU6,breakout|vwap_flow|3,1,32,33,37,7605.750000000001,7598.250000000001,7598.500000000001,7627.500000000001,stop,False,-379.5,362.5
2026-07-13,ESU6,breakout|vwap_flow|3,-1,21,22,24,7591.000000000001,7599.000000000001,7598.750000000001,7567.750000000001,stop,False,-404.5,387.5
2026-07-14,ESU6,breakout|vwap_flow|3,1,15,16,17,7587.000000000001,7576.000000000001,7576.250000000001,7619.250000000001,stop,False,-554.5,537.5
2026-07-15,ESU6,breakout|vwap_flow|3,-1,15,16,28,7609.500000000001,7617.000000000001,7616.750000000001,7587.750000000001,stop,False,-379.5,362.5
2026-07-16,ESU6,breakout|vwap_flow|3,-1,18,19,22,7577.750000000001,7590.250000000001,7590.000000000001,7541.000000000001,stop,False,-629.5,612.5
2026-07-17,ESU6,breakout|vwap_flow|3,1,18,19,35,7496.000000000001,7525.250000000001,7486.250000000001,7525.250000000001,target,False,1458.0,487.5
2026-07-20,ESU6,breakout|vwap_flow|3,-1,22,23,88,7530.750000000001,7502.250000000001,7540.250000000001,7502.250000000001,target,False,1420.5,475.0
2026-07-21,ESU6,breakout|vwap_flow|3,1,57,58,388,7531.250000000001,7547.000000000001,7518.750000000001,7568.750000000001,flatten,False,783.0,625.0
2026-07-22,ESU6,breakout|vwap_flow|3,1,15,16,56,7541.250000000001,7534.000000000001,7534.250000000001,7562.250000000001,stop,False,-367.0,350.0
2026-07-23,ESU6,breakout|vwap_flow|3,-1,81,82,388,7440.500000000001,7442.500000000001,7461.250000000001,7378.250000000001,flatten,False,-104.5,1037.5
2026-07-24,ESU6,breakout|vwap_flow|3,1,19,20,20,7457.000000000001,7450.250000000001,7450.500000000001,7476.500000000001,stop,False,-342.0,325.0
2026-07-27,ESU6,breakout|vwap_flow|3,-1,16,17,53,7490.750000000001,7458.500000000001,7501.500000000001,7458.500000000001,target,False,1608.0,537.5
2026-07-28,ESU6,breakout|vwap_flow|3,-1,17,18,19,7417.250000000001,7432.250000000001,7432.000000000001,7373.000000000001,stop,False,-754.5,737.5
2026-07-29,ESU6,breakout|vwap_flow|3,-1,20,21,42,7439.000000000001,7413.500000000001,7447.500000000001,7413.500000000001,target,False,1270.5,425.0
2026-07-30,ESU6,breakout|vwap_flow|3,1,15,16,85,7422.500000000001,7411.250000000001,7411.500000000001,7455.500000000001,stop,False,-567.0,550.0
2026-07-31,ESU6,breakout|vwap_flow|3,-1,17,18,174,7477.500000000001,7495.750000000001,7495.500000000001,7423.500000000001,stop,False,-917.0,900.0
2025-12-16,ESH6,breakout|vwap_flow_rvol|2,-1,15,16,17,6847.5,6859.75,6859.5,6823.5,stop,False,-617.0,600.0
2025-12-17,ESH6,breakout|vwap_flow_rvol|2,-1,16,17,27,6844.0,6856.5,6856.25,6819.5,stop,False,-629.5,612.5
2025-12-18,ESH6,breakout|vwap_flow_rvol|2,1,56,57,157,6852.75,6839.5,6839.75,6878.75,stop,False,-667.0,650.0
2025-12-19,ESH6,breakout|vwap_flow_rvol|2,1,17,18,388,6877.0,6885.5,6861.75,6907.5,flatten,False,420.5,762.5
2026-01-02,ESH6,breakout|vwap_flow_rvol|2,1,20,21,40,6938.0,6927.25,6927.5,6959.0,stop,False,-542.0,525.0
2026-01-05,ESH6,breakout|vwap_flow_rvol|2,1,15,16,17,6947.0,6940.25,6940.5,6960.0,stop,False,-342.0,325.0
2026-01-08,ESH6,breakout|vwap_flow_rvol|2,1,37,38,126,6959.25,6950.25,6950.5,6976.75,stop,False,-454.5,437.5
2026-01-09,ESH6,breakout|vwap_flow_rvol|2,-1,35,36,44,6967.75,6977.25,6977.0,6949.25,stop,False,-479.5,462.5
2026-01-12,ESH6,breakout|vwap_flow_rvol|2,1,20,21,331,6997.5,7024.5,6984.0,7024.5,target,False,1345.5,675.0
2026-01-14,ESH6,breakout|vwap_flow_rvol|2,-1,15,16,19,6954.25,6966.5,6966.25,6930.25,stop,False,-617.0,600.0
2026-01-15,ESH6,breakout|vwap_flow_rvol|2,-1,21,22,24,6995.5,7001.75,7001.5,6983.5,stop,False,-317.0,300.0
2026-01-20,ESH6,breakout|vwap_flow_rvol|2,1,62,63,81,6900.0,6890.25,6890.5,6919.0,stop,False,-492.0,475.0
2026-01-21,ESH6,breakout|vwap_flow_rvol|2,1,17,18,46,6867.75,6885.75,6858.75,6885.75,target,False,895.5,450.0
2026-01-22,ESH6,breakout|vwap_flow_rvol|2,-1,17,18,77,6942.5,6952.0,6951.75,6924.0,stop,False,-479.5,462.5
2026-01-29,ESH6,breakout|vwap_flow_rvol|2,-1,16,17,60,6976.25,6937.25,6995.75,6937.25,target,False,1945.5,975.0
2026-01-30,ESH6,breakout|vwap_flow_rvol|2,1,41,42,53,6987.0,6974.5,6974.75,7011.5,stop,False,-629.5,612.5
2026-02-02,ESH6,breakout|vwap_flow_rvol|2,1,16,17,151,6976.75,7010.25,6960.0,7010.25,target,False,1670.5,837.5
2026-02-03,ESH6,breakout|vwap_flow_rvol|2,-1,25,26,31,6994.25,6972.75,7005.0,6972.75,target,False,1070.5,537.5
2026-02-04,ESH6,breakout|vwap_flow_rvol|2,-1,27,28,53,6933.0,6944.75,6944.5,6910.0,stop,False,-592.0,575.0
2026-02-05,ESH6,breakout|vwap_flow_rvol|2,-1,42,43,118,6817.25,6840.75,6840.5,6770.75,stop,False,-1179.5,1162.5
2026-02-06,ESH6,breakout|vwap_flow_rvol|2,1,15,16,46,6898.25,6874.25,6874.5,6945.75,stop,False,-1204.5,1187.5
2026-02-09,ESH6,breakout|vwap_flow_rvol|2,1,36,37,134,6958.5,6991.5,6942.0,6991.5,target,False,1645.5,825.0
2026-02-11,ESH6,breakout|vwap_flow_rvol|2,-1,20,21,39,6990.0,6970.0,7000.0,6970.0,target,False,995.5,500.0
2026-02-13,ESH6,breakout|vwap_flow_rvol|2,1,57,58,364,6862.25,6836.5,6836.75,6913.25,stop,False,-1292.0,1275.0
2026-02-17,ESH6,breakout|vwap_flow_rvol|2,-1,17,18,26,6832.0,6804.0,6846.0,6804.0,target,False,1395.5,700.0
2026-02-18,ESH6,breakout|vwap_flow_rvol|2,1,25,26,46,6890.0,6917.5,6876.25,6917.5,target,False,1370.5,687.5
2026-02-19,ESH6,breakout|vwap_flow_rvol|2,1,22,23,60,6882.0,6870.25,6870.5,6905.0,stop,False,-592.0,575.0
2026-02-20,ESH6,breakout|vwap_flow_rvol|2,1,30,31,31,6886.0,6923.0,6867.5,6923.0,target,False,1845.5,925.0
2026-02-24,ESH6,breakout|vwap_flow_rvol|2,1,16,17,30,6874.75,6852.25,6852.5,6919.25,stop,False,-1129.5,1112.5
2026-02-26,ESH6,breakout|vwap_flow_rvol|2,-1,18,19,45,6936.25,6911.75,6948.5,6911.75,target,False,1220.5,612.5
2026-02-27,ESH6,breakout|vwap_flow_rvol|2,1,35,36,237,6868.75,6855.5,6855.75,6894.75,stop,False,-667.0,650.0
2026-03-02,ESH6,breakout|vwap_flow_rvol|2,1,15,16,138,6849.75,6894.25,6827.5,6894.25,target,False,2220.5,1112.5
2026-03-03,ESH6,breakout|vwap_flow_rvol|2,-1,19,20,96,6747.0,6767.25,6767.0,6707.0,stop,False,-1017.0,1000.0
2026-03-06,ESH6,breakout|vwap_flow_rvol|2,1,60,61,82,6762.0,6743.25,6743.5,6799.0,stop,False,-942.0,925.0
2026-03-19,ESM6,breakout|vwap_flow_rvol|2,1,19,20,54,6640.0,6627.0,6627.25,6665.5,stop,False,-654.5,637.5
2026-03-27,ESM6,breakout|vwap_flow_rvol|2,-1,25,26,96,6464.25,6479.25,6479.0,6434.75,stop,False,-754.5,737.5
2026-04-01,ESM6,breakout|vwap_flow_rvol|2,-1,17,18,23,6599.5,6613.5,6613.25,6572.0,stop,False,-704.5,687.5
2026-04-08,ESM6,breakout|vwap_flow_rvol|2,-1,21,22,86,6809.25,6785.75,6821.0,6785.75,target,False,1170.5,587.5
2026-04-14,ESM6,breakout|vwap_flow_rvol|2,1,36,37,116,6962.0,6986.0,6950.0,6986.0,target,False,1195.5,600.0
2026-04-15,ESM6,breakout|vwap_flow_rvol|2,1,52,53,272,7025.75,7046.75,7015.25,7046.75,target,False,1045.5,525.0
2026-04-17,ESM6,breakout|vwap_flow_rvol|2,1,21,22,40,7136.5,7153.0,7128.25,7153.0,target,False,820.5,412.5
2026-04-24,ESM6,breakout|vwap_flow_rvol|2,-1,24,25,39,7150.0,7158.25,7158.0,7134.0,stop,False,-417.0,400.0
2026-04-28,ESM6,breakout|vwap_flow_rvol|2,-1,65,66,293,7159.5,7170.5,7170.25,7138.0,stop,False,-554.5,537.5
2026-04-30,ESM6,breakout|vwap_flow_rvol|2,-1,25,26,76,7165.0,7182.25,7182.0,7131.0,stop,False,-867.0,850.0
2026-05-01,ESM6,breakout|vwap_flow_rvol|2,1,20,21,33,7278.75,7297.75,7269.25,7297.75,target,False,945.5,475.0
2026-05-06,ESM6,breakout|vwap_flow_rvol|2,1,24,25,37,7346.250000000001,7337.000000000001,7337.250000000001,7364.250000000001,stop,False,-467.0,450.0
2026-05-12,ESM6,breakout|vwap_flow_rvol|2,-1,21,22,23,7399.500000000001,7408.500000000001,7408.250000000001,7382.000000000001,stop,False,-454.5,437.5
2026-05-13,ESM6,breakout|vwap_flow_rvol|2,-1,16,17,32,7407.750000000001,7418.000000000001,7417.750000000001,7387.750000000001,stop,False,-517.0,500.0
2026-05-15,ESM6,breakout|vwap_flow_rvol|2,-1,15,16,24,7424.250000000001,7442.000000000001,7441.750000000001,7389.250000000001,stop,False,-892.0,875.0
2026-05-18,ESM6,breakout|vwap_flow_rvol|2,1,23,24,32,7444.250000000001,7433.250000000001,7433.500000000001,7465.750000000001,stop,False,-554.5,537.5
2026-05-19,ESM6,breakout|vwap_flow_rvol|2,-1,16,17,17,7370.000000000001,7381.500000000001,7381.250000000001,7347.500000000001,stop,False,-579.5,562.5
2026-05-20,ESM6,breakout|vwap_flow_rvol|2,1,15,16,21,7403.000000000001,7393.000000000001,7393.250000000001,7422.500000000001,stop,False,-504.5,487.5
2026-05-21,ESM6,breakout|vwap_flow_rvol|2,1,22,23,32,7428.500000000001,7442.000000000001,7421.750000000001,7442.000000000001,target,False,670.5,337.5
2026-05-22,ESM6,breakout|vwap_flow_rvol|2,-1,36,37,95,7490.750000000001,7503.750000000001,7503.500000000001,7465.250000000001,stop,False,-654.5,637.5
2026-05-27,ESM6,breakout|vwap_flow_rvol|2,-1,109,110,122,7524.250000000001,7535.000000000001,7534.750000000001,7503.250000000001,stop,False,-542.0,525.0
2026-06-03,ESM6,breakout|vwap_flow_rvol|2,-1,15,16,175,7590.000000000001,7567.000000000001,7601.500000000001,7567.000000000001,target,False,1145.5,575.0
2026-06-04,ESM6,breakout|vwap_flow_rvol|2,1,28,29,34,7563.500000000001,7553.250000000001,7553.500000000001,7583.500000000001,stop,False,-517.0,500.0
2026-06-05,ESM6,breakout|vwap_flow_rvol|2,-1,15,16,127,7524.000000000001,7497.500000000001,7537.250000000001,7497.500000000001,target,False,1320.5,662.5
2026-06-08,ESM6,breakout|vwap_flow_rvol|2,-1,27,28,56,7436.250000000001,7452.250000000001,7452.000000000001,7404.750000000001,stop,False,-804.5,787.5
2026-06-10,ESM6,breakout|vwap_flow_rvol|2,1,18,19,82,7388.000000000001,7364.000000000001,7364.250000000001,7435.500000000001,stop,False,-1204.5,1187.5
2026-06-11,ESM6,breakout|vwap_flow_rvol|2,1,16,17,41,7315.500000000001,7301.000000000001,7301.250000000001,7344.000000000001,stop,False,-729.5,712.5
2026-06-12,ESM6,breakout|vwap_flow_rvol|2,-1,15,16,30,7368.750000000001,7394.500000000001,7394.250000000001,7317.750000000001,stop,False,-1292.0,1275.0
2026-06-22,ESU6,breakout|vwap_flow_rvol|2,-1,59,60,84,7561.000000000001,7535.500000000001,7573.750000000001,7535.500000000001,target,False,1270.5,637.5
2026-06-23,ESU6,breakout|vwap_flow_rvol|2,1,17,18,49,7454.500000000001,7486.500000000001,7438.500000000001,7486.500000000001,target,False,1595.5,800.0
2026-06-24,ESU6,breakout|vwap_flow_rvol|2,1,21,22,28,7469.000000000001,7453.750000000001,7454.000000000001,7499.000000000001,stop,False,-767.0,750.0
2026-06-25,ESU6,breakout|vwap_flow_rvol|2,-1,15,16,50,7429.000000000001,7456.500000000001,7456.250000000001,7374.500000000001,stop,False,-1379.5,1362.5
2026-06-26,ESU6,breakout|vwap_flow_rvol|2,1,26,27,46,7399.750000000001,7428.250000000001,7385.500000000001,7428.250000000001,target,False,1420.5,712.5
2026-06-29,ESU6,breakout|vwap_flow_rvol|2,1,15,16,25,7488.000000000001,7468.250000000001,7468.500000000001,7527.000000000001,stop,False,-992.0,975.0
2026-07-01,ESU6,breakout|vwap_flow_rvol|2,1,29,30,105,7537.000000000001,7565.500000000001,7522.750000000001,7565.500000000001,target,False,1420.5,712.5
2026-07-02,ESU6,breakout|vwap_flow_rvol|2,1,17,18,57,7584.250000000001,7568.000000000001,7568.250000000001,7616.250000000001,stop,False,-817.0,800.0
2026-07-17,ESU6,breakout|vwap_flow_rvol|2,1,18,19,30,7496.000000000001,7515.500000000001,7486.250000000001,7515.500000000001,target,False,970.5,487.5
2026-07-21,ESU6,breakout|vwap_flow_rvol|2,1,57,58,388,7531.250000000001,7547.000000000001,7518.750000000001,7556.250000000001,flatten,False,783.0,625.0
2026-07-23,ESU6,breakout|vwap_flow_rvol|2,-1,81,82,388,7440.500000000001,7442.500000000001,7461.250000000001,7399.000000000001,flatten,False,-104.5,1037.5
2026-07-28,ESU6,breakout|vwap_flow_rvol|2,-1,17,18,19,7417.250000000001,7432.250000000001,7432.000000000001,7387.750000000001,stop,False,-754.5,737.5
2026-07-29,ESU6,breakout|vwap_flow_rvol|2,-1,20,21,40,7439.000000000001,7422.000000000001,7447.500000000001,7422.000000000001,target,False,845.5,425.0
2026-07-30,ESU6,breakout|vwap_flow_rvol|2,1,15,16,58,7422.500000000001,7444.500000000001,7411.500000000001,7444.500000000001,target,False,1095.5,550.0
2026-07-31,ESU6,breakout|vwap_flow_rvol|2,-1,17,18,37,7477.500000000001,7441.500000000001,7495.500000000001,7441.500000000001,target,False,1795.5,900.0
2025-12-16,ESH6,breakout|vwap_flow_rvol|3,-1,15,16,17,6847.5,6859.75,6859.5,6811.5,stop,False,-617.0,600.0
2025-12-17,ESH6,breakout|vwap_flow_rvol|3,-1,16,17,27,6844.0,6856.5,6856.25,6807.25,stop,False,-629.5,612.5
2025-12-18,ESH6,breakout|vwap_flow_rvol|3,1,56,57,157,6852.75,6839.5,6839.75,6891.75,stop,False,-667.0,650.0
2025-12-19,ESH6,breakout|vwap_flow_rvol|3,1,17,18,388,6877.0,6885.5,6861.75,6922.75,flatten,False,420.5,762.5
2026-01-02,ESH6,breakout|vwap_flow_rvol|3,1,20,21,40,6938.0,6927.25,6927.5,6969.5,stop,False,-542.0,525.0
2026-01-05,ESH6,breakout|vwap_flow_rvol|3,1,15,16,17,6947.0,6940.25,6940.5,6966.5,stop,False,-342.0,325.0
2026-01-08,ESH6,breakout|vwap_flow_rvol|3,1,37,38,126,6959.25,6950.25,6950.5,6985.5,stop,False,-454.5,437.5
2026-01-09,ESH6,breakout|vwap_flow_rvol|3,-1,35,36,44,6967.75,6977.25,6977.0,6940.0,stop,False,-479.5,462.5
2026-01-12,ESH6,breakout|vwap_flow_rvol|3,1,20,21,388,6997.5,7017.5,6984.0,7038.0,flatten,False,995.5,675.0
2026-01-14,ESH6,breakout|vwap_flow_rvol|3,-1,15,16,19,6954.25,6966.5,6966.25,6918.25,stop,False,-617.0,600.0
2026-01-15,ESH6,breakout|vwap_flow_rvol|3,-1,21,22,24,6995.5,7001.75,7001.5,6977.5,stop,False,-317.0,300.0
2026-01-20,ESH6,breakout|vwap_flow_rvol|3,1,62,63,81,6900.0,6890.25,6890.5,6928.5,stop,False,-492.0,475.0
2026-01-21,ESH6,breakout|vwap_flow_rvol|3,1,17,18,63,6867.75,6894.75,6858.75,6894.75,target,False,1345.5,450.0
2026-01-22,ESH6,breakout|vwap_flow_rvol|3,-1,17,18,77,6942.5,6952.0,6951.75,6914.75,stop,False,-479.5,462.5
2026-01-29,ESH6,breakout|vwap_flow_rvol|3,-1,16,17,72,6976.25,6917.75,6995.75,6917.75,target,False,2920.5,975.0
2026-01-30,ESH6,breakout|vwap_flow_rvol|3,1,41,42,53,6987.0,6974.5,6974.75,7023.75,stop,False,-629.5,612.5
2026-02-02,ESH6,breakout|vwap_flow_rvol|3,1,16,17,388,6976.75,7004.75,6960.0,7027.0,flatten,False,1395.5,837.5
2026-02-03,ESH6,breakout|vwap_flow_rvol|3,-1,25,26,54,6994.25,6962.0,7005.0,6962.0,target,False,1608.0,537.5
2026-02-04,ESH6,breakout|vwap_flow_rvol|3,-1,27,28,53,6933.0,6944.75,6944.5,6898.5,stop,False,-592.0,575.0
2026-02-05,ESH6,breakout|vwap_flow_rvol|3,-1,42,43,118,6817.25,6840.75,6840.5,6747.5,stop,False,-1179.5,1162.5
2026-02-06,ESH6,breakout|vwap_flow_rvol|3,1,15,16,46,6898.25,6874.25,6874.5,6969.5,stop,False,-1204.5,1187.5
2026-02-09,ESH6,breakout|vwap_flow_rvol|3,1,36,37,388,6958.5,6985.5,6942.0,7008.0,flatten,False,1345.5,825.0
2026-02-11,ESH6,breakout|vwap_flow_rvol|3,-1,20,21,41,6990.0,6960.0,7000.0,6960.0,target,False,1495.5,500.0
2026-02-13,ESH6,breakout|vwap_flow_rvol|3,1,57,58,364,6862.25,6836.5,6836.75,6938.75,stop,False,-1292.0,1275.0
2026-02-17,ESH6,breakout|vwap_flow_rvol|3,-1,17,18,99,6832.0,6846.25,6846.0,6790.0,stop,False,-717.0,700.0
2026-02-18,ESH6,breakout|vwap_flow_rvol|3,1,25,26,327,6890.0,6876.0,6876.25,6931.25,stop,False,-704.5,687.5
2026-02-19,ESH6,breakout|vwap_flow_rvol|3,1,22,23,60,6882.0,6870.25,6870.5,6916.5,stop,False,-592.0,575.0
2026-02-20,ESH6,breakout|vwap_flow_rvol|3,1,30,31,388,6886.0,6920.75,6867.5,6941.5,flatten,False,1733.0,925.0
2026-02-24,ESH6,breakout|vwap_flow_rvol|3,1,16,17,30,6874.75,6852.25,6852.5,6941.5,stop,False,-1129.5,1112.5
2026-02-26,ESH6,breakout|vwap_flow_rvol|3,-1,18,19,46,6936.25,6899.5,6948.5,6899.5,target,False,1833.0,612.5
2026-02-27,ESH6,breakout|vwap_flow_rvol|3,1,35,36,237,6868.75,6855.5,6855.75,6907.75,stop,False,-667.0,650.0
2026-03-02,ESH6,breakout|vwap_flow_rvol|3,1,15,16,388,6849.75,6894.75,6827.5,6916.5,flatten,False,2245.5,1112.5
2026-03-03,ESH6,breakout|vwap_flow_rvol|3,-1,19,20,96,6747.0,6767.25,6767.0,6687.0,stop,False,-1017.0,1000.0
2026-03-06,ESH6,breakout|vwap_flow_rvol|3,1,60,61,82,6762.0,6743.25,6743.5,6817.5,stop,False,-942.0,925.0
2026-03-19,ESM6,breakout|vwap_flow_rvol|3,1,19,20,54,6640.0,6627.0,6627.25,6678.25,stop,False,-654.5,637.5
2026-03-27,ESM6,breakout|vwap_flow_rvol|3,-1,25,26,96,6464.25,6479.25,6479.0,6420.0,stop,False,-754.5,737.5
2026-04-01,ESM6,breakout|vwap_flow_rvol|3,-1,17,18,23,6599.5,6613.5,6613.25,6558.25,stop,False,-704.5,687.5
2026-04-08,ESM6,breakout|vwap_flow_rvol|3,-1,21,22,153,6809.25,6821.25,6821.0,6774.0,stop,False,-604.5,587.5
2026-04-14,ESM6,breakout|vwap_flow_rvol|3,1,36,37,176,6962.0,6998.0,6950.0,6998.0,target,False,1795.5,600.0
2026-04-15,ESM6,breakout|vwap_flow_rvol|3,1,52,53,321,7025.75,7057.25,7015.25,7057.25,target,False,1570.5,525.0
2026-04-17,ESM6,breakout|vwap_flow_rvol|3,1,21,22,63,7136.5,7161.25,7128.25,7161.25,target,False,1233.0,412.5
2026-04-24,ESM6,breakout|vwap_flow_rvol|3,-1,24,25,39,7150.0,7158.25,7158.0,7126.0,stop,False,-417.0,400.0
2026-04-28,ESM6,breakout|vwap_flow_rvol|3,-1,65,66,293,7159.5,7170.5,7170.25,7127.25,stop,False,-554.5,537.5
2026-04-30,ESM6,breakout|vwap_flow_rvol|3,-1,25,26,76,7165.0,7182.25,7182.0,7114.0,stop,False,-867.0,850.0
2026-05-01,ESM6,breakout|vwap_flow_rvol|3,1,20,21,183,7278.75,7269.0,7269.25,7307.25,stop,False,-492.0,475.0
2026-05-06,ESM6,breakout|vwap_flow_rvol|3,1,24,25,37,7346.250000000001,7337.000000000001,7337.250000000001,7373.250000000001,stop,False,-467.0,450.0
2026-05-12,ESM6,breakout|vwap_flow_rvol|3,-1,21,22,23,7399.500000000001,7408.500000000001,7408.250000000001,7373.250000000001,stop,False,-454.5,437.5
2026-05-13,ESM6,breakout|vwap_flow_rvol|3,-1,16,17,32,7407.750000000001,7418.000000000001,7417.750000000001,7377.750000000001,stop,False,-517.0,500.0
2026-05-15,ESM6,breakout|vwap_flow_rvol|3,-1,15,16,24,7424.250000000001,7442.000000000001,7441.750000000001,7371.750000000001,stop,False,-892.0,875.0
2026-05-18,ESM6,breakout|vwap_flow_rvol|3,1,23,24,32,7444.250000000001,7433.250000000001,7433.500000000001,7476.500000000001,stop,False,-554.5,537.5
2026-05-19,ESM6,breakout|vwap_flow_rvol|3,-1,16,17,17,7370.000000000001,7381.500000000001,7381.250000000001,7336.250000000001,stop,False,-579.5,562.5
2026-05-20,ESM6,breakout|vwap_flow_rvol|3,1,15,16,21,7403.000000000001,7393.000000000001,7393.250000000001,7432.250000000001,stop,False,-504.5,487.5
2026-05-21,ESM6,breakout|vwap_flow_rvol|3,1,22,23,46,7428.500000000001,7421.500000000001,7421.750000000001,7448.750000000001,stop,False,-354.5,337.5
2026-05-22,ESM6,breakout|vwap_flow_rvol|3,-1,36,37,95,7490.750000000001,7503.750000000001,7503.500000000001,7452.500000000001,stop,False,-654.5,637.5
2026-05-27,ESM6,breakout|vwap_flow_rvol|3,-1,109,110,122,7524.250000000001,7535.000000000001,7534.750000000001,7492.750000000001,stop,False,-542.0,525.0
2026-06-03,ESM6,breakout|vwap_flow_rvol|3,-1,15,16,388,7590.000000000001,7575.500000000001,7601.500000000001,7555.500000000001,flatten,False,720.5,575.0
2026-06-04,ESM6,breakout|vwap_flow_rvol|3,1,28,29,34,7563.500000000001,7553.250000000001,7553.500000000001,7593.500000000001,stop,False,-517.0,500.0
2026-06-05,ESM6,breakout|vwap_flow_rvol|3,-1,15,16,155,7524.000000000001,7484.250000000001,7537.250000000001,7484.250000000001,target,False,1983.0,662.5
2026-06-08,ESM6,breakout|vwap_flow_rvol|3,-1,27,28,56,7436.250000000001,7452.250000000001,7452.000000000001,7389.000000000001,stop,False,-804.5,787.5
2026-06-10,ESM6,breakout|vwap_flow_rvol|3,1,18,19,82,7388.000000000001,7364.000000000001,7364.250000000001,7459.250000000001,stop,False,-1204.5,1187.5
2026-06-11,ESM6,breakout|vwap_flow_rvol|3,1,16,17,41,7315.500000000001,7301.000000000001,7301.250000000001,7358.250000000001,stop,False,-729.5,712.5
2026-06-12,ESM6,breakout|vwap_flow_rvol|3,-1,15,16,30,7368.750000000001,7394.500000000001,7394.250000000001,7292.250000000001,stop,False,-1292.0,1275.0
2026-06-22,ESU6,breakout|vwap_flow_rvol|3,-1,59,60,388,7561.000000000001,7540.000000000001,7573.750000000001,7522.750000000001,flatten,False,1045.5,637.5
2026-06-23,ESU6,breakout|vwap_flow_rvol|3,1,17,18,115,7454.500000000001,7438.250000000001,7438.500000000001,7502.500000000001,stop,False,-817.0,800.0
2026-06-24,ESU6,breakout|vwap_flow_rvol|3,1,21,22,28,7469.000000000001,7453.750000000001,7454.000000000001,7514.000000000001,stop,False,-767.0,750.0
2026-06-25,ESU6,breakout|vwap_flow_rvol|3,-1,15,16,50,7429.000000000001,7456.500000000001,7456.250000000001,7347.250000000001,stop,False,-1379.5,1362.5
2026-06-26,ESU6,breakout|vwap_flow_rvol|3,1,26,27,120,7399.750000000001,7442.500000000001,7385.500000000001,7442.500000000001,target,False,2133.0,712.5
2026-06-29,ESU6,breakout|vwap_flow_rvol|3,1,15,16,25,7488.000000000001,7468.250000000001,7468.500000000001,7546.500000000001,stop,False,-992.0,975.0
2026-07-01,ESU6,breakout|vwap_flow_rvol|3,1,29,30,388,7537.000000000001,7539.250000000001,7522.750000000001,7579.750000000001,flatten,False,108.0,712.5
2026-07-02,ESU6,breakout|vwap_flow_rvol|3,1,17,18,57,7584.250000000001,7568.000000000001,7568.250000000001,7632.250000000001,stop,False,-817.0,800.0
2026-07-17,ESU6,breakout|vwap_flow_rvol|3,1,18,19,35,7496.000000000001,7525.250000000001,7486.250000000001,7525.250000000001,target,False,1458.0,487.5
2026-07-21,ESU6,breakout|vwap_flow_rvol|3,1,57,58,388,7531.250000000001,7547.000000000001,7518.750000000001,7568.750000000001,flatten,False,783.0,625.0
2026-07-23,ESU6,breakout|vwap_flow_rvol|3,-1,81,82,388,7440.500000000001,7442.500000000001,7461.250000000001,7378.250000000001,flatten,False,-104.5,1037.5
2026-07-28,ESU6,breakout|vwap_flow_rvol|3,-1,17,18,19,7417.250000000001,7432.250000000001,7432.000000000001,7373.000000000001,stop,False,-754.5,737.5
2026-07-29,ESU6,breakout|vwap_flow_rvol|3,-1,20,21,42,7439.000000000001,7413.500000000001,7447.500000000001,7413.500000000001,target,False,1270.5,425.0
2026-07-30,ESU6,breakout|vwap_flow_rvol|3,1,15,16,85,7422.500000000001,7411.250000000001,7411.500000000001,7455.500000000001,stop,False,-567.0,550.0
2026-07-31,ESU6,breakout|vwap_flow_rvol|3,-1,17,18,174,7477.500000000001,7495.750000000001,7495.500000000001,7423.500000000001,stop,False,-917.0,900.0
2025-12-01,ESZ5,retest|none|2,1,51,52,60,6828.75,6820.5,6820.75,6844.75,stop,False,-417.0,400.0
2025-12-02,ESZ5,retest|none|2,1,35,36,41,6857.5,6850.5,6850.75,6871.0,stop,False,-354.5,337.5
2025-12-03,ESZ5,retest|none|2,1,49,50,123,6840.0,6856.0,6832.0,6856.0,target,False,795.5,400.0
2025-12-04,ESZ5,retest|none|2,-1,17,18,67,6858.0,6867.0,6866.75,6840.5,stop,False,-454.5,437.5
2025-12-05,ESZ5,retest|none|2,1,26,27,35,6887.25,6899.75,6881.0,6899.75,target,False,620.5,312.5
2025-12-09,ESZ5,retest|none|2,1,22,23,78,6862.75,6855.75,6856.0,6876.25,stop,False,-354.5,337.5
2025-12-10,ESZ5,retest|none|2,1,18,19,65,6849.25,6840.0,6840.25,6867.25,stop,False,-467.0,450.0
2025-12-11,ESZ5,retest|none|2,1,65,66,78,6876.5,6869.25,6869.5,6890.5,stop,False,-367.0,350.0
2025-12-15,ESH6,retest|none|2,-1,16,17,34,6908.0,6885.0,6919.5,6885.0,target,False,1145.5,575.0
2025-12-16,ESH6,retest|none|2,1,28,29,32,6877.25,6865.0,6865.25,6901.25,stop,False,-617.0,600.0
2025-12-17,ESH6,retest|none|2,-1,17,18,27,6846.25,6858.75,6858.5,6821.75,stop,False,-629.5,612.5
2025-12-19,ESH6,retest|none|2,1,23,24,388,6878.75,6885.5,6863.5,6909.25,flatten,False,333.0,762.5
2025-12-22,ESH6,retest|none|2,-1,67,68,73,6911.25,6919.5,6919.25,6895.25,stop,False,-417.0,400.0
2025-12-23,ESH6,retest|none|2,1,16,17,32,6939.75,6929.5,6929.75,6959.75,stop,False,-517.0,500.0
2025-12-26,ESH6,retest|none|2,-1,33,34,53,6977.0,6984.25,6984.0,6963.0,stop,False,-367.0,350.0
2025-12-29,ESH6,retest|none|2,-1,82,83,318,6946.75,6957.25,6957.0,6926.25,stop,False,-529.5,512.5
2025-12-30,ESH6,retest|none|2,1,21,22,37,6954.75,6950.5,6950.75,6962.75,stop,False,-217.0,200.0
2025-12-31,ESH6,retest|none|2,-1,18,19,25,6928.25,6937.5,6937.25,6910.25,stop,False,-467.0,450.0
2026-01-02,ESH6,retest|none|2,1,22,23,41,6932.75,6922.0,6922.25,6953.75,stop,False,-542.0,525.0
2026-01-05,ESH6,retest|none|2,1,52,53,138,6947.25,6960.25,6940.75,6960.25,target,False,645.5,325.0
2026-01-07,ESH6,retest|none|2,1,17,18,30,6995.75,6990.0,6990.25,7006.75,stop,False,-292.0,275.0
2026-01-08,ESH6,retest|none|2,1,38,39,67,6962.75,6953.75,6954.0,6980.25,stop,False,-454.5,437.5
2026-01-09,ESH6,retest|none|2,-1,36,37,43,6963.75,6973.25,6973.0,6945.25,stop,False,-479.5,462.5
2026-01-12,ESH6,retest|none|2,1,33,34,388,6998.25,7017.5,6984.75,7025.25,flatten,False,958.0,675.0
2026-01-13,ESH6,retest|none|2,-1,20,21,32,7010.25,6997.75,7016.5,6997.75,target,False,620.5,312.5
2026-01-15,ESH6,retest|none|2,-1,22,23,24,6995.75,7002.0,7001.75,6983.75,stop,False,-317.0,300.0
2026-01-20,ESH6,retest|none|2,-1,42,43,51,6868.0,6877.75,6877.5,6849.0,stop,False,-492.0,475.0
2026-01-22,ESH6,retest|none|2,-1,17,18,77,6942.5,6952.0,6951.75,6924.0,stop,False,-479.5,462.5
2026-01-26,ESH6,retest|none|2,1,17,18,388,6977.75,6981.0,6965.5,7002.25,flatten,False,158.0,612.5
2026-01-28,ESH6,retest|none|2,-1,36,37,72,7020.5,7012.0,7024.75,7012.0,target,False,420.5,212.5
2026-01-29,ESH6,retest|none|2,-1,27,28,60,6975.75,6936.75,6995.25,6936.75,target,False,1945.5,975.0
2026-01-30,ESH6,retest|none|2,-1,109,110,134,6958.5,6971.0,6970.75,6934.0,stop,False,-629.5,612.5
2026-02-02,ESH6,retest|none|2,1,19,20,151,6977.0,7010.5,6960.25,7010.5,target,False,1670.5,837.5
2026-02-04,ESH6,retest|none|2,-1,39,40,53,6935.25,6947.0,6946.75,6912.25,stop,False,-592.0,575.0
2026-02-05,ESH6,retest|none|2,-1,37,38,141,6829.0,6852.5,6852.25,6782.5,stop,False,-1179.5,1162.5
2026-02-06,ESH6,retest|none|2,1,90,91,371,6898.25,6945.75,6874.5,6945.75,target,False,2370.5,1187.5
2026-02-09,ESH6,retest|none|2,1,39,40,132,6957.25,6990.25,6940.75,6990.25,target,False,1645.5,825.0
2026-02-10,ESH6,retest|none|2,1,30,31,105,6997.0,6986.0,6986.25,7018.5,stop,False,-554.5,537.5
2026-02-11,ESH6,retest|none|2,-1,25,26,39,6988.5,6968.5,6998.5,6968.5,target,False,995.5,500.0
2026-02-12,ESH6,retest|none|2,-1,16,17,29,6977.25,6963.25,6984.25,6963.25,target,False,695.5,350.0
2026-02-13,ESH6,retest|none|2,1,41,42,364,6862.5,6836.75,6837.0,6913.5,stop,False,-1292.0,1275.0
2026-02-17,ESH6,retest|none|2,-1,93,94,98,6828.25,6842.5,6842.25,6800.25,stop,False,-717.0,700.0
2026-02-18,ESH6,retest|none|2,1,26,27,78,6892.25,6919.75,6878.5,6919.75,target,False,1370.5,687.5
2026-02-19,ESH6,retest|none|2,1,24,25,60,6881.25,6869.5,6869.75,6904.25,stop,False,-592.0,575.0
2026-02-20,ESH6,retest|none|2,1,31,32,32,6920.75,6902.0,6902.25,6957.75,stop,False,-942.0,925.0
2026-02-23,ESH6,retest|none|2,-1,19,20,21,6898.25,6911.5,6911.25,6872.25,stop,False,-667.0,650.0
2026-02-24,ESH6,retest|none|2,1,20,21,30,6874.25,6851.75,6852.0,6918.75,stop,False,-1129.5,1112.5
2026-02-25,ESH6,retest|none|2,1,118,119,272,6943.75,6957.25,6937.0,6957.25,target,False,670.5,337.5
2026-02-26,ESH6,retest|none|2,-1,29,30,45,6934.25,6909.75,6946.5,6909.75,target,False,1220.5,612.5
2026-02-27,ESH6,retest|none|2,1,51,52,237,6868.75,6855.5,6855.75,6894.75,stop,False,-667.0,650.0
2026-03-02,ESH6,retest|none|2,1,16,17,166,6850.25,6894.75,6828.0,6894.75,target,False,2220.5,1112.5
2026-03-03,ESH6,retest|none|2,-1,19,20,96,6747.0,6767.25,6767.0,6707.0,stop,False,-1017.0,1000.0
2026-03-04,ESH6,retest|none|2,1,46,47,388,6859.75,6880.0,6842.25,6894.75,flatten,False,1008.0,875.0
2026-03-05,ESH6,retest|none|2,-1,78,79,108,6838.0,6811.5,6851.25,6811.5,target,False,1320.5,662.5
2026-03-06,ESH6,retest|none|2,1,76,77,192,6759.75,6741.0,6741.25,6796.75,stop,False,-942.0,925.0
2026-03-09,ESH6,retest|none|2,-1,21,22,33,6652.25,6672.5,6672.25,6612.25,stop,False,-1017.0,1000.0
2026-03-10,ESH6,retest|none|2,-1,32,33,52,6774.5,6790.0,6789.75,6744.0,stop,False,-779.5,762.5
2026-03-11,ESH6,retest|none|2,-1,23,24,28,6787.25,6794.25,6794.0,6773.75,stop,False,-354.5,337.5
2026-03-12,ESH6,retest|none|2,-1,30,31,33,6713.75,6723.0,6722.75,6695.75,stop,False,-467.0,450.0
2026-03-13,ESH6,retest|none|2,1,16,17,28,6734.25,6718.75,6719.0,6764.75,stop,False,-779.5,762.5
2026-03-16,ESM6,retest|none|2,1,20,21,68,6762.0,6751.25,6751.5,6783.0,stop,False,-542.0,525.0
2026-03-17,ESM6,retest|none|2,1,25,26,33,6806.0,6795.25,6795.5,6827.0,stop,False,-542.0,525.0
2026-03-19,ESM6,retest|none|2,1,45,46,56,6638.75,6625.75,6626.0,6664.25,stop,False,-654.5,637.5
2026-03-20,ESM6,retest|none|2,-1,24,25,31,6621.0,6600.5,6631.25,6600.5,target,False,1020.5,512.5
2026-03-23,ESM6,retest|none|2,1,28,29,136,6678.75,6660.5,6660.75,6714.75,stop,False,-917.0,900.0
2026-03-24,ESM6,retest|none|2,1,38,39,114,6606.5,6639.0,6590.25,6639.0,target,False,1620.5,812.5
2026-03-25,ESM6,retest|none|2,-1,18,19,30,6657.75,6633.75,6669.75,6633.75,target,False,1195.5,600.0
2026-03-26,ESM6,retest|none|2,1,17,18,73,6612.75,6600.5,6600.75,6636.75,stop,False,-617.0,600.0
2026-03-27,ESM6,retest|none|2,-1,33,34,47,6460.75,6475.75,6475.5,6431.25,stop,False,-754.5,737.5
2026-03-30,ESM6,retest|none|2,-1,44,45,93,6431.75,6450.25,6450.0,6395.25,stop,False,-929.5,912.5
2026-03-31,ESM6,retest|none|2,1,17,18,78,6475.25,6463.75,6464.0,6497.75,stop,False,-579.5,562.5
2026-04-01,ESM6,retest|none|2,-1,18,19,23,6600.25,6614.25,6614.0,6572.75,stop,False,-704.5,687.5
2026-04-02,ESM6,retest|none|2,1,22,23,36,6541.0,6565.5,6528.75,6565.5,target,False,1220.5,612.5
2026-04-06,ESM6,retest|none|2,1,30,31,33,6648.25,6635.75,6636.0,6672.75,stop,False,-629.5,612.5
2026-04-07,ESM6,retest|none|2,-1,21,22,25,6608.25,6622.5,6622.25,6580.25,stop,False,-717.0,700.0
2026-04-08,ESM6,retest|none|2,-1,22,23,86,6811.25,6787.75,6823.0,6787.75,target,False,1170.5,587.5
2026-04-09,ESM6,retest|none|2,-1,47,48,80,6807.5,6814.25,6814.0,6794.5,stop,False,-342.0,325.0
2026-04-10,ESM6,retest|none|2,-1,32,33,43,6866.25,6874.0,6873.75,6851.25,stop,False,-392.0,375.0
2026-04-14,ESM6,retest|none|2,1,37,38,121,6963.0,6987.0,6951.0,6987.0,target,False,1195.5,600.0
2026-04-15,ESM6,retest|none|2,1,68,69,272,7025.25,7046.25,7014.75,7046.25,target,False,1045.5,525.0
2026-04-16,ESM6,retest|none|2,-1,43,44,93,7059.25,7065.5,7065.25,7047.25,stop,False,-317.0,300.0
2026-04-17,ESM6,retest|none|2,1,22,23,40,7136.25,7152.75,7128.0,7152.75,target,False,820.5,412.5
2026-04-20,ESM6,retest|none|2,1,29,30,33,7157.25,7150.75,7151.0,7169.75,stop,False,-329.5,312.5
2026-04-21,ESM6,retest|none|2,1,50,51,75,7165.0,7156.25,7156.5,7182.0,stop,False,-442.0,425.0
2026-04-22,ESM6,retest|none|2,1,30,31,35,7156.75,7150.75,7151.0,7168.25,stop,False,-304.5,287.5
2026-04-23,ESM6,retest|none|2,1,23,24,30,7165.75,7158.5,7158.75,7179.75,stop,False,-367.0,350.0
2026-04-24,ESM6,retest|none|2,-1,33,34,39,7149.0,7157.25,7157.0,7133.0,stop,False,-417.0,400.0
2026-04-27,ESM6,retest|none|2,-1,109,110,156,7182.5,7190.5,7190.25,7167.0,stop,False,-404.5,387.5
2026-04-28,ESM6,retest|none|2,-1,66,67,335,7160.75,7171.75,7171.5,7139.25,stop,False,-554.5,537.5
2026-04-29,ESM6,retest|none|2,1,54,55,99,7167.25,7160.75,7161.0,7179.75,stop,False,-329.5,312.5
2026-04-30,ESM6,retest|none|2,-1,26,27,76,7165.0,7182.25,7182.0,7131.0,stop,False,-867.0,850.0
2026-05-01,ESM6,retest|none|2,1,69,70,175,7280.5,7270.75,7271.0,7299.5,stop,False,-492.0,475.0
2026-05-04,ESM6,retest|none|2,1,18,19,39,7253.5,7247.75,7248.0,7264.5,stop,False,-292.0,275.0
2026-05-05,ESM6,retest|none|2,1,16,17,45,7274.5,7269.25,7269.5,7284.5,stop,False,-267.0,250.0
2026-05-06,ESM6,retest|none|2,1,25,26,37,7345.500000000001,7336.250000000001,7336.500000000001,7363.500000000001,stop,False,-467.0,450.0
2026-05-07,ESM6,retest|none|2,-1,16,17,35,7389.500000000001,7395.000000000001,7394.750000000001,7379.000000000001,stop,False,-279.5,262.5
2026-05-11,ESM6,retest|none|2,1,25,26,175,7430.250000000001,7449.750000000001,7420.500000000001,7449.750000000001,target,False,970.5,487.5
2026-05-12,ESM6,retest|none|2,-1,36,37,46,7399.000000000001,7408.000000000001,7407.750000000001,7381.500000000001,stop,False,-454.5,437.5
2026-05-13,ESM6,retest|none|2,-1,20,21,25,7405.250000000001,7415.500000000001,7415.250000000001,7385.250000000001,stop,False,-517.0,500.0
2026-05-14,ESM6,retest|none|2,1,46,47,100,7502.500000000001,7523.500000000001,7492.000000000001,7523.500000000001,target,False,1045.5,525.0
2026-05-15,ESM6,retest|none|2,-1,16,17,20,7421.500000000001,7439.250000000001,7439.000000000001,7386.500000000001,stop,False,-892.0,875.0
2026-05-18,ESM6,retest|none|2,1,39,40,59,7444.000000000001,7433.000000000001,7433.250000000001,7465.500000000001,stop,False,-554.5,537.5
2026-05-19,ESM6,retest|none|2,-1,72,73,175,7371.500000000001,7383.000000000001,7382.750000000001,7349.000000000001,stop,False,-579.5,562.5
2026-05-21,ESM6,retest|none|2,1,62,63,64,7425.500000000001,7418.500000000001,7418.750000000001,7439.000000000001,stop,False,-354.5,337.5
2026-05-22,ESM6,retest|none|2,-1,44,45,91,7489.750000000001,7502.750000000001,7502.500000000001,7464.250000000001,stop,False,-654.5,637.5
2026-05-26,ESM6,retest|none|2,1,33,34,106,7544.250000000001,7536.000000000001,7536.250000000001,7560.250000000001,stop,False,-417.0,400.0
2026-05-27,ESM6,retest|none|2,-1,113,114,121,7523.750000000001,7534.500000000001,7534.250000000001,7502.750000000001,stop,False,-542.0,525.0
2026-05-28,ESM6,retest|none|2,1,31,32,42,7537.750000000001,7549.750000000001,7531.750000000001,7549.750000000001,target,False,595.5,300.0
2026-05-29,ESM6,retest|none|2,1,18,19,47,7607.500000000001,7597.500000000001,7597.750000000001,7627.000000000001,stop,False,-504.5,487.5
2026-06-03,ESM6,retest|none|2,-1,32,33,174,7591.250000000001,7568.250000000001,7602.750000000001,7568.250000000001,target,False,1145.5,575.0
2026-06-04,ESM6,retest|none|2,1,45,46,101,7562.750000000001,7582.750000000001,7552.750000000001,7582.750000000001,target,False,995.5,500.0
2026-06-05,ESM6,retest|none|2,-1,16,17,126,7525.000000000001,7498.500000000001,7538.250000000001,7498.500000000001,target,False,1320.5,662.5
2026-06-08,ESM6,retest|none|2,-1,28,29,56,7435.500000000001,7451.500000000001,7451.250000000001,7404.000000000001,stop,False,-804.5,787.5
2026-06-09,ESM6,retest|none|2,-1,41,42,46,7450.500000000001,7429.500000000001,7461.000000000001,7429.500000000001,target,False,1045.5,525.0
2026-06-10,ESM6,retest|none|2,1,19,20,82,7387.000000000001,7363.000000000001,7363.250000000001,7434.500000000001,stop,False,-1204.5,1187.5
2026-06-11,ESM6,retest|none|2,1,17,18,41,7315.250000000001,7300.750000000001,7301.000000000001,7343.750000000001,stop,False,-729.5,712.5
2026-06-12,ESM6,retest|none|2,-1,19,20,30,7372.500000000001,7398.250000000001,7398.000000000001,7321.500000000001,stop,False,-1292.0,1275.0
2026-06-15,ESU6,retest|none|2,1,59,60,122,7617.500000000001,7635.000000000001,7608.750000000001,7635.000000000001,target,False,870.5,437.5
2026-06-16,ESU6,retest|none|2,-1,51,52,61,7619.750000000001,7607.250000000001,7626.000000000001,7607.250000000001,target,False,620.5,312.5
2026-06-17,ESU6,retest|none|2,1,57,58,61,7600.000000000001,7592.250000000001,7592.500000000001,7615.000000000001,stop,False,-392.0,375.0
2026-06-24,ESU6,retest|none|2,1,22,23,27,7470.000000000001,7454.750000000001,7455.000000000001,7500.000000000001,stop,False,-767.0,750.0
2026-06-25,ESU6,retest|none|2,-1,35,36,50,7432.500000000001,7460.000000000001,7459.750000000001,7378.000000000001,stop,False,-1379.5,1362.5
2026-06-29,ESU6,retest|none|2,1,18,19,26,7485.500000000001,7465.750000000001,7466.000000000001,7524.500000000001,stop,False,-992.0,975.0
2026-07-01,ESU6,retest|none|2,1,31,32,97,7536.000000000001,7564.500000000001,7521.750000000001,7564.500000000001,target,False,1420.5,712.5
2026-07-02,ESU6,retest|none|2,1,18,19,57,7587.250000000001,7571.000000000001,7571.250000000001,7619.250000000001,stop,False,-817.0,800.0
2026-07-06,ESU6,retest|none|2,1,53,54,326,7577.000000000001,7597.500000000001,7566.750000000001,7597.500000000001,target,False,1020.5,512.5
2026-07-07,ESU6,retest|none|2,-1,24,25,44,7567.000000000001,7548.500000000001,7576.250000000001,7548.500000000001,target,False,920.5,462.5
2026-07-08,ESU6,retest|none|2,-1,66,67,113,7499.750000000001,7478.250000000001,7510.500000000001,7478.250000000001,target,False,1070.5,537.5
2026-07-09,ESU6,retest|none|2,1,16,17,45,7560.250000000001,7545.500000000001,7545.750000000001,7589.250000000001,stop,False,-742.0,725.0
2026-07-10,ESU6,retest|none|2,1,33,34,38,7605.250000000001,7597.750000000001,7598.000000000001,7619.750000000001,stop,False,-379.5,362.5
2026-07-13,ESU6,retest|none|2,-1,86,87,90,7593.500000000001,7601.500000000001,7601.250000000001,7578.000000000001,stop,False,-404.5,387.5
2026-07-14,ESU6,retest|none|2,1,91,92,150,7586.000000000001,7575.000000000001,7575.250000000001,7607.500000000001,stop,False,-554.5,537.5
2026-07-15,ESU6,retest|none|2,-1,54,55,58,7607.500000000001,7615.000000000001,7614.750000000001,7593.000000000001,stop,False,-379.5,362.5
2026-07-16,ESU6,retest|none|2,-1,19,20,22,7579.000000000001,7591.500000000001,7591.250000000001,7554.500000000001,stop,False,-629.5,612.5
2026-07-17,ESU6,retest|none|2,1,19,20,30,7496.000000000001,7515.500000000001,7486.250000000001,7515.500000000001,target,False,970.5,487.5
2026-07-21,ESU6,retest|none|2,1,76,77,388,7531.250000000001,7547.000000000001,7518.750000000001,7556.250000000001,flatten,False,783.0,625.0
2026-07-23,ESU6,retest|none|2,-1,82,83,388,7443.250000000001,7442.500000000001,7464.000000000001,7401.750000000001,flatten,False,33.0,1037.5
2026-07-24,ESU6,retest|none|2,-1,31,32,38,7439.750000000001,7446.500000000001,7446.250000000001,7426.750000000001,stop,False,-342.0,325.0
2026-07-27,ESU6,retest|none|2,-1,17,18,30,7491.500000000001,7470.000000000001,7502.250000000001,7470.000000000001,target,False,1070.5,537.5
2026-07-28,ESU6,retest|none|2,-1,29,30,35,7421.500000000001,7436.500000000001,7436.250000000001,7392.000000000001,stop,False,-754.5,737.5
2026-07-30,ESU6,retest|none|2,1,16,17,84,7426.500000000001,7415.250000000001,7415.500000000001,7448.500000000001,stop,False,-567.0,550.0
2026-07-31,ESU6,retest|none|2,-1,26,27,37,7479.250000000001,7443.250000000001,7497.250000000001,7443.250000000001,target,False,1795.5,900.0
2025-12-01,ESZ5,retest|none|3,1,51,52,60,6828.75,6820.5,6820.75,6852.75,stop,False,-417.0,400.0
2025-12-02,ESZ5,retest|none|3,1,35,36,41,6857.5,6850.5,6850.75,6877.75,stop,False,-354.5,337.5
2025-12-03,ESZ5,retest|none|3,1,49,50,206,6840.0,6864.0,6832.0,6864.0,target,False,1195.5,400.0
2025-12-04,ESZ5,retest|none|3,-1,17,18,67,6858.0,6867.0,6866.75,6831.75,stop,False,-454.5,437.5
2025-12-05,ESZ5,retest|none|3,1,26,27,105,6887.25,6880.75,6881.0,6906.0,stop,False,-329.5,312.5
2025-12-09,ESZ5,retest|none|3,1,22,23,78,6862.75,6855.75,6856.0,6883.0,stop,False,-354.5,337.5
2025-12-10,ESZ5,retest|none|3,1,18,19,65,6849.25,6840.0,6840.25,6876.25,stop,False,-467.0,450.0
2025-12-11,ESZ5,retest|none|3,1,65,66,78,6876.5,6869.25,6869.5,6897.5,stop,False,-367.0,350.0
2025-12-15,ESH6,retest|none|3,-1,16,17,54,6908.0,6873.5,6919.5,6873.5,target,False,1720.5,575.0
2025-12-16,ESH6,retest|none|3,1,28,29,32,6877.25,6865.0,6865.25,6913.25,stop,False,-617.0,600.0
2025-12-17,ESH6,retest|none|3,-1,17,18,27,6846.25,6858.75,6858.5,6809.5,stop,False,-629.5,612.5
2025-12-19,ESH6,retest|none|3,1,23,24,388,6878.75,6885.5,6863.5,6924.5,flatten,False,333.0,762.5
2025-12-22,ESH6,retest|none|3,-1,67,68,73,6911.25,6919.5,6919.25,6887.25,stop,False,-417.0,400.0
2025-12-23,ESH6,retest|none|3,1,16,17,32,6939.75,6929.5,6929.75,6969.75,stop,False,-517.0,500.0
2025-12-26,ESH6,retest|none|3,-1,33,34,53,6977.0,6984.25,6984.0,6956.0,stop,False,-367.0,350.0
2025-12-29,ESH6,retest|none|3,-1,82,83,318,6946.75,6957.25,6957.0,6916.0,stop,False,-529.5,512.5
2025-12-30,ESH6,retest|none|3,1,21,22,37,6954.75,6950.5,6950.75,6966.75,stop,False,-217.0,200.0
2025-12-31,ESH6,retest|none|3,-1,18,19,25,6928.25,6937.5,6937.25,6901.25,stop,False,-467.0,450.0
2026-01-02,ESH6,retest|none|3,1,22,23,41,6932.75,6922.0,6922.25,6964.25,stop,False,-542.0,525.0
2026-01-05,ESH6,retest|none|3,1,52,53,385,6947.25,6940.5,6940.75,6966.75,stop,False,-342.0,325.0
2026-01-07,ESH6,retest|none|3,1,17,18,30,6995.75,6990.0,6990.25,7012.25,stop,False,-292.0,275.0
2026-01-08,ESH6,retest|none|3,1,38,39,67,6962.75,6953.75,6954.0,6989.0,stop,False,-454.5,437.5
2026-01-09,ESH6,retest|none|3,-1,36,37,43,6963.75,6973.25,6973.0,6936.0,stop,False,-479.5,462.5
2026-01-12,ESH6,retest|none|3,1,33,34,388,6998.25,7017.5,6984.75,7038.75,flatten,False,958.0,675.0
2026-01-13,ESH6,retest|none|3,-1,20,21,48,7010.25,6991.5,7016.5,6991.5,target,False,933.0,312.5
2026-01-15,ESH6,retest|none|3,-1,22,23,24,6995.75,7002.0,7001.75,6977.75,stop,False,-317.0,300.0
2026-01-20,ESH6,retest|none|3,-1,42,43,51,6868.0,6877.75,6877.5,6839.5,stop,False,-492.0,475.0
2026-01-22,ESH6,retest|none|3,-1,17,18,77,6942.5,6952.0,6951.75,6914.75,stop,False,-479.5,462.5
2026-01-26,ESH6,retest|none|3,1,17,18,388,6977.75,6981.0,6965.5,7014.5,flatten,False,158.0,612.5
2026-01-28,ESH6,retest|none|3,-1,36,37,88,7020.5,7007.75,7024.75,7007.75,target,False,633.0,212.5
2026-01-29,ESH6,retest|none|3,-1,27,28,72,6975.75,6917.25,6995.25,6917.25,target,False,2920.5,975.0
2026-01-30,ESH6,retest|none|3,-1,109,110,134,6958.5,6971.0,6970.75,6921.75,stop,False,-629.5,612.5
2026-02-02,ESH6,retest|none|3,1,19,20,388,6977.0,7004.75,6960.25,7027.25,flatten,False,1383.0,837.5
2026-02-04,ESH6,retest|none|3,-1,39,40,53,6935.25,6947.0,6946.75,6900.75,stop,False,-592.0,575.0
2026-02-05,ESH6,retest|none|3,-1,37,38,141,6829.0,6852.5,6852.25,6759.25,stop,False,-1179.5,1162.5
2026-02-06,ESH6,retest|none|3,1,90,91,388,6898.25,6957.5,6874.5,6969.5,flatten,False,2958.0,1187.5
2026-02-09,ESH6,retest|none|3,1,39,40,388,6957.25,6985.5,6940.75,7006.75,flatten,False,1408.0,825.0
2026-02-10,ESH6,retest|none|3,1,30,31,105,6997.0,6986.0,6986.25,7029.25,stop,False,-554.5,537.5
2026-02-11,ESH6,retest|none|3,-1,25,26,42,6988.5,6958.5,6998.5,6958.5,target,False,1495.5,500.0
2026-02-12,ESH6,retest|none|3,-1,16,17,66,6977.25,6956.25,6984.25,6956.25,target,False,1045.5,350.0
2026-02-13,ESH6,retest|none|3,1,41,42,364,6862.5,6836.75,6837.0,6939.0,stop,False,-1292.0,1275.0
2026-02-17,ESH6,retest|none|3,-1,93,94,98,6828.25,6842.5,6842.25,6786.25,stop,False,-717.0,700.0
2026-02-18,ESH6,retest|none|3,1,26,27,326,6892.25,6878.25,6878.5,6933.5,stop,False,-704.5,687.5
2026-02-19,ESH6,retest|none|3,1,24,25,60,6881.25,6869.5,6869.75,6915.75,stop,False,-592.0,575.0
2026-02-20,ESH6,retest|none|3,1,31,32,32,6920.75,6902.0,6902.25,6976.25,stop,False,-942.0,925.0
2026-02-23,ESH6,retest|none|3,-1,19,20,21,6898.25,6911.5,6911.25,6859.25,stop,False,-667.0,650.0
2026-02-24,ESH6,retest|none|3,1,20,21,30,6874.25,6851.75,6852.0,6941.0,stop,False,-1129.5,1112.5
2026-02-25,ESH6,retest|none|3,1,118,119,380,6943.75,6964.0,6937.0,6964.0,target,False,1008.0,337.5
2026-02-26,ESH6,retest|none|3,-1,29,30,47,6934.25,6897.5,6946.5,6897.5,target,False,1833.0,612.5
2026-02-27,ESH6,retest|none|3,1,51,52,237,6868.75,6855.5,6855.75,6907.75,stop,False,-667.0,650.0
2026-03-02,ESH6,retest|none|3,1,16,17,388,6850.25,6894.75,6828.0,6917.0,flatten,False,2220.5,1112.5
2026-03-03,ESH6,retest|none|3,-1,19,20,96,6747.0,6767.25,6767.0,6687.0,stop,False,-1017.0,1000.0
2026-03-04,ESH6,retest|none|3,1,46,47,388,6859.75,6880.0,6842.25,6912.25,flatten,False,1008.0,875.0
2026-03-05,ESH6,retest|none|3,-1,78,79,181,6838.0,6798.25,6851.25,6798.25,target,False,1983.0,662.5
2026-03-06,ESH6,retest|none|3,1,76,77,192,6759.75,6741.0,6741.25,6815.25,stop,False,-942.0,925.0
2026-03-09,ESH6,retest|none|3,-1,21,22,33,6652.25,6672.5,6672.25,6592.25,stop,False,-1017.0,1000.0
2026-03-10,ESH6,retest|none|3,-1,32,33,52,6774.5,6790.0,6789.75,6728.75,stop,False,-779.5,762.5
2026-03-11,ESH6,retest|none|3,-1,23,24,28,6787.25,6794.25,6794.0,6767.0,stop,False,-354.5,337.5
2026-03-12,ESH6,retest|none|3,-1,30,31,33,6713.75,6723.0,6722.75,6686.75,stop,False,-467.0,450.0
2026-03-13,ESH6,retest|none|3,1,16,17,28,6734.25,6718.75,6719.0,6780.0,stop,False,-779.5,762.5
2026-03-16,ESM6,retest|none|3,1,20,21,68,6762.0,6751.25,6751.5,6793.5,stop,False,-542.0,525.0
2026-03-17,ESM6,retest|none|3,1,25,26,33,6806.0,6795.25,6795.5,6837.5,stop,False,-542.0,525.0
2026-03-19,ESM6,retest|none|3,1,45,46,56,6638.75,6625.75,6626.0,6677.0,stop,False,-654.5,637.5
2026-03-20,ESM6,retest|none|3,-1,24,25,84,6621.0,6590.25,6631.25,6590.25,target,False,1533.0,512.5
2026-03-23,ESM6,retest|none|3,1,28,29,136,6678.75,6660.5,6660.75,6732.75,stop,False,-917.0,900.0
2026-03-24,ESM6,retest|none|3,1,38,39,388,6606.5,6601.25,6590.25,6655.25,flatten,False,-267.0,812.5
2026-03-25,ESM6,retest|none|3,-1,18,19,107,6657.75,6621.75,6669.75,6621.75,target,False,1795.5,600.0
2026-03-26,ESM6,retest|none|3,1,17,18,73,6612.75,6600.5,6600.75,6648.75,stop,False,-617.0,600.0
2026-03-27,ESM6,retest|none|3,-1,33,34,47,6460.75,6475.75,6475.5,6416.5,stop,False,-754.5,737.5
2026-03-30,ESM6,retest|none|3,-1,44,45,93,6431.75,6450.25,6450.0,6377.0,stop,False,-929.5,912.5
2026-03-31,ESM6,retest|none|3,1,17,18,78,6475.25,6463.75,6464.0,6509.0,stop,False,-579.5,562.5
2026-04-01,ESM6,retest|none|3,-1,18,19,23,6600.25,6614.25,6614.0,6559.0,stop,False,-704.5,687.5
2026-04-02,ESM6,retest|none|3,1,22,23,62,6541.0,6577.75,6528.75,6577.75,target,False,1833.0,612.5
2026-04-06,ESM6,retest|none|3,1,30,31,33,6648.25,6635.75,6636.0,6685.0,stop,False,-629.5,612.5
2026-04-07,ESM6,retest|none|3,-1,21,22,25,6608.25,6622.5,6622.25,6566.25,stop,False,-717.0,700.0
2026-04-08,ESM6,retest|none|3,-1,22,23,191,6811.25,6823.25,6823.0,6776.0,stop,False,-604.5,587.5
2026-04-09,ESM6,retest|none|3,-1,47,48,80,6807.5,6814.25,6814.0,6788.0,stop,False,-342.0,325.0
2026-04-10,ESM6,retest|none|3,-1,32,33,43,6866.25,6874.0,6873.75,6843.75,stop,False,-392.0,375.0
2026-04-14,ESM6,retest|none|3,1,37,38,177,6963.0,6999.0,6951.0,6999.0,target,False,1795.5,600.0
2026-04-15,ESM6,retest|none|3,1,68,69,320,7025.25,7056.75,7014.75,7056.75,target,False,1570.5,525.0
2026-04-16,ESM6,retest|none|3,-1,43,44,93,7059.25,7065.5,7065.25,7041.25,stop,False,-317.0,300.0
2026-04-17,ESM6,retest|none|3,1,22,23,63,7136.25,7161.0,7128.0,7161.0,target,False,1233.0,412.5
2026-04-20,ESM6,retest|none|3,1,29,30,33,7157.25,7150.75,7151.0,7176.0,stop,False,-329.5,312.5
2026-04-21,ESM6,retest|none|3,1,50,51,75,7165.0,7156.25,7156.5,7190.5,stop,False,-442.0,425.0
2026-04-22,ESM6,retest|none|3,1,30,31,35,7156.75,7150.75,7151.0,7174.0,stop,False,-304.5,287.5
2026-04-23,ESM6,retest|none|3,1,23,24,30,7165.75,7158.5,7158.75,7186.75,stop,False,-367.0,350.0
2026-04-24,ESM6,retest|none|3,-1,33,34,39,7149.0,7157.25,7157.0,7125.0,stop,False,-417.0,400.0
2026-04-27,ESM6,retest|none|3,-1,109,110,156,7182.5,7190.5,7190.25,7159.25,stop,False,-404.5,387.5
2026-04-28,ESM6,retest|none|3,-1,66,67,335,7160.75,7171.75,7171.5,7128.5,stop,False,-554.5,537.5
2026-04-29,ESM6,retest|none|3,1,54,55,99,7167.25,7160.75,7161.0,7186.0,stop,False,-329.5,312.5
2026-04-30,ESM6,retest|none|3,-1,26,27,76,7165.0,7182.25,7182.0,7114.0,stop,False,-867.0,850.0
2026-05-01,ESM6,retest|none|3,1,69,70,175,7280.5,7270.75,7271.0,7309.0,stop,False,-492.0,475.0
2026-05-04,ESM6,retest|none|3,1,18,19,39,7253.5,7247.75,7248.0,7270.0,stop,False,-292.0,275.0
2026-05-05,ESM6,retest|none|3,1,16,17,45,7274.5,7269.25,7269.5,7289.5,stop,False,-267.0,250.0
2026-05-06,ESM6,retest|none|3,1,25,26,37,7345.500000000001,7336.250000000001,7336.500000000001,7372.500000000001,stop,False,-467.0,450.0
2026-05-07,ESM6,retest|none|3,-1,16,17,35,7389.500000000001,7395.000000000001,7394.750000000001,7373.750000000001,stop,False,-279.5,262.5
2026-05-11,ESM6,retest|none|3,1,25,26,388,7430.250000000001,7435.000000000001,7420.500000000001,7459.500000000001,flatten,False,233.0,487.5
2026-05-12,ESM6,retest|none|3,-1,36,37,46,7399.000000000001,7408.000000000001,7407.750000000001,7372.750000000001,stop,False,-454.5,437.5
2026-05-13,ESM6,retest|none|3,-1,20,21,25,7405.250000000001,7415.500000000001,7415.250000000001,7375.250000000001,stop,False,-517.0,500.0
2026-05-14,ESM6,retest|none|3,1,46,47,146,7502.500000000001,7534.000000000001,7492.000000000001,7534.000000000001,target,False,1570.5,525.0
2026-05-15,ESM6,retest|none|3,-1,16,17,20,7421.500000000001,7439.250000000001,7439.000000000001,7369.000000000001,stop,False,-892.0,875.0
2026-05-18,ESM6,retest|none|3,1,39,40,59,7444.000000000001,7433.000000000001,7433.250000000001,7476.250000000001,stop,False,-554.5,537.5
2026-05-19,ESM6,retest|none|3,-1,72,73,175,7371.500000000001,7383.000000000001,7382.750000000001,7337.750000000001,stop,False,-579.5,562.5
2026-05-21,ESM6,retest|none|3,1,62,63,64,7425.500000000001,7418.500000000001,7418.750000000001,7445.750000000001,stop,False,-354.5,337.5
2026-05-22,ESM6,retest|none|3,-1,44,45,91,7489.750000000001,7502.750000000001,7502.500000000001,7451.500000000001,stop,False,-654.5,637.5
2026-05-26,ESM6,retest|none|3,1,33,34,106,7544.250000000001,7536.000000000001,7536.250000000001,7568.250000000001,stop,False,-417.0,400.0
2026-05-27,ESM6,retest|none|3,-1,113,114,121,7523.750000000001,7534.500000000001,7534.250000000001,7492.250000000001,stop,False,-542.0,525.0
2026-05-28,ESM6,retest|none|3,1,31,32,42,7537.750000000001,7555.750000000001,7531.750000000001,7555.750000000001,target,False,895.5,300.0
2026-05-29,ESM6,retest|none|3,1,18,19,47,7607.500000000001,7597.500000000001,7597.750000000001,7636.750000000001,stop,False,-504.5,487.5
2026-06-03,ESM6,retest|none|3,-1,32,33,388,7591.250000000001,7575.500000000001,7602.750000000001,7556.750000000001,flatten,False,783.0,575.0
2026-06-04,ESM6,retest|none|3,1,45,46,166,7562.750000000001,7592.750000000001,7552.750000000001,7592.750000000001,target,False,1495.5,500.0
2026-06-05,ESM6,retest|none|3,-1,16,17,152,7525.000000000001,7485.250000000001,7538.250000000001,7485.250000000001,target,False,1983.0,662.5
2026-06-08,ESM6,retest|none|3,-1,28,29,56,7435.500000000001,7451.500000000001,7451.250000000001,7388.250000000001,stop,False,-804.5,787.5
2026-06-09,ESM6,retest|none|3,-1,41,42,48,7450.500000000001,7419.000000000001,7461.000000000001,7419.000000000001,target,False,1570.5,525.0
2026-06-10,ESM6,retest|none|3,1,19,20,82,7387.000000000001,7363.000000000001,7363.250000000001,7458.250000000001,stop,False,-1204.5,1187.5
2026-06-11,ESM6,retest|none|3,1,17,18,41,7315.250000000001,7300.750000000001,7301.000000000001,7358.000000000001,stop,False,-729.5,712.5
2026-06-12,ESM6,retest|none|3,-1,19,20,30,7372.500000000001,7398.250000000001,7398.000000000001,7296.000000000001,stop,False,-1292.0,1275.0
2026-06-15,ESU6,retest|none|3,1,59,60,147,7617.500000000001,7643.750000000001,7608.750000000001,7643.750000000001,target,False,1308.0,437.5
2026-06-16,ESU6,retest|none|3,-1,51,52,136,7619.750000000001,7601.000000000001,7626.000000000001,7601.000000000001,target,False,933.0,312.5
2026-06-17,ESU6,retest|none|3,1,57,58,61,7600.000000000001,7592.250000000001,7592.500000000001,7622.500000000001,stop,False,-392.0,375.0
2026-06-24,ESU6,retest|none|3,1,22,23,27,7470.000000000001,7454.750000000001,7455.000000000001,7515.000000000001,stop,False,-767.0,750.0
2026-06-25,ESU6,retest|none|3,-1,35,36,50,7432.500000000001,7460.000000000001,7459.750000000001,7350.750000000001,stop,False,-1379.5,1362.5
2026-06-29,ESU6,retest|none|3,1,18,19,26,7485.500000000001,7465.750000000001,7466.000000000001,7544.000000000001,stop,False,-992.0,975.0
2026-07-01,ESU6,retest|none|3,1,31,32,174,7536.000000000001,7578.750000000001,7521.750000000001,7578.750000000001,target,False,2133.0,712.5
2026-07-02,ESU6,retest|none|3,1,18,19,57,7587.250000000001,7571.000000000001,7571.250000000001,7635.250000000001,stop,False,-817.0,800.0
2026-07-06,ESU6,retest|none|3,1,53,54,388,7577.000000000001,7591.750000000001,7566.750000000001,7607.750000000001,flatten,False,733.0,512.5
2026-07-07,ESU6,retest|none|3,-1,24,25,56,7567.000000000001,7539.250000000001,7576.250000000001,7539.250000000001,target,False,1383.0,462.5
2026-07-08,ESU6,retest|none|3,-1,66,67,180,7499.750000000001,7510.750000000001,7510.500000000001,7467.500000000001,stop,False,-554.5,537.5
2026-07-09,ESU6,retest|none|3,1,16,17,45,7560.250000000001,7545.500000000001,7545.750000000001,7603.750000000001,stop,False,-742.0,725.0
2026-07-10,ESU6,retest|none|3,1,33,34,38,7605.250000000001,7597.750000000001,7598.000000000001,7627.000000000001,stop,False,-379.5,362.5
2026-07-13,ESU6,retest|none|3,-1,86,87,90,7593.500000000001,7601.500000000001,7601.250000000001,7570.250000000001,stop,False,-404.5,387.5
2026-07-14,ESU6,retest|none|3,1,91,92,150,7586.000000000001,7575.000000000001,7575.250000000001,7618.250000000001,stop,False,-554.5,537.5
2026-07-15,ESU6,retest|none|3,-1,54,55,58,7607.500000000001,7615.000000000001,7614.750000000001,7585.750000000001,stop,False,-379.5,362.5
2026-07-16,ESU6,retest|none|3,-1,19,20,22,7579.000000000001,7591.500000000001,7591.250000000001,7542.250000000001,stop,False,-629.5,612.5
2026-07-17,ESU6,retest|none|3,1,19,20,35,7496.000000000001,7525.250000000001,7486.250000000001,7525.250000000001,target,False,1458.0,487.5
2026-07-21,ESU6,retest|none|3,1,76,77,388,7531.250000000001,7547.000000000001,7518.750000000001,7568.750000000001,flatten,False,783.0,625.0
2026-07-23,ESU6,retest|none|3,-1,82,83,388,7443.250000000001,7442.500000000001,7464.000000000001,7381.000000000001,flatten,False,33.0,1037.5
2026-07-24,ESU6,retest|none|3,-1,31,32,38,7439.750000000001,7446.500000000001,7446.250000000001,7420.250000000001,stop,False,-342.0,325.0
2026-07-27,ESU6,retest|none|3,-1,17,18,53,7491.500000000001,7459.250000000001,7502.250000000001,7459.250000000001,target,False,1608.0,537.5
2026-07-28,ESU6,retest|none|3,-1,29,30,35,7421.500000000001,7436.500000000001,7436.250000000001,7377.250000000001,stop,False,-754.5,737.5
2026-07-30,ESU6,retest|none|3,1,16,17,84,7426.500000000001,7415.250000000001,7415.500000000001,7459.500000000001,stop,False,-567.0,550.0
2026-07-31,ESU6,retest|none|3,-1,26,27,180,7479.250000000001,7497.500000000001,7497.250000000001,7425.250000000001,stop,False,-917.0,900.0
2025-12-01,ESZ5,retest|vwap|2,1,51,52,60,6828.75,6820.5,6820.75,6844.75,stop,False,-417.0,400.0
2025-12-02,ESZ5,retest|vwap|2,1,35,36,41,6857.5,6850.5,6850.75,6871.0,stop,False,-354.5,337.5
2025-12-03,ESZ5,retest|vwap|2,1,49,50,123,6840.0,6856.0,6832.0,6856.0,target,False,795.5,400.0
2025-12-04,ESZ5,retest|vwap|2,-1,17,18,67,6858.0,6867.0,6866.75,6840.5,stop,False,-454.5,437.5
2025-12-05,ESZ5,retest|vwap|2,1,26,27,35,6887.25,6899.75,6881.0,6899.75,target,False,620.5,312.5
2025-12-09,ESZ5,retest|vwap|2,1,22,23,78,6862.75,6855.75,6856.0,6876.25,stop,False,-354.5,337.5
2025-12-10,ESZ5,retest|vwap|2,1,18,19,65,6849.25,6840.0,6840.25,6867.25,stop,False,-467.0,450.0
2025-12-11,ESZ5,retest|vwap|2,1,65,66,78,6876.5,6869.25,6869.5,6890.5,stop,False,-367.0,350.0
2025-12-15,ESH6,retest|vwap|2,-1,16,17,34,6908.0,6885.0,6919.5,6885.0,target,False,1145.5,575.0
2025-12-16,ESH6,retest|vwap|2,1,28,29,32,6877.25,6865.0,6865.25,6901.25,stop,False,-617.0,600.0
2025-12-17,ESH6,retest|vwap|2,-1,17,18,27,6846.25,6858.75,6858.5,6821.75,stop,False,-629.5,612.5
2025-12-19,ESH6,retest|vwap|2,1,23,24,388,6878.75,6885.5,6863.5,6909.25,flatten,False,333.0,762.5
2025-12-22,ESH6,retest|vwap|2,-1,67,68,73,6911.25,6919.5,6919.25,6895.25,stop,False,-417.0,400.0
2025-12-23,ESH6,retest|vwap|2,1,16,17,32,6939.75,6929.5,6929.75,6959.75,stop,False,-517.0,500.0
2025-12-26,ESH6,retest|vwap|2,-1,33,34,53,6977.0,6984.25,6984.0,6963.0,stop,False,-367.0,350.0
2025-12-29,ESH6,retest|vwap|2,-1,82,83,318,6946.75,6957.25,6957.0,6926.25,stop,False,-529.5,512.5
2025-12-30,ESH6,retest|vwap|2,1,21,22,37,6954.75,6950.5,6950.75,6962.75,stop,False,-217.0,200.0
2025-12-31,ESH6,retest|vwap|2,-1,18,19,25,6928.25,6937.5,6937.25,6910.25,stop,False,-467.0,450.0
2026-01-02,ESH6,retest|vwap|2,1,22,23,41,6932.75,6922.0,6922.25,6953.75,stop,False,-542.0,525.0
2026-01-05,ESH6,retest|vwap|2,1,52,53,138,6947.25,6960.25,6940.75,6960.25,target,False,645.5,325.0
2026-01-07,ESH6,retest|vwap|2,1,17,18,30,6995.75,6990.0,6990.25,7006.75,stop,False,-292.0,275.0
2026-01-08,ESH6,retest|vwap|2,1,38,39,67,6962.75,6953.75,6954.0,6980.25,stop,False,-454.5,437.5
2026-01-09,ESH6,retest|vwap|2,-1,36,37,43,6963.75,6973.25,6973.0,6945.25,stop,False,-479.5,462.5
2026-01-12,ESH6,retest|vwap|2,1,33,34,388,6998.25,7017.5,6984.75,7025.25,flatten,False,958.0,675.0
2026-01-13,ESH6,retest|vwap|2,-1,20,21,32,7010.25,6997.75,7016.5,6997.75,target,False,620.5,312.5
2026-01-15,ESH6,retest|vwap|2,-1,22,23,24,6995.75,7002.0,7001.75,6983.75,stop,False,-317.0,300.0
2026-01-20,ESH6,retest|vwap|2,-1,42,43,51,6868.0,6877.75,6877.5,6849.0,stop,False,-492.0,475.0
2026-01-22,ESH6,retest|vwap|2,-1,17,18,77,6942.5,6952.0,6951.75,6924.0,stop,False,-479.5,462.5
2026-01-26,ESH6,retest|vwap|2,1,17,18,388,6977.75,6981.0,6965.5,7002.25,flatten,False,158.0,612.5
2026-01-28,ESH6,retest|vwap|2,-1,36,37,72,7020.5,7012.0,7024.75,7012.0,target,False,420.5,212.5
2026-01-29,ESH6,retest|vwap|2,-1,27,28,60,6975.75,6936.75,6995.25,6936.75,target,False,1945.5,975.0
2026-01-30,ESH6,retest|vwap|2,-1,109,110,134,6958.5,6971.0,6970.75,6934.0,stop,False,-629.5,612.5
2026-02-02,ESH6,retest|vwap|2,1,19,20,151,6977.0,7010.5,6960.25,7010.5,target,False,1670.5,837.5
2026-02-04,ESH6,retest|vwap|2,-1,39,40,53,6935.25,6947.0,6946.75,6912.25,stop,False,-592.0,575.0
2026-02-05,ESH6,retest|vwap|2,-1,37,38,141,6829.0,6852.5,6852.25,6782.5,stop,False,-1179.5,1162.5
2026-02-06,ESH6,retest|vwap|2,1,90,91,371,6898.25,6945.75,6874.5,6945.75,target,False,2370.5,1187.5
2026-02-09,ESH6,retest|vwap|2,1,39,40,132,6957.25,6990.25,6940.75,6990.25,target,False,1645.5,825.0
2026-02-10,ESH6,retest|vwap|2,1,30,31,105,6997.0,6986.0,6986.25,7018.5,stop,False,-554.5,537.5
2026-02-11,ESH6,retest|vwap|2,-1,25,26,39,6988.5,6968.5,6998.5,6968.5,target,False,995.5,500.0
2026-02-12,ESH6,retest|vwap|2,-1,16,17,29,6977.25,6963.25,6984.25,6963.25,target,False,695.5,350.0
2026-02-13,ESH6,retest|vwap|2,1,41,42,364,6862.5,6836.75,6837.0,6913.5,stop,False,-1292.0,1275.0
2026-02-17,ESH6,retest|vwap|2,1,116,117,119,6863.75,6849.5,6849.75,6891.75,stop,False,-717.0,700.0
2026-02-18,ESH6,retest|vwap|2,1,26,27,78,6892.25,6919.75,6878.5,6919.75,target,False,1370.5,687.5
2026-02-19,ESH6,retest|vwap|2,1,24,25,60,6881.25,6869.5,6869.75,6904.25,stop,False,-592.0,575.0
2026-02-20,ESH6,retest|vwap|2,1,31,32,32,6920.75,6902.0,6902.25,6957.75,stop,False,-942.0,925.0
2026-02-23,ESH6,retest|vwap|2,-1,19,20,21,6898.25,6911.5,6911.25,6872.25,stop,False,-667.0,650.0
2026-02-24,ESH6,retest|vwap|2,1,20,21,30,6874.25,6851.75,6852.0,6918.75,stop,False,-1129.5,1112.5
2026-02-25,ESH6,retest|vwap|2,1,118,119,272,6943.75,6957.25,6937.0,6957.25,target,False,670.5,337.5
2026-02-26,ESH6,retest|vwap|2,-1,29,30,45,6934.25,6909.75,6946.5,6909.75,target,False,1220.5,612.5
2026-02-27,ESH6,retest|vwap|2,1,51,52,237,6868.75,6855.5,6855.75,6894.75,stop,False,-667.0,650.0
2026-03-02,ESH6,retest|vwap|2,1,16,17,166,6850.25,6894.75,6828.0,6894.75,target,False,2220.5,1112.5
2026-03-03,ESH6,retest|vwap|2,-1,19,20,96,6747.0,6767.25,6767.0,6707.0,stop,False,-1017.0,1000.0
2026-03-04,ESH6,retest|vwap|2,1,46,47,388,6859.75,6880.0,6842.25,6894.75,flatten,False,1008.0,875.0
2026-03-05,ESH6,retest|vwap|2,-1,78,79,108,6838.0,6811.5,6851.25,6811.5,target,False,1320.5,662.5
2026-03-06,ESH6,retest|vwap|2,1,76,77,192,6759.75,6741.0,6741.25,6796.75,stop,False,-942.0,925.0
2026-03-09,ESH6,retest|vwap|2,-1,21,22,33,6652.25,6672.5,6672.25,6612.25,stop,False,-1017.0,1000.0
2026-03-10,ESH6,retest|vwap|2,-1,32,33,52,6774.5,6790.0,6789.75,6744.0,stop,False,-779.5,762.5
2026-03-11,ESH6,retest|vwap|2,-1,23,24,28,6787.25,6794.25,6794.0,6773.75,stop,False,-354.5,337.5
2026-03-12,ESH6,retest|vwap|2,-1,30,31,33,6713.75,6723.0,6722.75,6695.75,stop,False,-467.0,450.0
2026-03-13,ESH6,retest|vwap|2,1,16,17,28,6734.25,6718.75,6719.0,6764.75,stop,False,-779.5,762.5
2026-03-16,ESM6,retest|vwap|2,1,20,21,68,6762.0,6751.25,6751.5,6783.0,stop,False,-542.0,525.0
2026-03-17,ESM6,retest|vwap|2,1,25,26,33,6806.0,6795.25,6795.5,6827.0,stop,False,-542.0,525.0
2026-03-19,ESM6,retest|vwap|2,1,45,46,56,6638.75,6625.75,6626.0,6664.25,stop,False,-654.5,637.5
2026-03-20,ESM6,retest|vwap|2,-1,24,25,31,6621.0,6600.5,6631.25,6600.5,target,False,1020.5,512.5
2026-03-23,ESM6,retest|vwap|2,1,28,29,136,6678.75,6660.5,6660.75,6714.75,stop,False,-917.0,900.0
2026-03-24,ESM6,retest|vwap|2,1,38,39,114,6606.5,6639.0,6590.25,6639.0,target,False,1620.5,812.5
2026-03-25,ESM6,retest|vwap|2,-1,18,19,30,6657.75,6633.75,6669.75,6633.75,target,False,1195.5,600.0
2026-03-26,ESM6,retest|vwap|2,1,17,18,73,6612.75,6600.5,6600.75,6636.75,stop,False,-617.0,600.0
2026-03-27,ESM6,retest|vwap|2,-1,33,34,47,6460.75,6475.75,6475.5,6431.25,stop,False,-754.5,737.5
2026-03-30,ESM6,retest|vwap|2,-1,44,45,93,6431.75,6450.25,6450.0,6395.25,stop,False,-929.5,912.5
2026-03-31,ESM6,retest|vwap|2,1,17,18,78,6475.25,6463.75,6464.0,6497.75,stop,False,-579.5,562.5
2026-04-01,ESM6,retest|vwap|2,-1,18,19,23,6600.25,6614.25,6614.0,6572.75,stop,False,-704.5,687.5
2026-04-02,ESM6,retest|vwap|2,1,22,23,36,6541.0,6565.5,6528.75,6565.5,target,False,1220.5,612.5
2026-04-06,ESM6,retest|vwap|2,1,30,31,33,6648.25,6635.75,6636.0,6672.75,stop,False,-629.5,612.5
2026-04-07,ESM6,retest|vwap|2,-1,21,22,25,6608.25,6622.5,6622.25,6580.25,stop,False,-717.0,700.0
2026-04-08,ESM6,retest|vwap|2,-1,22,23,86,6811.25,6787.75,6823.0,6787.75,target,False,1170.5,587.5
2026-04-09,ESM6,retest|vwap|2,-1,47,48,80,6807.5,6814.25,6814.0,6794.5,stop,False,-342.0,325.0
2026-04-10,ESM6,retest|vwap|2,-1,32,33,43,6866.25,6874.0,6873.75,6851.25,stop,False,-392.0,375.0
2026-04-14,ESM6,retest|vwap|2,1,37,38,121,6963.0,6987.0,6951.0,6987.0,target,False,1195.5,600.0
2026-04-15,ESM6,retest|vwap|2,1,68,69,272,7025.25,7046.25,7014.75,7046.25,target,False,1045.5,525.0
2026-04-16,ESM6,retest|vwap|2,-1,43,44,93,7059.25,7065.5,7065.25,7047.25,stop,False,-317.0,300.0
2026-04-17,ESM6,retest|vwap|2,1,22,23,40,7136.25,7152.75,7128.0,7152.75,target,False,820.5,412.5
2026-04-20,ESM6,retest|vwap|2,1,29,30,33,7157.25,7150.75,7151.0,7169.75,stop,False,-329.5,312.5
2026-04-21,ESM6,retest|vwap|2,1,50,51,75,7165.0,7156.25,7156.5,7182.0,stop,False,-442.0,425.0
2026-04-22,ESM6,retest|vwap|2,1,30,31,35,7156.75,7150.75,7151.0,7168.25,stop,False,-304.5,287.5
2026-04-23,ESM6,retest|vwap|2,1,23,24,30,7165.75,7158.5,7158.75,7179.75,stop,False,-367.0,350.0
2026-04-24,ESM6,retest|vwap|2,-1,33,34,39,7149.0,7157.25,7157.0,7133.0,stop,False,-417.0,400.0
2026-04-27,ESM6,retest|vwap|2,-1,109,110,156,7182.5,7190.5,7190.25,7167.0,stop,False,-404.5,387.5
2026-04-28,ESM6,retest|vwap|2,-1,66,67,335,7160.75,7171.75,7171.5,7139.25,stop,False,-554.5,537.5
2026-04-29,ESM6,retest|vwap|2,1,54,55,99,7167.25,7160.75,7161.0,7179.75,stop,False,-329.5,312.5
2026-04-30,ESM6,retest|vwap|2,-1,26,27,76,7165.0,7182.25,7182.0,7131.0,stop,False,-867.0,850.0
2026-05-04,ESM6,retest|vwap|2,1,18,19,39,7253.5,7247.75,7248.0,7264.5,stop,False,-292.0,275.0
2026-05-05,ESM6,retest|vwap|2,1,16,17,45,7274.5,7269.25,7269.5,7284.5,stop,False,-267.0,250.0
2026-05-06,ESM6,retest|vwap|2,1,25,26,37,7345.500000000001,7336.250000000001,7336.500000000001,7363.500000000001,stop,False,-467.0,450.0
2026-05-07,ESM6,retest|vwap|2,-1,16,17,35,7389.500000000001,7395.000000000001,7394.750000000001,7379.000000000001,stop,False,-279.5,262.5
2026-05-11,ESM6,retest|vwap|2,1,25,26,175,7430.250000000001,7449.750000000001,7420.500000000001,7449.750000000001,target,False,970.5,487.5
2026-05-12,ESM6,retest|vwap|2,-1,36,37,46,7399.000000000001,7408.000000000001,7407.750000000001,7381.500000000001,stop,False,-454.5,437.5
2026-05-13,ESM6,retest|vwap|2,-1,20,21,25,7405.250000000001,7415.500000000001,7415.250000000001,7385.250000000001,stop,False,-517.0,500.0
2026-05-14,ESM6,retest|vwap|2,1,46,47,100,7502.500000000001,7523.500000000001,7492.000000000001,7523.500000000001,target,False,1045.5,525.0
2026-05-15,ESM6,retest|vwap|2,-1,16,17,20,7421.500000000001,7439.250000000001,7439.000000000001,7386.500000000001,stop,False,-892.0,875.0
2026-05-18,ESM6,retest|vwap|2,1,39,40,59,7444.000000000001,7433.000000000001,7433.250000000001,7465.500000000001,stop,False,-554.5,537.5
2026-05-19,ESM6,retest|vwap|2,-1,72,73,175,7371.500000000001,7383.000000000001,7382.750000000001,7349.000000000001,stop,False,-579.5,562.5
2026-05-21,ESM6,retest|vwap|2,1,62,63,64,7425.500000000001,7418.500000000001,7418.750000000001,7439.000000000001,stop,False,-354.5,337.5
2026-05-22,ESM6,retest|vwap|2,-1,44,45,91,7489.750000000001,7502.750000000001,7502.500000000001,7464.250000000001,stop,False,-654.5,637.5
2026-05-26,ESM6,retest|vwap|2,1,33,34,106,7544.250000000001,7536.000000000001,7536.250000000001,7560.250000000001,stop,False,-417.0,400.0
2026-05-27,ESM6,retest|vwap|2,-1,113,114,121,7523.750000000001,7534.500000000001,7534.250000000001,7502.750000000001,stop,False,-542.0,525.0
2026-05-28,ESM6,retest|vwap|2,1,31,32,42,7537.750000000001,7549.750000000001,7531.750000000001,7549.750000000001,target,False,595.5,300.0
2026-05-29,ESM6,retest|vwap|2,1,18,19,47,7607.500000000001,7597.500000000001,7597.750000000001,7627.000000000001,stop,False,-504.5,487.5
2026-06-03,ESM6,retest|vwap|2,-1,32,33,174,7591.250000000001,7568.250000000001,7602.750000000001,7568.250000000001,target,False,1145.5,575.0
2026-06-04,ESM6,retest|vwap|2,1,45,46,101,7562.750000000001,7582.750000000001,7552.750000000001,7582.750000000001,target,False,995.5,500.0
2026-06-05,ESM6,retest|vwap|2,-1,16,17,126,7525.000000000001,7498.500000000001,7538.250000000001,7498.500000000001,target,False,1320.5,662.5
2026-06-08,ESM6,retest|vwap|2,-1,28,29,56,7435.500000000001,7451.500000000001,7451.250000000001,7404.000000000001,stop,False,-804.5,787.5
2026-06-09,ESM6,retest|vwap|2,-1,41,42,46,7450.500000000001,7429.500000000001,7461.000000000001,7429.500000000001,target,False,1045.5,525.0
2026-06-10,ESM6,retest|vwap|2,1,19,20,82,7387.000000000001,7363.000000000001,7363.250000000001,7434.500000000001,stop,False,-1204.5,1187.5
2026-06-11,ESM6,retest|vwap|2,1,17,18,41,7315.250000000001,7300.750000000001,7301.000000000001,7343.750000000001,stop,False,-729.5,712.5
2026-06-12,ESM6,retest|vwap|2,-1,19,20,30,7372.500000000001,7398.250000000001,7398.000000000001,7321.500000000001,stop,False,-1292.0,1275.0
2026-06-15,ESU6,retest|vwap|2,1,59,60,122,7617.500000000001,7635.000000000001,7608.750000000001,7635.000000000001,target,False,870.5,437.5
2026-06-16,ESU6,retest|vwap|2,-1,51,52,61,7619.750000000001,7607.250000000001,7626.000000000001,7607.250000000001,target,False,620.5,312.5
2026-06-17,ESU6,retest|vwap|2,1,57,58,61,7600.000000000001,7592.250000000001,7592.500000000001,7615.000000000001,stop,False,-392.0,375.0
2026-06-24,ESU6,retest|vwap|2,1,22,23,27,7470.000000000001,7454.750000000001,7455.000000000001,7500.000000000001,stop,False,-767.0,750.0
2026-06-25,ESU6,retest|vwap|2,-1,46,47,50,7430.750000000001,7458.250000000001,7458.000000000001,7376.250000000001,stop,False,-1379.5,1362.5
2026-06-29,ESU6,retest|vwap|2,1,18,19,26,7485.500000000001,7465.750000000001,7466.000000000001,7524.500000000001,stop,False,-992.0,975.0
2026-07-01,ESU6,retest|vwap|2,1,31,32,97,7536.000000000001,7564.500000000001,7521.750000000001,7564.500000000001,target,False,1420.5,712.5
2026-07-02,ESU6,retest|vwap|2,1,18,19,57,7587.250000000001,7571.000000000001,7571.250000000001,7619.250000000001,stop,False,-817.0,800.0
2026-07-06,ESU6,retest|vwap|2,1,53,54,326,7577.000000000001,7597.500000000001,7566.750000000001,7597.500000000001,target,False,1020.5,512.5
2026-07-07,ESU6,retest|vwap|2,-1,24,25,44,7567.000000000001,7548.500000000001,7576.250000000001,7548.500000000001,target,False,920.5,462.5
2026-07-08,ESU6,retest|vwap|2,-1,66,67,113,7499.750000000001,7478.250000000001,7510.500000000001,7478.250000000001,target,False,1070.5,537.5
2026-07-09,ESU6,retest|vwap|2,1,16,17,45,7560.250000000001,7545.500000000001,7545.750000000001,7589.250000000001,stop,False,-742.0,725.0
2026-07-10,ESU6,retest|vwap|2,1,33,34,38,7605.250000000001,7597.750000000001,7598.000000000001,7619.750000000001,stop,False,-379.5,362.5
2026-07-13,ESU6,retest|vwap|2,-1,86,87,90,7593.500000000001,7601.500000000001,7601.250000000001,7578.000000000001,stop,False,-404.5,387.5
2026-07-14,ESU6,retest|vwap|2,1,91,92,150,7586.000000000001,7575.000000000001,7575.250000000001,7607.500000000001,stop,False,-554.5,537.5
2026-07-15,ESU6,retest|vwap|2,-1,54,55,58,7607.500000000001,7615.000000000001,7614.750000000001,7593.000000000001,stop,False,-379.5,362.5
2026-07-16,ESU6,retest|vwap|2,-1,19,20,22,7579.000000000001,7591.500000000001,7591.250000000001,7554.500000000001,stop,False,-629.5,612.5
2026-07-17,ESU6,retest|vwap|2,1,19,20,30,7496.000000000001,7515.500000000001,7486.250000000001,7515.500000000001,target,False,970.5,487.5
2026-07-21,ESU6,retest|vwap|2,1,76,77,388,7531.250000000001,7547.000000000001,7518.750000000001,7556.250000000001,flatten,False,783.0,625.0
2026-07-23,ESU6,retest|vwap|2,-1,82,83,388,7443.250000000001,7442.500000000001,7464.000000000001,7401.750000000001,flatten,False,33.0,1037.5
2026-07-24,ESU6,retest|vwap|2,-1,31,32,38,7439.750000000001,7446.500000000001,7446.250000000001,7426.750000000001,stop,False,-342.0,325.0
2026-07-27,ESU6,retest|vwap|2,-1,17,18,30,7491.500000000001,7470.000000000001,7502.250000000001,7470.000000000001,target,False,1070.5,537.5
2026-07-28,ESU6,retest|vwap|2,-1,29,30,35,7421.500000000001,7436.500000000001,7436.250000000001,7392.000000000001,stop,False,-754.5,737.5
2026-07-30,ESU6,retest|vwap|2,1,16,17,84,7426.500000000001,7415.250000000001,7415.500000000001,7448.500000000001,stop,False,-567.0,550.0
2026-07-31,ESU6,retest|vwap|2,-1,26,27,37,7479.250000000001,7443.250000000001,7497.250000000001,7443.250000000001,target,False,1795.5,900.0
2025-12-01,ESZ5,retest|vwap|3,1,51,52,60,6828.75,6820.5,6820.75,6852.75,stop,False,-417.0,400.0
2025-12-02,ESZ5,retest|vwap|3,1,35,36,41,6857.5,6850.5,6850.75,6877.75,stop,False,-354.5,337.5
2025-12-03,ESZ5,retest|vwap|3,1,49,50,206,6840.0,6864.0,6832.0,6864.0,target,False,1195.5,400.0
2025-12-04,ESZ5,retest|vwap|3,-1,17,18,67,6858.0,6867.0,6866.75,6831.75,stop,False,-454.5,437.5
2025-12-05,ESZ5,retest|vwap|3,1,26,27,105,6887.25,6880.75,6881.0,6906.0,stop,False,-329.5,312.5
2025-12-09,ESZ5,retest|vwap|3,1,22,23,78,6862.75,6855.75,6856.0,6883.0,stop,False,-354.5,337.5
2025-12-10,ESZ5,retest|vwap|3,1,18,19,65,6849.25,6840.0,6840.25,6876.25,stop,False,-467.0,450.0
2025-12-11,ESZ5,retest|vwap|3,1,65,66,78,6876.5,6869.25,6869.5,6897.5,stop,False,-367.0,350.0
2025-12-15,ESH6,retest|vwap|3,-1,16,17,54,6908.0,6873.5,6919.5,6873.5,target,False,1720.5,575.0
2025-12-16,ESH6,retest|vwap|3,1,28,29,32,6877.25,6865.0,6865.25,6913.25,stop,False,-617.0,600.0
2025-12-17,ESH6,retest|vwap|3,-1,17,18,27,6846.25,6858.75,6858.5,6809.5,stop,False,-629.5,612.5
2025-12-19,ESH6,retest|vwap|3,1,23,24,388,6878.75,6885.5,6863.5,6924.5,flatten,False,333.0,762.5
2025-12-22,ESH6,retest|vwap|3,-1,67,68,73,6911.25,6919.5,6919.25,6887.25,stop,False,-417.0,400.0
2025-12-23,ESH6,retest|vwap|3,1,16,17,32,6939.75,6929.5,6929.75,6969.75,stop,False,-517.0,500.0
2025-12-26,ESH6,retest|vwap|3,-1,33,34,53,6977.0,6984.25,6984.0,6956.0,stop,False,-367.0,350.0
2025-12-29,ESH6,retest|vwap|3,-1,82,83,318,6946.75,6957.25,6957.0,6916.0,stop,False,-529.5,512.5
2025-12-30,ESH6,retest|vwap|3,1,21,22,37,6954.75,6950.5,6950.75,6966.75,stop,False,-217.0,200.0
2025-12-31,ESH6,retest|vwap|3,-1,18,19,25,6928.25,6937.5,6937.25,6901.25,stop,False,-467.0,450.0
2026-01-02,ESH6,retest|vwap|3,1,22,23,41,6932.75,6922.0,6922.25,6964.25,stop,False,-542.0,525.0
2026-01-05,ESH6,retest|vwap|3,1,52,53,385,6947.25,6940.5,6940.75,6966.75,stop,False,-342.0,325.0
2026-01-07,ESH6,retest|vwap|3,1,17,18,30,6995.75,6990.0,6990.25,7012.25,stop,False,-292.0,275.0
2026-01-08,ESH6,retest|vwap|3,1,38,39,67,6962.75,6953.75,6954.0,6989.0,stop,False,-454.5,437.5
2026-01-09,ESH6,retest|vwap|3,-1,36,37,43,6963.75,6973.25,6973.0,6936.0,stop,False,-479.5,462.5
2026-01-12,ESH6,retest|vwap|3,1,33,34,388,6998.25,7017.5,6984.75,7038.75,flatten,False,958.0,675.0
2026-01-13,ESH6,retest|vwap|3,-1,20,21,48,7010.25,6991.5,7016.5,6991.5,target,False,933.0,312.5
2026-01-15,ESH6,retest|vwap|3,-1,22,23,24,6995.75,7002.0,7001.75,6977.75,stop,False,-317.0,300.0
2026-01-20,ESH6,retest|vwap|3,-1,42,43,51,6868.0,6877.75,6877.5,6839.5,stop,False,-492.0,475.0
2026-01-22,ESH6,retest|vwap|3,-1,17,18,77,6942.5,6952.0,6951.75,6914.75,stop,False,-479.5,462.5
2026-01-26,ESH6,retest|vwap|3,1,17,18,388,6977.75,6981.0,6965.5,7014.5,flatten,False,158.0,612.5
2026-01-28,ESH6,retest|vwap|3,-1,36,37,88,7020.5,7007.75,7024.75,7007.75,target,False,633.0,212.5
2026-01-29,ESH6,retest|vwap|3,-1,27,28,72,6975.75,6917.25,6995.25,6917.25,target,False,2920.5,975.0
2026-01-30,ESH6,retest|vwap|3,-1,109,110,134,6958.5,6971.0,6970.75,6921.75,stop,False,-629.5,612.5
2026-02-02,ESH6,retest|vwap|3,1,19,20,388,6977.0,7004.75,6960.25,7027.25,flatten,False,1383.0,837.5
2026-02-04,ESH6,retest|vwap|3,-1,39,40,53,6935.25,6947.0,6946.75,6900.75,stop,False,-592.0,575.0
2026-02-05,ESH6,retest|vwap|3,-1,37,38,141,6829.0,6852.5,6852.25,6759.25,stop,False,-1179.5,1162.5
2026-02-06,ESH6,retest|vwap|3,1,90,91,388,6898.25,6957.5,6874.5,6969.5,flatten,False,2958.0,1187.5
2026-02-09,ESH6,retest|vwap|3,1,39,40,388,6957.25,6985.5,6940.75,7006.75,flatten,False,1408.0,825.0
2026-02-10,ESH6,retest|vwap|3,1,30,31,105,6997.0,6986.0,6986.25,7029.25,stop,False,-554.5,537.5
2026-02-11,ESH6,retest|vwap|3,-1,25,26,42,6988.5,6958.5,6998.5,6958.5,target,False,1495.5,500.0
2026-02-12,ESH6,retest|vwap|3,-1,16,17,66,6977.25,6956.25,6984.25,6956.25,target,False,1045.5,350.0
2026-02-13,ESH6,retest|vwap|3,1,41,42,364,6862.5,6836.75,6837.0,6939.0,stop,False,-1292.0,1275.0
2026-02-17,ESH6,retest|vwap|3,1,116,117,119,6863.75,6849.5,6849.75,6905.75,stop,False,-717.0,700.0
2026-02-18,ESH6,retest|vwap|3,1,26,27,326,6892.25,6878.25,6878.5,6933.5,stop,False,-704.5,687.5
2026-02-19,ESH6,retest|vwap|3,1,24,25,60,6881.25,6869.5,6869.75,6915.75,stop,False,-592.0,575.0
2026-02-20,ESH6,retest|vwap|3,1,31,32,32,6920.75,6902.0,6902.25,6976.25,stop,False,-942.0,925.0
2026-02-23,ESH6,retest|vwap|3,-1,19,20,21,6898.25,6911.5,6911.25,6859.25,stop,False,-667.0,650.0
2026-02-24,ESH6,retest|vwap|3,1,20,21,30,6874.25,6851.75,6852.0,6941.0,stop,False,-1129.5,1112.5
2026-02-25,ESH6,retest|vwap|3,1,118,119,380,6943.75,6964.0,6937.0,6964.0,target,False,1008.0,337.5
2026-02-26,ESH6,retest|vwap|3,-1,29,30,47,6934.25,6897.5,6946.5,6897.5,target,False,1833.0,612.5
2026-02-27,ESH6,retest|vwap|3,1,51,52,237,6868.75,6855.5,6855.75,6907.75,stop,False,-667.0,650.0
2026-03-02,ESH6,retest|vwap|3,1,16,17,388,6850.25,6894.75,6828.0,6917.0,flatten,False,2220.5,1112.5
2026-03-03,ESH6,retest|vwap|3,-1,19,20,96,6747.0,6767.25,6767.0,6687.0,stop,False,-1017.0,1000.0
2026-03-04,ESH6,retest|vwap|3,1,46,47,388,6859.75,6880.0,6842.25,6912.25,flatten,False,1008.0,875.0
2026-03-05,ESH6,retest|vwap|3,-1,78,79,181,6838.0,6798.25,6851.25,6798.25,target,False,1983.0,662.5
2026-03-06,ESH6,retest|vwap|3,1,76,77,192,6759.75,6741.0,6741.25,6815.25,stop,False,-942.0,925.0
2026-03-09,ESH6,retest|vwap|3,-1,21,22,33,6652.25,6672.5,6672.25,6592.25,stop,False,-1017.0,1000.0
2026-03-10,ESH6,retest|vwap|3,-1,32,33,52,6774.5,6790.0,6789.75,6728.75,stop,False,-779.5,762.5
2026-03-11,ESH6,retest|vwap|3,-1,23,24,28,6787.25,6794.25,6794.0,6767.0,stop,False,-354.5,337.5
2026-03-12,ESH6,retest|vwap|3,-1,30,31,33,6713.75,6723.0,6722.75,6686.75,stop,False,-467.0,450.0
2026-03-13,ESH6,retest|vwap|3,1,16,17,28,6734.25,6718.75,6719.0,6780.0,stop,False,-779.5,762.5
2026-03-16,ESM6,retest|vwap|3,1,20,21,68,6762.0,6751.25,6751.5,6793.5,stop,False,-542.0,525.0
2026-03-17,ESM6,retest|vwap|3,1,25,26,33,6806.0,6795.25,6795.5,6837.5,stop,False,-542.0,525.0
2026-03-19,ESM6,retest|vwap|3,1,45,46,56,6638.75,6625.75,6626.0,6677.0,stop,False,-654.5,637.5
2026-03-20,ESM6,retest|vwap|3,-1,24,25,84,6621.0,6590.25,6631.25,6590.25,target,False,1533.0,512.5
2026-03-23,ESM6,retest|vwap|3,1,28,29,136,6678.75,6660.5,6660.75,6732.75,stop,False,-917.0,900.0
2026-03-24,ESM6,retest|vwap|3,1,38,39,388,6606.5,6601.25,6590.25,6655.25,flatten,False,-267.0,812.5
2026-03-25,ESM6,retest|vwap|3,-1,18,19,107,6657.75,6621.75,6669.75,6621.75,target,False,1795.5,600.0
2026-03-26,ESM6,retest|vwap|3,1,17,18,73,6612.75,6600.5,6600.75,6648.75,stop,False,-617.0,600.0
2026-03-27,ESM6,retest|vwap|3,-1,33,34,47,6460.75,6475.75,6475.5,6416.5,stop,False,-754.5,737.5
2026-03-30,ESM6,retest|vwap|3,-1,44,45,93,6431.75,6450.25,6450.0,6377.0,stop,False,-929.5,912.5
2026-03-31,ESM6,retest|vwap|3,1,17,18,78,6475.25,6463.75,6464.0,6509.0,stop,False,-579.5,562.5
2026-04-01,ESM6,retest|vwap|3,-1,18,19,23,6600.25,6614.25,6614.0,6559.0,stop,False,-704.5,687.5
2026-04-02,ESM6,retest|vwap|3,1,22,23,62,6541.0,6577.75,6528.75,6577.75,target,False,1833.0,612.5
2026-04-06,ESM6,retest|vwap|3,1,30,31,33,6648.25,6635.75,6636.0,6685.0,stop,False,-629.5,612.5
2026-04-07,ESM6,retest|vwap|3,-1,21,22,25,6608.25,6622.5,6622.25,6566.25,stop,False,-717.0,700.0
2026-04-08,ESM6,retest|vwap|3,-1,22,23,191,6811.25,6823.25,6823.0,6776.0,stop,False,-604.5,587.5
2026-04-09,ESM6,retest|vwap|3,-1,47,48,80,6807.5,6814.25,6814.0,6788.0,stop,False,-342.0,325.0
2026-04-10,ESM6,retest|vwap|3,-1,32,33,43,6866.25,6874.0,6873.75,6843.75,stop,False,-392.0,375.0
2026-04-14,ESM6,retest|vwap|3,1,37,38,177,6963.0,6999.0,6951.0,6999.0,target,False,1795.5,600.0
2026-04-15,ESM6,retest|vwap|3,1,68,69,320,7025.25,7056.75,7014.75,7056.75,target,False,1570.5,525.0
2026-04-16,ESM6,retest|vwap|3,-1,43,44,93,7059.25,7065.5,7065.25,7041.25,stop,False,-317.0,300.0
2026-04-17,ESM6,retest|vwap|3,1,22,23,63,7136.25,7161.0,7128.0,7161.0,target,False,1233.0,412.5
2026-04-20,ESM6,retest|vwap|3,1,29,30,33,7157.25,7150.75,7151.0,7176.0,stop,False,-329.5,312.5
2026-04-21,ESM6,retest|vwap|3,1,50,51,75,7165.0,7156.25,7156.5,7190.5,stop,False,-442.0,425.0
2026-04-22,ESM6,retest|vwap|3,1,30,31,35,7156.75,7150.75,7151.0,7174.0,stop,False,-304.5,287.5
2026-04-23,ESM6,retest|vwap|3,1,23,24,30,7165.75,7158.5,7158.75,7186.75,stop,False,-367.0,350.0
2026-04-24,ESM6,retest|vwap|3,-1,33,34,39,7149.0,7157.25,7157.0,7125.0,stop,False,-417.0,400.0
2026-04-27,ESM6,retest|vwap|3,-1,109,110,156,7182.5,7190.5,7190.25,7159.25,stop,False,-404.5,387.5
2026-04-28,ESM6,retest|vwap|3,-1,66,67,335,7160.75,7171.75,7171.5,7128.5,stop,False,-554.5,537.5
2026-04-29,ESM6,retest|vwap|3,1,54,55,99,7167.25,7160.75,7161.0,7186.0,stop,False,-329.5,312.5
2026-04-30,ESM6,retest|vwap|3,-1,26,27,76,7165.0,7182.25,7182.0,7114.0,stop,False,-867.0,850.0
2026-05-04,ESM6,retest|vwap|3,1,18,19,39,7253.5,7247.75,7248.0,7270.0,stop,False,-292.0,275.0
2026-05-05,ESM6,retest|vwap|3,1,16,17,45,7274.5,7269.25,7269.5,7289.5,stop,False,-267.0,250.0
2026-05-06,ESM6,retest|vwap|3,1,25,26,37,7345.500000000001,7336.250000000001,7336.500000000001,7372.500000000001,stop,False,-467.0,450.0
2026-05-07,ESM6,retest|vwap|3,-1,16,17,35,7389.500000000001,7395.000000000001,7394.750000000001,7373.750000000001,stop,False,-279.5,262.5
2026-05-11,ESM6,retest|vwap|3,1,25,26,388,7430.250000000001,7435.000000000001,7420.500000000001,7459.500000000001,flatten,False,233.0,487.5
2026-05-12,ESM6,retest|vwap|3,-1,36,37,46,7399.000000000001,7408.000000000001,7407.750000000001,7372.750000000001,stop,False,-454.5,437.5
2026-05-13,ESM6,retest|vwap|3,-1,20,21,25,7405.250000000001,7415.500000000001,7415.250000000001,7375.250000000001,stop,False,-517.0,500.0
2026-05-14,ESM6,retest|vwap|3,1,46,47,146,7502.500000000001,7534.000000000001,7492.000000000001,7534.000000000001,target,False,1570.5,525.0
2026-05-15,ESM6,retest|vwap|3,-1,16,17,20,7421.500000000001,7439.250000000001,7439.000000000001,7369.000000000001,stop,False,-892.0,875.0
2026-05-18,ESM6,retest|vwap|3,1,39,40,59,7444.000000000001,7433.000000000001,7433.250000000001,7476.250000000001,stop,False,-554.5,537.5
2026-05-19,ESM6,retest|vwap|3,-1,72,73,175,7371.500000000001,7383.000000000001,7382.750000000001,7337.750000000001,stop,False,-579.5,562.5
2026-05-21,ESM6,retest|vwap|3,1,62,63,64,7425.500000000001,7418.500000000001,7418.750000000001,7445.750000000001,stop,False,-354.5,337.5
2026-05-22,ESM6,retest|vwap|3,-1,44,45,91,7489.750000000001,7502.750000000001,7502.500000000001,7451.500000000001,stop,False,-654.5,637.5
2026-05-26,ESM6,retest|vwap|3,1,33,34,106,7544.250000000001,7536.000000000001,7536.250000000001,7568.250000000001,stop,False,-417.0,400.0
2026-05-27,ESM6,retest|vwap|3,-1,113,114,121,7523.750000000001,7534.500000000001,7534.250000000001,7492.250000000001,stop,False,-542.0,525.0
2026-05-28,ESM6,retest|vwap|3,1,31,32,42,7537.750000000001,7555.750000000001,7531.750000000001,7555.750000000001,target,False,895.5,300.0
2026-05-29,ESM6,retest|vwap|3,1,18,19,47,7607.500000000001,7597.500000000001,7597.750000000001,7636.750000000001,stop,False,-504.5,487.5
2026-06-03,ESM6,retest|vwap|3,-1,32,33,388,7591.250000000001,7575.500000000001,7602.750000000001,7556.750000000001,flatten,False,783.0,575.0
2026-06-04,ESM6,retest|vwap|3,1,45,46,166,7562.750000000001,7592.750000000001,7552.750000000001,7592.750000000001,target,False,1495.5,500.0
2026-06-05,ESM6,retest|vwap|3,-1,16,17,152,7525.000000000001,7485.250000000001,7538.250000000001,7485.250000000001,target,False,1983.0,662.5
2026-06-08,ESM6,retest|vwap|3,-1,28,29,56,7435.500000000001,7451.500000000001,7451.250000000001,7388.250000000001,stop,False,-804.5,787.5
2026-06-09,ESM6,retest|vwap|3,-1,41,42,48,7450.500000000001,7419.000000000001,7461.000000000001,7419.000000000001,target,False,1570.5,525.0
2026-06-10,ESM6,retest|vwap|3,1,19,20,82,7387.000000000001,7363.000000000001,7363.250000000001,7458.250000000001,stop,False,-1204.5,1187.5
2026-06-11,ESM6,retest|vwap|3,1,17,18,41,7315.250000000001,7300.750000000001,7301.000000000001,7358.000000000001,stop,False,-729.5,712.5
2026-06-12,ESM6,retest|vwap|3,-1,19,20,30,7372.500000000001,7398.250000000001,7398.000000000001,7296.000000000001,stop,False,-1292.0,1275.0
2026-06-15,ESU6,retest|vwap|3,1,59,60,147,7617.500000000001,7643.750000000001,7608.750000000001,7643.750000000001,target,False,1308.0,437.5
2026-06-16,ESU6,retest|vwap|3,-1,51,52,136,7619.750000000001,7601.000000000001,7626.000000000001,7601.000000000001,target,False,933.0,312.5
2026-06-17,ESU6,retest|vwap|3,1,57,58,61,7600.000000000001,7592.250000000001,7592.500000000001,7622.500000000001,stop,False,-392.0,375.0
2026-06-24,ESU6,retest|vwap|3,1,22,23,27,7470.000000000001,7454.750000000001,7455.000000000001,7515.000000000001,stop,False,-767.0,750.0
2026-06-25,ESU6,retest|vwap|3,-1,46,47,50,7430.750000000001,7458.250000000001,7458.000000000001,7349.000000000001,stop,False,-1379.5,1362.5
2026-06-29,ESU6,retest|vwap|3,1,18,19,26,7485.500000000001,7465.750000000001,7466.000000000001,7544.000000000001,stop,False,-992.0,975.0
2026-07-01,ESU6,retest|vwap|3,1,31,32,174,7536.000000000001,7578.750000000001,7521.750000000001,7578.750000000001,target,False,2133.0,712.5
2026-07-02,ESU6,retest|vwap|3,1,18,19,57,7587.250000000001,7571.000000000001,7571.250000000001,7635.250000000001,stop,False,-817.0,800.0
2026-07-06,ESU6,retest|vwap|3,1,53,54,388,7577.000000000001,7591.750000000001,7566.750000000001,7607.750000000001,flatten,False,733.0,512.5
2026-07-07,ESU6,retest|vwap|3,-1,24,25,56,7567.000000000001,7539.250000000001,7576.250000000001,7539.250000000001,target,False,1383.0,462.5
2026-07-08,ESU6,retest|vwap|3,-1,66,67,180,7499.750000000001,7510.750000000001,7510.500000000001,7467.500000000001,stop,False,-554.5,537.5
2026-07-09,ESU6,retest|vwap|3,1,16,17,45,7560.250000000001,7545.500000000001,7545.750000000001,7603.750000000001,stop,False,-742.0,725.0
2026-07-10,ESU6,retest|vwap|3,1,33,34,38,7605.250000000001,7597.750000000001,7598.000000000001,7627.000000000001,stop,False,-379.5,362.5
2026-07-13,ESU6,retest|vwap|3,-1,86,87,90,7593.500000000001,7601.500000000001,7601.250000000001,7570.250000000001,stop,False,-404.5,387.5
2026-07-14,ESU6,retest|vwap|3,1,91,92,150,7586.000000000001,7575.000000000001,7575.250000000001,7618.250000000001,stop,False,-554.5,537.5
2026-07-15,ESU6,retest|vwap|3,-1,54,55,58,7607.500000000001,7615.000000000001,7614.750000000001,7585.750000000001,stop,False,-379.5,362.5
2026-07-16,ESU6,retest|vwap|3,-1,19,20,22,7579.000000000001,7591.500000000001,7591.250000000001,7542.250000000001,stop,False,-629.5,612.5
2026-07-17,ESU6,retest|vwap|3,1,19,20,35,7496.000000000001,7525.250000000001,7486.250000000001,7525.250000000001,target,False,1458.0,487.5
2026-07-21,ESU6,retest|vwap|3,1,76,77,388,7531.250000000001,7547.000000000001,7518.750000000001,7568.750000000001,flatten,False,783.0,625.0
2026-07-23,ESU6,retest|vwap|3,-1,82,83,388,7443.250000000001,7442.500000000001,7464.000000000001,7381.000000000001,flatten,False,33.0,1037.5
2026-07-24,ESU6,retest|vwap|3,-1,31,32,38,7439.750000000001,7446.500000000001,7446.250000000001,7420.250000000001,stop,False,-342.0,325.0
2026-07-27,ESU6,retest|vwap|3,-1,17,18,53,7491.500000000001,7459.250000000001,7502.250000000001,7459.250000000001,target,False,1608.0,537.5
2026-07-28,ESU6,retest|vwap|3,-1,29,30,35,7421.500000000001,7436.500000000001,7436.250000000001,7377.250000000001,stop,False,-754.5,737.5
2026-07-30,ESU6,retest|vwap|3,1,16,17,84,7426.500000000001,7415.250000000001,7415.500000000001,7459.500000000001,stop,False,-567.0,550.0
2026-07-31,ESU6,retest|vwap|3,-1,26,27,180,7479.250000000001,7497.500000000001,7497.250000000001,7425.250000000001,stop,False,-917.0,900.0
2025-12-02,ESZ5,retest|flow|2,1,35,36,41,6857.5,6850.5,6850.75,6871.0,stop,False,-354.5,337.5
2025-12-05,ESZ5,retest|flow|2,1,95,96,101,6888.25,6881.75,6882.0,6900.75,stop,False,-329.5,312.5
2025-12-09,ESZ5,retest|flow|2,1,22,23,78,6862.75,6855.75,6856.0,6876.25,stop,False,-354.5,337.5
2025-12-10,ESZ5,retest|flow|2,1,80,81,85,6849.25,6840.0,6840.25,6867.25,stop,False,-467.0,450.0
2025-12-15,ESH6,retest|flow|2,-1,16,17,34,6908.0,6885.0,6919.5,6885.0,target,False,1145.5,575.0
2025-12-16,ESH6,retest|flow|2,1,28,29,32,6877.25,6865.0,6865.25,6901.25,stop,False,-617.0,600.0
2025-12-19,ESH6,retest|flow|2,1,23,24,388,6878.75,6885.5,6863.5,6909.25,flatten,False,333.0,762.5
2025-12-22,ESH6,retest|flow|2,-1,67,68,73,6911.25,6919.5,6919.25,6895.25,stop,False,-417.0,400.0
2025-12-23,ESH6,retest|flow|2,1,16,17,32,6939.75,6929.5,6929.75,6959.75,stop,False,-517.0,500.0
2025-12-29,ESH6,retest|flow|2,-1,98,99,318,6946.75,6957.25,6957.0,6926.25,stop,False,-529.5,512.5
2025-12-30,ESH6,retest|flow|2,1,23,24,36,6955.25,6951.0,6951.25,6963.25,stop,False,-217.0,200.0
2025-12-31,ESH6,retest|flow|2,-1,36,37,330,6929.0,6911.0,6938.0,6911.0,target,False,895.5,450.0
2026-01-02,ESH6,retest|flow|2,-1,75,76,87,6909.75,6888.75,6920.25,6888.75,target,False,1045.5,525.0
2026-01-07,ESH6,retest|flow|2,-1,44,45,63,6982.75,6988.5,6988.25,6971.75,stop,False,-292.0,275.0
2026-01-08,ESH6,retest|flow|2,1,38,39,67,6962.75,6953.75,6954.0,6980.25,stop,False,-454.5,437.5
2026-01-09,ESH6,retest|flow|2,-1,36,37,43,6963.75,6973.25,6973.0,6945.25,stop,False,-479.5,462.5
2026-01-12,ESH6,retest|flow|2,1,46,47,321,6996.25,7023.25,6982.75,7023.25,target,False,1345.5,675.0
2026-01-15,ESH6,retest|flow|2,1,67,68,74,7011.0,7004.75,7005.0,7023.0,stop,False,-317.0,300.0
2026-01-22,ESH6,retest|flow|2,-1,17,18,77,6942.5,6952.0,6951.75,6924.0,stop,False,-479.5,462.5
2026-01-26,ESH6,retest|flow|2,1,23,24,388,6980.0,6981.0,6967.75,7004.5,flatten,False,45.5,612.5
2026-01-28,ESH6,retest|flow|2,-1,36,37,72,7020.5,7012.0,7024.75,7012.0,target,False,420.5,212.5
2026-02-02,ESH6,retest|flow|2,1,32,33,185,6980.25,7013.75,6963.5,7013.75,target,False,1670.5,837.5
2026-02-04,ESH6,retest|flow|2,-1,80,81,130,6931.25,6908.25,6942.75,6908.25,target,False,1145.5,575.0
2026-02-06,ESH6,retest|flow|2,1,91,92,375,6903.25,6950.75,6879.5,6950.75,target,False,2370.5,1187.5
2026-02-10,ESH6,retest|flow|2,1,36,37,43,7003.5,6992.5,6992.75,7025.0,stop,False,-554.5,537.5
2026-02-11,ESH6,retest|flow|2,-1,25,26,39,6988.5,6968.5,6998.5,6968.5,target,False,995.5,500.0
2026-02-12,ESH6,retest|flow|2,-1,16,17,29,6977.25,6963.25,6984.25,6963.25,target,False,695.5,350.0
2026-02-13,ESH6,retest|flow|2,1,58,59,357,6867.75,6842.0,6842.25,6918.75,stop,False,-1292.0,1275.0
2026-02-18,ESH6,retest|flow|2,1,26,27,78,6892.25,6919.75,6878.5,6919.75,target,False,1370.5,687.5
2026-02-19,ESH6,retest|flow|2,1,46,47,59,6882.25,6870.5,6870.75,6905.25,stop,False,-592.0,575.0
2026-02-20,ESH6,retest|flow|2,1,31,32,32,6920.75,6902.0,6902.25,6957.75,stop,False,-942.0,925.0
2026-02-23,ESH6,retest|flow|2,-1,19,20,21,6898.25,6911.5,6911.25,6872.25,stop,False,-667.0,650.0
2026-02-25,ESH6,retest|flow|2,1,118,119,272,6943.75,6957.25,6937.0,6957.25,target,False,670.5,337.5
2026-02-26,ESH6,retest|flow|2,-1,30,31,45,6931.25,6906.75,6943.5,6906.75,target,False,1220.5,612.5
2026-02-27,ESH6,retest|flow|2,1,64,65,235,6869.75,6856.5,6856.75,6895.75,stop,False,-667.0,650.0
2026-03-03,ESH6,retest|flow|2,-1,19,20,96,6747.0,6767.25,6767.0,6707.0,stop,False,-1017.0,1000.0
2026-03-04,ESH6,retest|flow|2,1,46,47,388,6859.75,6880.0,6842.25,6894.75,flatten,False,1008.0,875.0
2026-03-06,ESH6,retest|flow|2,1,77,78,192,6760.25,6741.5,6741.75,6797.25,stop,False,-942.0,925.0
2026-03-09,ESH6,retest|flow|2,-1,23,24,28,6645.25,6665.5,6665.25,6605.25,stop,False,-1017.0,1000.0
2026-03-10,ESH6,retest|flow|2,-1,32,33,52,6774.5,6790.0,6789.75,6744.0,stop,False,-779.5,762.5
2026-03-11,ESH6,retest|flow|2,-1,100,101,102,6786.5,6773.0,6793.25,6773.0,target,False,670.5,337.5
2026-03-13,ESH6,retest|flow|2,1,17,18,27,6734.5,6719.0,6719.25,6765.0,stop,False,-779.5,762.5
2026-03-16,ESM6,retest|flow|2,1,90,91,95,6763.0,6752.25,6752.5,6784.0,stop,False,-542.0,525.0
2026-03-19,ESM6,retest|flow|2,1,63,64,124,6641.25,6628.25,6628.5,6666.75,stop,False,-654.5,637.5
2026-03-23,ESM6,retest|flow|2,1,28,29,136,6678.75,6660.5,6660.75,6714.75,stop,False,-917.0,900.0
2026-03-24,ESM6,retest|flow|2,1,39,40,43,6609.75,6593.25,6593.5,6642.25,stop,False,-829.5,812.5
2026-03-25,ESM6,retest|flow|2,-1,18,19,30,6657.75,6633.75,6669.75,6633.75,target,False,1195.5,600.0
2026-03-26,ESM6,retest|flow|2,1,17,18,73,6612.75,6600.5,6600.75,6636.75,stop,False,-617.0,600.0
2026-03-27,ESM6,retest|flow|2,-1,53,54,96,6463.5,6478.5,6478.25,6434.0,stop,False,-754.5,737.5
2026-03-31,ESM6,retest|flow|2,1,17,18,78,6475.25,6463.75,6464.0,6497.75,stop,False,-579.5,562.5
2026-04-01,ESM6,retest|flow|2,-1,18,19,23,6600.25,6614.25,6614.0,6572.75,stop,False,-704.5,687.5
2026-04-06,ESM6,retest|flow|2,1,30,31,33,6648.25,6635.75,6636.0,6672.75,stop,False,-629.5,612.5
2026-04-07,ESM6,retest|flow|2,-1,27,28,92,6608.5,6580.5,6622.5,6580.5,target,False,1395.5,700.0
2026-04-08,ESM6,retest|flow|2,-1,22,23,86,6811.25,6787.75,6823.0,6787.75,target,False,1170.5,587.5
2026-04-09,ESM6,retest|flow|2,-1,47,48,80,6807.5,6814.25,6814.0,6794.5,stop,False,-342.0,325.0
2026-04-14,ESM6,retest|flow|2,1,37,38,121,6963.0,6987.0,6951.0,6987.0,target,False,1195.5,600.0
2026-04-17,ESM6,retest|flow|2,1,23,24,40,7137.5,7154.0,7129.25,7154.0,target,False,820.5,412.5
2026-04-20,ESM6,retest|flow|2,1,36,37,41,7156.25,7149.75,7150.0,7168.75,stop,False,-329.5,312.5
2026-04-21,ESM6,retest|flow|2,1,56,57,70,7165.25,7156.5,7156.75,7182.25,stop,False,-442.0,425.0
2026-04-22,ESM6,retest|flow|2,1,30,31,35,7156.75,7150.75,7151.0,7168.25,stop,False,-304.5,287.5
2026-04-23,ESM6,retest|flow|2,1,54,55,116,7166.0,7180.0,7159.0,7180.0,target,False,695.5,350.0
2026-04-27,ESM6,retest|flow|2,-1,109,110,156,7182.5,7190.5,7190.25,7167.0,stop,False,-404.5,387.5
2026-04-28,ESM6,retest|flow|2,-1,95,96,293,7159.25,7170.25,7170.0,7137.75,stop,False,-554.5,537.5
2026-04-30,ESM6,retest|flow|2,-1,27,28,61,7161.5,7178.75,7178.5,7127.5,stop,False,-867.0,850.0
2026-05-01,ESM6,retest|flow|2,1,102,103,175,7280.25,7270.5,7270.75,7299.25,stop,False,-492.0,475.0
2026-05-04,ESM6,retest|flow|2,1,18,19,39,7253.5,7247.75,7248.0,7264.5,stop,False,-292.0,275.0
2026-05-05,ESM6,retest|flow|2,1,16,17,45,7274.5,7269.25,7269.5,7284.5,stop,False,-267.0,250.0
2026-05-06,ESM6,retest|flow|2,1,25,26,37,7345.500000000001,7336.250000000001,7336.500000000001,7363.500000000001,stop,False,-467.0,450.0
2026-05-07,ESM6,retest|flow|2,-1,17,18,26,7385.750000000001,7391.250000000001,7391.000000000001,7375.250000000001,stop,False,-279.5,262.5
2026-05-11,ESM6,retest|flow|2,1,26,27,175,7430.500000000001,7450.000000000001,7420.750000000001,7450.000000000001,target,False,970.5,487.5
2026-05-12,ESM6,retest|flow|2,-1,56,57,92,7397.250000000001,7379.750000000001,7406.000000000001,7379.750000000001,target,False,870.5,437.5
2026-05-13,ESM6,retest|flow|2,-1,20,21,25,7405.250000000001,7415.500000000001,7415.250000000001,7385.250000000001,stop,False,-517.0,500.0
2026-05-14,ESM6,retest|flow|2,1,46,47,100,7502.500000000001,7523.500000000001,7492.000000000001,7523.500000000001,target,False,1045.5,525.0
2026-05-15,ESM6,retest|flow|2,-1,16,17,20,7421.500000000001,7439.250000000001,7439.000000000001,7386.500000000001,stop,False,-892.0,875.0
2026-05-18,ESM6,retest|flow|2,1,39,40,59,7444.000000000001,7433.000000000001,7433.250000000001,7465.500000000001,stop,False,-554.5,537.5
2026-05-19,ESM6,retest|flow|2,-1,102,103,175,7372.500000000001,7384.000000000001,7383.750000000001,7350.000000000001,stop,False,-579.5,562.5
2026-05-21,ESM6,retest|flow|2,1,105,106,121,7428.000000000001,7421.000000000001,7421.250000000001,7441.500000000001,stop,False,-354.5,337.5
2026-05-22,ESM6,retest|flow|2,-1,44,45,91,7489.750000000001,7502.750000000001,7502.500000000001,7464.250000000001,stop,False,-654.5,637.5
2026-05-26,ESM6,retest|flow|2,1,33,34,106,7544.250000000001,7536.000000000001,7536.250000000001,7560.250000000001,stop,False,-417.0,400.0
2026-05-27,ESM6,retest|flow|2,-1,113,114,121,7523.750000000001,7534.500000000001,7534.250000000001,7502.750000000001,stop,False,-542.0,525.0
2026-05-28,ESM6,retest|flow|2,1,39,40,42,7540.250000000001,7552.250000000001,7534.250000000001,7552.250000000001,target,False,595.5,300.0
2026-05-29,ESM6,retest|flow|2,1,18,19,47,7607.500000000001,7597.500000000001,7597.750000000001,7627.000000000001,stop,False,-504.5,487.5
2026-06-03,ESM6,retest|flow|2,-1,34,35,175,7590.250000000001,7567.250000000001,7601.750000000001,7567.250000000001,target,False,1145.5,575.0
2026-06-04,ESM6,retest|flow|2,1,79,80,105,7565.250000000001,7585.250000000001,7555.250000000001,7585.250000000001,target,False,995.5,500.0
2026-06-05,ESM6,retest|flow|2,-1,17,18,128,7522.500000000001,7496.000000000001,7535.750000000001,7496.000000000001,target,False,1320.5,662.5
2026-06-08,ESM6,retest|flow|2,-1,28,29,56,7435.500000000001,7451.500000000001,7451.250000000001,7404.000000000001,stop,False,-804.5,787.5
2026-06-09,ESM6,retest|flow|2,-1,41,42,46,7450.500000000001,7429.500000000001,7461.000000000001,7429.500000000001,target,False,1045.5,525.0
2026-06-10,ESM6,retest|flow|2,1,51,52,79,7389.250000000001,7365.250000000001,7365.500000000001,7436.750000000001,stop,False,-1204.5,1187.5
2026-06-11,ESM6,retest|flow|2,1,55,56,58,7315.250000000001,7300.750000000001,7301.000000000001,7343.750000000001,stop,False,-729.5,712.5
2026-06-12,ESM6,retest|flow|2,1,84,85,149,7433.750000000001,7408.000000000001,7408.250000000001,7484.750000000001,stop,False,-1292.0,1275.0
2026-06-15,ESU6,retest|flow|2,1,59,60,122,7617.500000000001,7635.000000000001,7608.750000000001,7635.000000000001,target,False,870.5,437.5
2026-06-16,ESU6,retest|flow|2,-1,51,52,61,7619.750000000001,7607.250000000001,7626.000000000001,7607.250000000001,target,False,620.5,312.5
2026-06-17,ESU6,retest|flow|2,-1,70,71,73,7577.500000000001,7585.250000000001,7585.000000000001,7562.500000000001,stop,False,-392.0,375.0
2026-06-24,ESU6,retest|flow|2,1,22,23,27,7470.000000000001,7454.750000000001,7455.000000000001,7500.000000000001,stop,False,-767.0,750.0
2026-06-25,ESU6,retest|flow|2,-1,46,47,50,7430.750000000001,7458.250000000001,7458.000000000001,7376.250000000001,stop,False,-1379.5,1362.5
2026-06-29,ESU6,retest|flow|2,1,23,24,26,7484.500000000001,7464.750000000001,7465.000000000001,7523.500000000001,stop,False,-992.0,975.0
2026-07-01,ESU6,retest|flow|2,1,33,34,107,7538.250000000001,7566.750000000001,7524.000000000001,7566.750000000001,target,False,1420.5,712.5
2026-07-02,ESU6,retest|flow|2,1,18,19,57,7587.250000000001,7571.000000000001,7571.250000000001,7619.250000000001,stop,False,-817.0,800.0
2026-07-06,ESU6,retest|flow|2,1,53,54,326,7577.000000000001,7597.500000000001,7566.750000000001,7597.500000000001,target,False,1020.5,512.5
2026-07-07,ESU6,retest|flow|2,-1,24,25,44,7567.000000000001,7548.500000000001,7576.250000000001,7548.500000000001,target,False,920.5,462.5
2026-07-08,ESU6,retest|flow|2,-1,66,67,113,7499.750000000001,7478.250000000001,7510.500000000001,7478.250000000001,target,False,1070.5,537.5
2026-07-09,ESU6,retest|flow|2,1,17,18,45,7560.250000000001,7545.500000000001,7545.750000000001,7589.250000000001,stop,False,-742.0,725.0
2026-07-10,ESU6,retest|flow|2,1,33,34,38,7605.250000000001,7597.750000000001,7598.000000000001,7619.750000000001,stop,False,-379.5,362.5
2026-07-13,ESU6,retest|flow|2,-1,95,96,167,7594.250000000001,7578.750000000001,7602.000000000001,7578.750000000001,target,False,770.5,387.5
2026-07-16,ESU6,retest|flow|2,-1,19,20,22,7579.000000000001,7591.500000000001,7591.250000000001,7554.500000000001,stop,False,-629.5,612.5
2026-07-17,ESU6,retest|flow|2,1,19,20,30,7496.000000000001,7515.500000000001,7486.250000000001,7515.500000000001,target,False,970.5,487.5
2026-07-21,ESU6,retest|flow|2,1,76,77,388,7531.250000000001,7547.000000000001,7518.750000000001,7556.250000000001,flatten,False,783.0,625.0
2026-07-23,ESU6,retest|flow|2,-1,89,90,388,7443.500000000001,7442.500000000001,7464.250000000001,7402.000000000001,flatten,False,45.5,1037.5
2026-07-24,ESU6,retest|flow|2,-1,71,72,80,7440.000000000001,7446.750000000001,7446.500000000001,7427.000000000001,stop,False,-342.0,325.0
2026-07-28,ESU6,retest|flow|2,-1,29,30,35,7421.500000000001,7436.500000000001,7436.250000000001,7392.000000000001,stop,False,-754.5,737.5
2026-07-30,ESU6,retest|flow|2,1,16,17,84,7426.500000000001,7415.250000000001,7415.500000000001,7448.500000000001,stop,False,-567.0,550.0
2026-07-31,ESU6,retest|flow|2,-1,95,96,174,7475.250000000001,7493.500000000001,7493.250000000001,7439.250000000001,stop,False,-917.0,900.0
2025-12-02,ESZ5,retest|flow|3,1,35,36,41,6857.5,6850.5,6850.75,6877.75,stop,False,-354.5,337.5
2025-12-05,ESZ5,retest|flow|3,1,95,96,101,6888.25,6881.75,6882.0,6907.0,stop,False,-329.5,312.5
2025-12-09,ESZ5,retest|flow|3,1,22,23,78,6862.75,6855.75,6856.0,6883.0,stop,False,-354.5,337.5
2025-12-10,ESZ5,retest|flow|3,1,80,81,85,6849.25,6840.0,6840.25,6876.25,stop,False,-467.0,450.0
2025-12-15,ESH6,retest|flow|3,-1,16,17,54,6908.0,6873.5,6919.5,6873.5,target,False,1720.5,575.0
2025-12-16,ESH6,retest|flow|3,1,28,29,32,6877.25,6865.0,6865.25,6913.25,stop,False,-617.0,600.0
2025-12-19,ESH6,retest|flow|3,1,23,24,388,6878.75,6885.5,6863.5,6924.5,flatten,False,333.0,762.5
2025-12-22,ESH6,retest|flow|3,-1,67,68,73,6911.25,6919.5,6919.25,6887.25,stop,False,-417.0,400.0
2025-12-23,ESH6,retest|flow|3,1,16,17,32,6939.75,6929.5,6929.75,6969.75,stop,False,-517.0,500.0
2025-12-29,ESH6,retest|flow|3,-1,98,99,318,6946.75,6957.25,6957.0,6916.0,stop,False,-529.5,512.5
2025-12-30,ESH6,retest|flow|3,1,23,24,36,6955.25,6951.0,6951.25,6967.25,stop,False,-217.0,200.0
2025-12-31,ESH6,retest|flow|3,-1,36,37,340,6929.0,6902.0,6938.0,6902.0,target,False,1345.5,450.0
2026-01-02,ESH6,retest|flow|3,-1,75,76,91,6909.75,6878.25,6920.25,6878.25,target,False,1570.5,525.0
2026-01-07,ESH6,retest|flow|3,-1,44,45,63,6982.75,6988.5,6988.25,6966.25,stop,False,-292.0,275.0
2026-01-08,ESH6,retest|flow|3,1,38,39,67,6962.75,6953.75,6954.0,6989.0,stop,False,-454.5,437.5
2026-01-09,ESH6,retest|flow|3,-1,36,37,43,6963.75,6973.25,6973.0,6936.0,stop,False,-479.5,462.5
2026-01-12,ESH6,retest|flow|3,1,46,47,388,6996.25,7017.5,6982.75,7036.75,flatten,False,1058.0,675.0
2026-01-15,ESH6,retest|flow|3,1,67,68,74,7011.0,7004.75,7005.0,7029.0,stop,False,-317.0,300.0
2026-01-22,ESH6,retest|flow|3,-1,17,18,77,6942.5,6952.0,6951.75,6914.75,stop,False,-479.5,462.5
2026-01-26,ESH6,retest|flow|3,1,23,24,388,6980.0,6981.0,6967.75,7016.75,flatten,False,45.5,612.5
2026-01-28,ESH6,retest|flow|3,-1,36,37,88,7020.5,7007.75,7024.75,7007.75,target,False,633.0,212.5
2026-02-02,ESH6,retest|flow|3,1,32,33,388,6980.25,7004.75,6963.5,7030.5,flatten,False,1220.5,837.5
2026-02-04,ESH6,retest|flow|3,-1,80,81,136,6931.25,6896.75,6942.75,6896.75,target,False,1720.5,575.0
2026-02-06,ESH6,retest|flow|3,1,91,92,388,6903.25,6957.5,6879.5,6974.5,flatten,False,2708.0,1187.5
2026-02-10,ESH6,retest|flow|3,1,36,37,43,7003.5,6992.5,6992.75,7035.75,stop,False,-554.5,537.5
2026-02-11,ESH6,retest|flow|3,-1,25,26,42,6988.5,6958.5,6998.5,6958.5,target,False,1495.5,500.0
2026-02-12,ESH6,retest|flow|3,-1,16,17,66,6977.25,6956.25,6984.25,6956.25,target,False,1045.5,350.0
2026-02-13,ESH6,retest|flow|3,1,58,59,357,6867.75,6842.0,6842.25,6944.25,stop,False,-1292.0,1275.0
2026-02-18,ESH6,retest|flow|3,1,26,27,326,6892.25,6878.25,6878.5,6933.5,stop,False,-704.5,687.5
2026-02-19,ESH6,retest|flow|3,1,46,47,59,6882.25,6870.5,6870.75,6916.75,stop,False,-592.0,575.0
2026-02-20,ESH6,retest|flow|3,1,31,32,32,6920.75,6902.0,6902.25,6976.25,stop,False,-942.0,925.0
2026-02-23,ESH6,retest|flow|3,-1,19,20,21,6898.25,6911.5,6911.25,6859.25,stop,False,-667.0,650.0
2026-02-25,ESH6,retest|flow|3,1,118,119,380,6943.75,6964.0,6937.0,6964.0,target,False,1008.0,337.5
2026-02-26,ESH6,retest|flow|3,-1,30,31,48,6931.25,6894.5,6943.5,6894.5,target,False,1833.0,612.5
2026-02-27,ESH6,retest|flow|3,1,64,65,235,6869.75,6856.5,6856.75,6908.75,stop,False,-667.0,650.0
2026-03-03,ESH6,retest|flow|3,-1,19,20,96,6747.0,6767.25,6767.0,6687.0,stop,False,-1017.0,1000.0
2026-03-04,ESH6,retest|flow|3,1,46,47,388,6859.75,6880.0,6842.25,6912.25,flatten,False,1008.0,875.0
2026-03-06,ESH6,retest|flow|3,1,77,78,192,6760.25,6741.5,6741.75,6815.75,stop,False,-942.0,925.0
2026-03-09,ESH6,retest|flow|3,-1,23,24,28,6645.25,6665.5,6665.25,6585.25,stop,False,-1017.0,1000.0
2026-03-10,ESH6,retest|flow|3,-1,32,33,52,6774.5,6790.0,6789.75,6728.75,stop,False,-779.5,762.5
2026-03-11,ESH6,retest|flow|3,-1,100,101,108,6786.5,6766.25,6793.25,6766.25,target,False,1008.0,337.5
2026-03-13,ESH6,retest|flow|3,1,17,18,27,6734.5,6719.0,6719.25,6780.25,stop,False,-779.5,762.5
2026-03-16,ESM6,retest|flow|3,1,90,91,95,6763.0,6752.25,6752.5,6794.5,stop,False,-542.0,525.0
2026-03-19,ESM6,retest|flow|3,1,63,64,124,6641.25,6628.25,6628.5,6679.5,stop,False,-654.5,637.5
2026-03-23,ESM6,retest|flow|3,1,28,29,136,6678.75,6660.5,6660.75,6732.75,stop,False,-917.0,900.0
2026-03-24,ESM6,retest|flow|3,1,39,40,43,6609.75,6593.25,6593.5,6658.5,stop,False,-829.5,812.5
2026-03-25,ESM6,retest|flow|3,-1,18,19,107,6657.75,6621.75,6669.75,6621.75,target,False,1795.5,600.0
2026-03-26,ESM6,retest|flow|3,1,17,18,73,6612.75,6600.5,6600.75,6648.75,stop,False,-617.0,600.0
2026-03-27,ESM6,retest|flow|3,-1,53,54,96,6463.5,6478.5,6478.25,6419.25,stop,False,-754.5,737.5
2026-03-31,ESM6,retest|flow|3,1,17,18,78,6475.25,6463.75,6464.0,6509.0,stop,False,-579.5,562.5
2026-04-01,ESM6,retest|flow|3,-1,18,19,23,6600.25,6614.25,6614.0,6559.0,stop,False,-704.5,687.5
2026-04-06,ESM6,retest|flow|3,1,30,31,33,6648.25,6635.75,6636.0,6685.0,stop,False,-629.5,612.5
2026-04-07,ESM6,retest|flow|3,-1,27,28,153,6608.5,6622.75,6622.5,6566.5,stop,False,-717.0,700.0
2026-04-08,ESM6,retest|flow|3,-1,22,23,191,6811.25,6823.25,6823.0,6776.0,stop,False,-604.5,587.5
2026-04-09,ESM6,retest|flow|3,-1,47,48,80,6807.5,6814.25,6814.0,6788.0,stop,False,-342.0,325.0
2026-04-14,ESM6,retest|flow|3,1,37,38,177,6963.0,6999.0,6951.0,6999.0,target,False,1795.5,600.0
2026-04-17,ESM6,retest|flow|3,1,23,24,63,7137.5,7162.25,7129.25,7162.25,target,False,1233.0,412.5
2026-04-20,ESM6,retest|flow|3,1,36,37,41,7156.25,7149.75,7150.0,7175.0,stop,False,-329.5,312.5
2026-04-21,ESM6,retest|flow|3,1,56,57,70,7165.25,7156.5,7156.75,7190.75,stop,False,-442.0,425.0
2026-04-22,ESM6,retest|flow|3,1,30,31,35,7156.75,7150.75,7151.0,7174.0,stop,False,-304.5,287.5
2026-04-23,ESM6,retest|flow|3,1,54,55,211,7166.0,7158.75,7159.0,7187.0,stop,False,-367.0,350.0
2026-04-27,ESM6,retest|flow|3,-1,109,110,156,7182.5,7190.5,7190.25,7159.25,stop,False,-404.5,387.5
2026-04-28,ESM6,retest|flow|3,-1,95,96,293,7159.25,7170.25,7170.0,7127.0,stop,False,-554.5,537.5
2026-04-30,ESM6,retest|flow|3,-1,27,28,61,7161.5,7178.75,7178.5,7110.5,stop,False,-867.0,850.0
2026-05-01,ESM6,retest|flow|3,1,102,103,175,7280.25,7270.5,7270.75,7308.75,stop,False,-492.0,475.0
2026-05-04,ESM6,retest|flow|3,1,18,19,39,7253.5,7247.75,7248.0,7270.0,stop,False,-292.0,275.0
2026-05-05,ESM6,retest|flow|3,1,16,17,45,7274.5,7269.25,7269.5,7289.5,stop,False,-267.0,250.0
2026-05-06,ESM6,retest|flow|3,1,25,26,37,7345.500000000001,7336.250000000001,7336.500000000001,7372.500000000001,stop,False,-467.0,450.0
2026-05-07,ESM6,retest|flow|3,-1,17,18,26,7385.750000000001,7391.250000000001,7391.000000000001,7370.000000000001,stop,False,-279.5,262.5
2026-05-11,ESM6,retest|flow|3,1,26,27,388,7430.500000000001,7435.000000000001,7420.750000000001,7459.750000000001,flatten,False,220.5,487.5
2026-05-12,ESM6,retest|flow|3,-1,56,57,112,7397.250000000001,7371.000000000001,7406.000000000001,7371.000000000001,target,False,1308.0,437.5
2026-05-13,ESM6,retest|flow|3,-1,20,21,25,7405.250000000001,7415.500000000001,7415.250000000001,7375.250000000001,stop,False,-517.0,500.0
2026-05-14,ESM6,retest|flow|3,1,46,47,146,7502.500000000001,7534.000000000001,7492.000000000001,7534.000000000001,target,False,1570.5,525.0
2026-05-15,ESM6,retest|flow|3,-1,16,17,20,7421.500000000001,7439.250000000001,7439.000000000001,7369.000000000001,stop,False,-892.0,875.0
2026-05-18,ESM6,retest|flow|3,1,39,40,59,7444.000000000001,7433.000000000001,7433.250000000001,7476.250000000001,stop,False,-554.5,537.5
2026-05-19,ESM6,retest|flow|3,-1,102,103,175,7372.500000000001,7384.000000000001,7383.750000000001,7338.750000000001,stop,False,-579.5,562.5
2026-05-21,ESM6,retest|flow|3,1,105,106,121,7428.000000000001,7421.000000000001,7421.250000000001,7448.250000000001,stop,False,-354.5,337.5
2026-05-22,ESM6,retest|flow|3,-1,44,45,91,7489.750000000001,7502.750000000001,7502.500000000001,7451.500000000001,stop,False,-654.5,637.5
2026-05-26,ESM6,retest|flow|3,1,33,34,106,7544.250000000001,7536.000000000001,7536.250000000001,7568.250000000001,stop,False,-417.0,400.0
2026-05-27,ESM6,retest|flow|3,-1,113,114,121,7523.750000000001,7534.500000000001,7534.250000000001,7492.250000000001,stop,False,-542.0,525.0
2026-05-28,ESM6,retest|flow|3,1,39,40,42,7540.250000000001,7558.250000000001,7534.250000000001,7558.250000000001,target,False,895.5,300.0
2026-05-29,ESM6,retest|flow|3,1,18,19,47,7607.500000000001,7597.500000000001,7597.750000000001,7636.750000000001,stop,False,-504.5,487.5
2026-06-03,ESM6,retest|flow|3,-1,34,35,388,7590.250000000001,7575.500000000001,7601.750000000001,7555.750000000001,flatten,False,733.0,575.0
2026-06-04,ESM6,retest|flow|3,1,79,80,188,7565.250000000001,7595.250000000001,7555.250000000001,7595.250000000001,target,False,1495.5,500.0
2026-06-05,ESM6,retest|flow|3,-1,17,18,155,7522.500000000001,7482.750000000001,7535.750000000001,7482.750000000001,target,False,1983.0,662.5
2026-06-08,ESM6,retest|flow|3,-1,28,29,56,7435.500000000001,7451.500000000001,7451.250000000001,7388.250000000001,stop,False,-804.5,787.5
2026-06-09,ESM6,retest|flow|3,-1,41,42,48,7450.500000000001,7419.000000000001,7461.000000000001,7419.000000000001,target,False,1570.5,525.0
2026-06-10,ESM6,retest|flow|3,1,51,52,79,7389.250000000001,7365.250000000001,7365.500000000001,7460.500000000001,stop,False,-1204.5,1187.5
2026-06-11,ESM6,retest|flow|3,1,55,56,58,7315.250000000001,7300.750000000001,7301.000000000001,7358.000000000001,stop,False,-729.5,712.5
2026-06-12,ESM6,retest|flow|3,1,84,85,149,7433.750000000001,7408.000000000001,7408.250000000001,7510.250000000001,stop,False,-1292.0,1275.0
2026-06-15,ESU6,retest|flow|3,1,59,60,147,7617.500000000001,7643.750000000001,7608.750000000001,7643.750000000001,target,False,1308.0,437.5
2026-06-16,ESU6,retest|flow|3,-1,51,52,136,7619.750000000001,7601.000000000001,7626.000000000001,7601.000000000001,target,False,933.0,312.5
2026-06-17,ESU6,retest|flow|3,-1,70,71,73,7577.500000000001,7585.250000000001,7585.000000000001,7555.000000000001,stop,False,-392.0,375.0
2026-06-24,ESU6,retest|flow|3,1,22,23,27,7470.000000000001,7454.750000000001,7455.000000000001,7515.000000000001,stop,False,-767.0,750.0
2026-06-25,ESU6,retest|flow|3,-1,46,47,50,7430.750000000001,7458.250000000001,7458.000000000001,7349.000000000001,stop,False,-1379.5,1362.5
2026-06-29,ESU6,retest|flow|3,1,23,24,26,7484.500000000001,7464.750000000001,7465.000000000001,7543.000000000001,stop,False,-992.0,975.0
2026-07-01,ESU6,retest|flow|3,1,33,34,388,7538.250000000001,7539.250000000001,7524.000000000001,7581.000000000001,flatten,False,45.5,712.5
2026-07-02,ESU6,retest|flow|3,1,18,19,57,7587.250000000001,7571.000000000001,7571.250000000001,7635.250000000001,stop,False,-817.0,800.0
2026-07-06,ESU6,retest|flow|3,1,53,54,388,7577.000000000001,7591.750000000001,7566.750000000001,7607.750000000001,flatten,False,733.0,512.5
2026-07-07,ESU6,retest|flow|3,-1,24,25,56,7567.000000000001,7539.250000000001,7576.250000000001,7539.250000000001,target,False,1383.0,462.5
2026-07-08,ESU6,retest|flow|3,-1,66,67,180,7499.750000000001,7510.750000000001,7510.500000000001,7467.500000000001,stop,False,-554.5,537.5
2026-07-09,ESU6,retest|flow|3,1,17,18,45,7560.250000000001,7545.500000000001,7545.750000000001,7603.750000000001,stop,False,-742.0,725.0
2026-07-10,ESU6,retest|flow|3,1,33,34,38,7605.250000000001,7597.750000000001,7598.000000000001,7627.000000000001,stop,False,-379.5,362.5
2026-07-13,ESU6,retest|flow|3,-1,95,96,179,7594.250000000001,7571.000000000001,7602.000000000001,7571.000000000001,target,False,1158.0,387.5
2026-07-16,ESU6,retest|flow|3,-1,19,20,22,7579.000000000001,7591.500000000001,7591.250000000001,7542.250000000001,stop,False,-629.5,612.5
2026-07-17,ESU6,retest|flow|3,1,19,20,35,7496.000000000001,7525.250000000001,7486.250000000001,7525.250000000001,target,False,1458.0,487.5
2026-07-21,ESU6,retest|flow|3,1,76,77,388,7531.250000000001,7547.000000000001,7518.750000000001,7568.750000000001,flatten,False,783.0,625.0
2026-07-23,ESU6,retest|flow|3,-1,89,90,388,7443.500000000001,7442.500000000001,7464.250000000001,7381.250000000001,flatten,False,45.5,1037.5
2026-07-24,ESU6,retest|flow|3,-1,71,72,80,7440.000000000001,7446.750000000001,7446.500000000001,7420.500000000001,stop,False,-342.0,325.0
2026-07-28,ESU6,retest|flow|3,-1,29,30,35,7421.500000000001,7436.500000000001,7436.250000000001,7377.250000000001,stop,False,-754.5,737.5
2026-07-30,ESU6,retest|flow|3,1,16,17,84,7426.500000000001,7415.250000000001,7415.500000000001,7459.500000000001,stop,False,-567.0,550.0
2026-07-31,ESU6,retest|flow|3,-1,95,96,174,7475.250000000001,7493.500000000001,7493.250000000001,7421.250000000001,stop,False,-917.0,900.0
2025-12-02,ESZ5,retest|vwap_flow|2,1,35,36,41,6857.5,6850.5,6850.75,6871.0,stop,False,-354.5,337.5
2025-12-09,ESZ5,retest|vwap_flow|2,1,22,23,78,6862.75,6855.75,6856.0,6876.25,stop,False,-354.5,337.5
2025-12-10,ESZ5,retest|vwap_flow|2,1,80,81,85,6849.25,6840.0,6840.25,6867.25,stop,False,-467.0,450.0
2025-12-15,ESH6,retest|vwap_flow|2,-1,16,17,34,6908.0,6885.0,6919.5,6885.0,target,False,1145.5,575.0
2025-12-16,ESH6,retest|vwap_flow|2,1,28,29,32,6877.25,6865.0,6865.25,6901.25,stop,False,-617.0,600.0
2025-12-19,ESH6,retest|vwap_flow|2,1,23,24,388,6878.75,6885.5,6863.5,6909.25,flatten,False,333.0,762.5
2025-12-22,ESH6,retest|vwap_flow|2,-1,67,68,73,6911.25,6919.5,6919.25,6895.25,stop,False,-417.0,400.0
2025-12-23,ESH6,retest|vwap_flow|2,1,16,17,32,6939.75,6929.5,6929.75,6959.75,stop,False,-517.0,500.0
2025-12-29,ESH6,retest|vwap_flow|2,-1,98,99,318,6946.75,6957.25,6957.0,6926.25,stop,False,-529.5,512.5
2025-12-30,ESH6,retest|vwap_flow|2,1,23,24,36,6955.25,6951.0,6951.25,6963.25,stop,False,-217.0,200.0
2025-12-31,ESH6,retest|vwap_flow|2,-1,36,37,330,6929.0,6911.0,6938.0,6911.0,target,False,895.5,450.0
2026-01-02,ESH6,retest|vwap_flow|2,-1,75,76,87,6909.75,6888.75,6920.25,6888.75,target,False,1045.5,525.0
2026-01-07,ESH6,retest|vwap_flow|2,-1,44,45,63,6982.75,6988.5,6988.25,6971.75,stop,False,-292.0,275.0
2026-01-08,ESH6,retest|vwap_flow|2,1,38,39,67,6962.75,6953.75,6954.0,6980.25,stop,False,-454.5,437.5
2026-01-09,ESH6,retest|vwap_flow|2,-1,36,37,43,6963.75,6973.25,6973.0,6945.25,stop,False,-479.5,462.5
2026-01-12,ESH6,retest|vwap_flow|2,1,46,47,321,6996.25,7023.25,6982.75,7023.25,target,False,1345.5,675.0
2026-01-15,ESH6,retest|vwap_flow|2,1,67,68,74,7011.0,7004.75,7005.0,7023.0,stop,False,-317.0,300.0
2026-01-22,ESH6,retest|vwap_flow|2,-1,17,18,77,6942.5,6952.0,6951.75,6924.0,stop,False,-479.5,462.5
2026-01-26,ESH6,retest|vwap_flow|2,1,23,24,388,6980.0,6981.0,6967.75,7004.5,flatten,False,45.5,612.5
2026-01-28,ESH6,retest|vwap_flow|2,-1,36,37,72,7020.5,7012.0,7024.75,7012.0,target,False,420.5,212.5
2026-02-02,ESH6,retest|vwap_flow|2,1,32,33,185,6980.25,7013.75,6963.5,7013.75,target,False,1670.5,837.5
2026-02-04,ESH6,retest|vwap_flow|2,-1,80,81,130,6931.25,6908.25,6942.75,6908.25,target,False,1145.5,575.0
2026-02-06,ESH6,retest|vwap_flow|2,1,91,92,375,6903.25,6950.75,6879.5,6950.75,target,False,2370.5,1187.5
2026-02-10,ESH6,retest|vwap_flow|2,1,36,37,43,7003.5,6992.5,6992.75,7025.0,stop,False,-554.5,537.5
2026-02-11,ESH6,retest|vwap_flow|2,-1,25,26,39,6988.5,6968.5,6998.5,6968.5,target,False,995.5,500.0
2026-02-12,ESH6,retest|vwap_flow|2,-1,16,17,29,6977.25,6963.25,6984.25,6963.25,target,False,695.5,350.0
2026-02-13,ESH6,retest|vwap_flow|2,1,58,59,357,6867.75,6842.0,6842.25,6918.75,stop,False,-1292.0,1275.0
2026-02-18,ESH6,retest|vwap_flow|2,1,26,27,78,6892.25,6919.75,6878.5,6919.75,target,False,1370.5,687.5
2026-02-19,ESH6,retest|vwap_flow|2,1,46,47,59,6882.25,6870.5,6870.75,6905.25,stop,False,-592.0,575.0
2026-02-20,ESH6,retest|vwap_flow|2,1,31,32,32,6920.75,6902.0,6902.25,6957.75,stop,False,-942.0,925.0
2026-02-23,ESH6,retest|vwap_flow|2,-1,19,20,21,6898.25,6911.5,6911.25,6872.25,stop,False,-667.0,650.0
2026-02-25,ESH6,retest|vwap_flow|2,1,118,119,272,6943.75,6957.25,6937.0,6957.25,target,False,670.5,337.5
2026-02-26,ESH6,retest|vwap_flow|2,-1,30,31,45,6931.25,6906.75,6943.5,6906.75,target,False,1220.5,612.5
2026-02-27,ESH6,retest|vwap_flow|2,1,64,65,235,6869.75,6856.5,6856.75,6895.75,stop,False,-667.0,650.0
2026-03-03,ESH6,retest|vwap_flow|2,-1,19,20,96,6747.0,6767.25,6767.0,6707.0,stop,False,-1017.0,1000.0
2026-03-04,ESH6,retest|vwap_flow|2,1,46,47,388,6859.75,6880.0,6842.25,6894.75,flatten,False,1008.0,875.0
2026-03-06,ESH6,retest|vwap_flow|2,1,77,78,192,6760.25,6741.5,6741.75,6797.25,stop,False,-942.0,925.0
2026-03-09,ESH6,retest|vwap_flow|2,-1,23,24,28,6645.25,6665.5,6665.25,6605.25,stop,False,-1017.0,1000.0
2026-03-10,ESH6,retest|vwap_flow|2,-1,32,33,52,6774.5,6790.0,6789.75,6744.0,stop,False,-779.5,762.5
2026-03-11,ESH6,retest|vwap_flow|2,-1,100,101,102,6786.5,6773.0,6793.25,6773.0,target,False,670.5,337.5
2026-03-13,ESH6,retest|vwap_flow|2,1,17,18,27,6734.5,6719.0,6719.25,6765.0,stop,False,-779.5,762.5
2026-03-16,ESM6,retest|vwap_flow|2,1,90,91,95,6763.0,6752.25,6752.5,6784.0,stop,False,-542.0,525.0
2026-03-19,ESM6,retest|vwap_flow|2,1,63,64,124,6641.25,6628.25,6628.5,6666.75,stop,False,-654.5,637.5
2026-03-23,ESM6,retest|vwap_flow|2,1,28,29,136,6678.75,6660.5,6660.75,6714.75,stop,False,-917.0,900.0
2026-03-24,ESM6,retest|vwap_flow|2,1,39,40,43,6609.75,6593.25,6593.5,6642.25,stop,False,-829.5,812.5
2026-03-25,ESM6,retest|vwap_flow|2,-1,18,19,30,6657.75,6633.75,6669.75,6633.75,target,False,1195.5,600.0
2026-03-26,ESM6,retest|vwap_flow|2,1,17,18,73,6612.75,6600.5,6600.75,6636.75,stop,False,-617.0,600.0
2026-03-27,ESM6,retest|vwap_flow|2,-1,53,54,96,6463.5,6478.5,6478.25,6434.0,stop,False,-754.5,737.5
2026-03-31,ESM6,retest|vwap_flow|2,1,17,18,78,6475.25,6463.75,6464.0,6497.75,stop,False,-579.5,562.5
2026-04-01,ESM6,retest|vwap_flow|2,-1,18,19,23,6600.25,6614.25,6614.0,6572.75,stop,False,-704.5,687.5
2026-04-06,ESM6,retest|vwap_flow|2,1,30,31,33,6648.25,6635.75,6636.0,6672.75,stop,False,-629.5,612.5
2026-04-07,ESM6,retest|vwap_flow|2,-1,27,28,92,6608.5,6580.5,6622.5,6580.5,target,False,1395.5,700.0
2026-04-08,ESM6,retest|vwap_flow|2,-1,22,23,86,6811.25,6787.75,6823.0,6787.75,target,False,1170.5,587.5
2026-04-09,ESM6,retest|vwap_flow|2,-1,47,48,80,6807.5,6814.25,6814.0,6794.5,stop,False,-342.0,325.0
2026-04-14,ESM6,retest|vwap_flow|2,1,37,38,121,6963.0,6987.0,6951.0,6987.0,target,False,1195.5,600.0
2026-04-17,ESM6,retest|vwap_flow|2,1,23,24,40,7137.5,7154.0,7129.25,7154.0,target,False,820.5,412.5
2026-04-20,ESM6,retest|vwap_flow|2,1,36,37,41,7156.25,7149.75,7150.0,7168.75,stop,False,-329.5,312.5
2026-04-21,ESM6,retest|vwap_flow|2,1,56,57,70,7165.25,7156.5,7156.75,7182.25,stop,False,-442.0,425.0
2026-04-22,ESM6,retest|vwap_flow|2,1,30,31,35,7156.75,7150.75,7151.0,7168.25,stop,False,-304.5,287.5
2026-04-23,ESM6,retest|vwap_flow|2,1,54,55,116,7166.0,7180.0,7159.0,7180.0,target,False,695.5,350.0
2026-04-27,ESM6,retest|vwap_flow|2,-1,109,110,156,7182.5,7190.5,7190.25,7167.0,stop,False,-404.5,387.5
2026-04-28,ESM6,retest|vwap_flow|2,-1,95,96,293,7159.25,7170.25,7170.0,7137.75,stop,False,-554.5,537.5
2026-04-30,ESM6,retest|vwap_flow|2,-1,27,28,61,7161.5,7178.75,7178.5,7127.5,stop,False,-867.0,850.0
2026-05-04,ESM6,retest|vwap_flow|2,1,18,19,39,7253.5,7247.75,7248.0,7264.5,stop,False,-292.0,275.0
2026-05-05,ESM6,retest|vwap_flow|2,1,16,17,45,7274.5,7269.25,7269.5,7284.5,stop,False,-267.0,250.0
2026-05-06,ESM6,retest|vwap_flow|2,1,25,26,37,7345.500000000001,7336.250000000001,7336.500000000001,7363.500000000001,stop,False,-467.0,450.0
2026-05-07,ESM6,retest|vwap_flow|2,-1,17,18,26,7385.750000000001,7391.250000000001,7391.000000000001,7375.250000000001,stop,False,-279.5,262.5
2026-05-11,ESM6,retest|vwap_flow|2,1,26,27,175,7430.500000000001,7450.000000000001,7420.750000000001,7450.000000000001,target,False,970.5,487.5
2026-05-12,ESM6,retest|vwap_flow|2,-1,56,57,92,7397.250000000001,7379.750000000001,7406.000000000001,7379.750000000001,target,False,870.5,437.5
2026-05-13,ESM6,retest|vwap_flow|2,-1,20,21,25,7405.250000000001,7415.500000000001,7415.250000000001,7385.250000000001,stop,False,-517.0,500.0
2026-05-14,ESM6,retest|vwap_flow|2,1,46,47,100,7502.500000000001,7523.500000000001,7492.000000000001,7523.500000000001,target,False,1045.5,525.0
2026-05-15,ESM6,retest|vwap_flow|2,-1,16,17,20,7421.500000000001,7439.250000000001,7439.000000000001,7386.500000000001,stop,False,-892.0,875.0
2026-05-18,ESM6,retest|vwap_flow|2,1,39,40,59,7444.000000000001,7433.000000000001,7433.250000000001,7465.500000000001,stop,False,-554.5,537.5
2026-05-19,ESM6,retest|vwap_flow|2,-1,102,103,175,7372.500000000001,7384.000000000001,7383.750000000001,7350.000000000001,stop,False,-579.5,562.5
2026-05-21,ESM6,retest|vwap_flow|2,1,105,106,121,7428.000000000001,7421.000000000001,7421.250000000001,7441.500000000001,stop,False,-354.5,337.5
2026-05-22,ESM6,retest|vwap_flow|2,-1,44,45,91,7489.750000000001,7502.750000000001,7502.500000000001,7464.250000000001,stop,False,-654.5,637.5
2026-05-26,ESM6,retest|vwap_flow|2,1,33,34,106,7544.250000000001,7536.000000000001,7536.250000000001,7560.250000000001,stop,False,-417.0,400.0
2026-05-27,ESM6,retest|vwap_flow|2,-1,113,114,121,7523.750000000001,7534.500000000001,7534.250000000001,7502.750000000001,stop,False,-542.0,525.0
2026-05-28,ESM6,retest|vwap_flow|2,1,39,40,42,7540.250000000001,7552.250000000001,7534.250000000001,7552.250000000001,target,False,595.5,300.0
2026-05-29,ESM6,retest|vwap_flow|2,1,18,19,47,7607.500000000001,7597.500000000001,7597.750000000001,7627.000000000001,stop,False,-504.5,487.5
2026-06-03,ESM6,retest|vwap_flow|2,-1,34,35,175,7590.250000000001,7567.250000000001,7601.750000000001,7567.250000000001,target,False,1145.5,575.0
2026-06-04,ESM6,retest|vwap_flow|2,1,79,80,105,7565.250000000001,7585.250000000001,7555.250000000001,7585.250000000001,target,False,995.5,500.0
2026-06-05,ESM6,retest|vwap_flow|2,-1,17,18,128,7522.500000000001,7496.000000000001,7535.750000000001,7496.000000000001,target,False,1320.5,662.5
2026-06-08,ESM6,retest|vwap_flow|2,-1,28,29,56,7435.500000000001,7451.500000000001,7451.250000000001,7404.000000000001,stop,False,-804.5,787.5
2026-06-09,ESM6,retest|vwap_flow|2,-1,41,42,46,7450.500000000001,7429.500000000001,7461.000000000001,7429.500000000001,target,False,1045.5,525.0
2026-06-10,ESM6,retest|vwap_flow|2,1,51,52,79,7389.250000000001,7365.250000000001,7365.500000000001,7436.750000000001,stop,False,-1204.5,1187.5
2026-06-11,ESM6,retest|vwap_flow|2,1,55,56,58,7315.250000000001,7300.750000000001,7301.000000000001,7343.750000000001,stop,False,-729.5,712.5
2026-06-12,ESM6,retest|vwap_flow|2,1,84,85,149,7433.750000000001,7408.000000000001,7408.250000000001,7484.750000000001,stop,False,-1292.0,1275.0
2026-06-15,ESU6,retest|vwap_flow|2,1,59,60,122,7617.500000000001,7635.000000000001,7608.750000000001,7635.000000000001,target,False,870.5,437.5
2026-06-16,ESU6,retest|vwap_flow|2,-1,51,52,61,7619.750000000001,7607.250000000001,7626.000000000001,7607.250000000001,target,False,620.5,312.5
2026-06-17,ESU6,retest|vwap_flow|2,-1,70,71,73,7577.500000000001,7585.250000000001,7585.000000000001,7562.500000000001,stop,False,-392.0,375.0
2026-06-24,ESU6,retest|vwap_flow|2,1,22,23,27,7470.000000000001,7454.750000000001,7455.000000000001,7500.000000000001,stop,False,-767.0,750.0
2026-06-25,ESU6,retest|vwap_flow|2,-1,46,47,50,7430.750000000001,7458.250000000001,7458.000000000001,7376.250000000001,stop,False,-1379.5,1362.5
2026-06-29,ESU6,retest|vwap_flow|2,1,23,24,26,7484.500000000001,7464.750000000001,7465.000000000001,7523.500000000001,stop,False,-992.0,975.0
2026-07-01,ESU6,retest|vwap_flow|2,1,33,34,107,7538.250000000001,7566.750000000001,7524.000000000001,7566.750000000001,target,False,1420.5,712.5
2026-07-02,ESU6,retest|vwap_flow|2,1,18,19,57,7587.250000000001,7571.000000000001,7571.250000000001,7619.250000000001,stop,False,-817.0,800.0
2026-07-06,ESU6,retest|vwap_flow|2,1,53,54,326,7577.000000000001,7597.500000000001,7566.750000000001,7597.500000000001,target,False,1020.5,512.5
2026-07-07,ESU6,retest|vwap_flow|2,-1,24,25,44,7567.000000000001,7548.500000000001,7576.250000000001,7548.500000000001,target,False,920.5,462.5
2026-07-08,ESU6,retest|vwap_flow|2,-1,66,67,113,7499.750000000001,7478.250000000001,7510.500000000001,7478.250000000001,target,False,1070.5,537.5
2026-07-09,ESU6,retest|vwap_flow|2,1,17,18,45,7560.250000000001,7545.500000000001,7545.750000000001,7589.250000000001,stop,False,-742.0,725.0
2026-07-10,ESU6,retest|vwap_flow|2,1,33,34,38,7605.250000000001,7597.750000000001,7598.000000000001,7619.750000000001,stop,False,-379.5,362.5
2026-07-13,ESU6,retest|vwap_flow|2,-1,95,96,167,7594.250000000001,7578.750000000001,7602.000000000001,7578.750000000001,target,False,770.5,387.5
2026-07-16,ESU6,retest|vwap_flow|2,-1,19,20,22,7579.000000000001,7591.500000000001,7591.250000000001,7554.500000000001,stop,False,-629.5,612.5
2026-07-17,ESU6,retest|vwap_flow|2,1,19,20,30,7496.000000000001,7515.500000000001,7486.250000000001,7515.500000000001,target,False,970.5,487.5
2026-07-21,ESU6,retest|vwap_flow|2,1,76,77,388,7531.250000000001,7547.000000000001,7518.750000000001,7556.250000000001,flatten,False,783.0,625.0
2026-07-23,ESU6,retest|vwap_flow|2,-1,89,90,388,7443.500000000001,7442.500000000001,7464.250000000001,7402.000000000001,flatten,False,45.5,1037.5
2026-07-24,ESU6,retest|vwap_flow|2,-1,71,72,80,7440.000000000001,7446.750000000001,7446.500000000001,7427.000000000001,stop,False,-342.0,325.0
2026-07-28,ESU6,retest|vwap_flow|2,-1,29,30,35,7421.500000000001,7436.500000000001,7436.250000000001,7392.000000000001,stop,False,-754.5,737.5
2026-07-30,ESU6,retest|vwap_flow|2,1,16,17,84,7426.500000000001,7415.250000000001,7415.500000000001,7448.500000000001,stop,False,-567.0,550.0
2025-12-02,ESZ5,retest|vwap_flow|3,1,35,36,41,6857.5,6850.5,6850.75,6877.75,stop,False,-354.5,337.5
2025-12-09,ESZ5,retest|vwap_flow|3,1,22,23,78,6862.75,6855.75,6856.0,6883.0,stop,False,-354.5,337.5
2025-12-10,ESZ5,retest|vwap_flow|3,1,80,81,85,6849.25,6840.0,6840.25,6876.25,stop,False,-467.0,450.0
2025-12-15,ESH6,retest|vwap_flow|3,-1,16,17,54,6908.0,6873.5,6919.5,6873.5,target,False,1720.5,575.0
2025-12-16,ESH6,retest|vwap_flow|3,1,28,29,32,6877.25,6865.0,6865.25,6913.25,stop,False,-617.0,600.0
2025-12-19,ESH6,retest|vwap_flow|3,1,23,24,388,6878.75,6885.5,6863.5,6924.5,flatten,False,333.0,762.5
2025-12-22,ESH6,retest|vwap_flow|3,-1,67,68,73,6911.25,6919.5,6919.25,6887.25,stop,False,-417.0,400.0
2025-12-23,ESH6,retest|vwap_flow|3,1,16,17,32,6939.75,6929.5,6929.75,6969.75,stop,False,-517.0,500.0
2025-12-29,ESH6,retest|vwap_flow|3,-1,98,99,318,6946.75,6957.25,6957.0,6916.0,stop,False,-529.5,512.5
2025-12-30,ESH6,retest|vwap_flow|3,1,23,24,36,6955.25,6951.0,6951.25,6967.25,stop,False,-217.0,200.0
2025-12-31,ESH6,retest|vwap_flow|3,-1,36,37,340,6929.0,6902.0,6938.0,6902.0,target,False,1345.5,450.0
2026-01-02,ESH6,retest|vwap_flow|3,-1,75,76,91,6909.75,6878.25,6920.25,6878.25,target,False,1570.5,525.0
2026-01-07,ESH6,retest|vwap_flow|3,-1,44,45,63,6982.75,6988.5,6988.25,6966.25,stop,False,-292.0,275.0
2026-01-08,ESH6,retest|vwap_flow|3,1,38,39,67,6962.75,6953.75,6954.0,6989.0,stop,False,-454.5,437.5
2026-01-09,ESH6,retest|vwap_flow|3,-1,36,37,43,6963.75,6973.25,6973.0,6936.0,stop,False,-479.5,462.5
2026-01-12,ESH6,retest|vwap_flow|3,1,46,47,388,6996.25,7017.5,6982.75,7036.75,flatten,False,1058.0,675.0
2026-01-15,ESH6,retest|vwap_flow|3,1,67,68,74,7011.0,7004.75,7005.0,7029.0,stop,False,-317.0,300.0
2026-01-22,ESH6,retest|vwap_flow|3,-1,17,18,77,6942.5,6952.0,6951.75,6914.75,stop,False,-479.5,462.5
2026-01-26,ESH6,retest|vwap_flow|3,1,23,24,388,6980.0,6981.0,6967.75,7016.75,flatten,False,45.5,612.5
2026-01-28,ESH6,retest|vwap_flow|3,-1,36,37,88,7020.5,7007.75,7024.75,7007.75,target,False,633.0,212.5
2026-02-02,ESH6,retest|vwap_flow|3,1,32,33,388,6980.25,7004.75,6963.5,7030.5,flatten,False,1220.5,837.5
2026-02-04,ESH6,retest|vwap_flow|3,-1,80,81,136,6931.25,6896.75,6942.75,6896.75,target,False,1720.5,575.0
2026-02-06,ESH6,retest|vwap_flow|3,1,91,92,388,6903.25,6957.5,6879.5,6974.5,flatten,False,2708.0,1187.5
2026-02-10,ESH6,retest|vwap_flow|3,1,36,37,43,7003.5,6992.5,6992.75,7035.75,stop,False,-554.5,537.5
2026-02-11,ESH6,retest|vwap_flow|3,-1,25,26,42,6988.5,6958.5,6998.5,6958.5,target,False,1495.5,500.0
2026-02-12,ESH6,retest|vwap_flow|3,-1,16,17,66,6977.25,6956.25,6984.25,6956.25,target,False,1045.5,350.0
2026-02-13,ESH6,retest|vwap_flow|3,1,58,59,357,6867.75,6842.0,6842.25,6944.25,stop,False,-1292.0,1275.0
2026-02-18,ESH6,retest|vwap_flow|3,1,26,27,326,6892.25,6878.25,6878.5,6933.5,stop,False,-704.5,687.5
2026-02-19,ESH6,retest|vwap_flow|3,1,46,47,59,6882.25,6870.5,6870.75,6916.75,stop,False,-592.0,575.0
2026-02-20,ESH6,retest|vwap_flow|3,1,31,32,32,6920.75,6902.0,6902.25,6976.25,stop,False,-942.0,925.0
2026-02-23,ESH6,retest|vwap_flow|3,-1,19,20,21,6898.25,6911.5,6911.25,6859.25,stop,False,-667.0,650.0
2026-02-25,ESH6,retest|vwap_flow|3,1,118,119,380,6943.75,6964.0,6937.0,6964.0,target,False,1008.0,337.5
2026-02-26,ESH6,retest|vwap_flow|3,-1,30,31,48,6931.25,6894.5,6943.5,6894.5,target,False,1833.0,612.5
2026-02-27,ESH6,retest|vwap_flow|3,1,64,65,235,6869.75,6856.5,6856.75,6908.75,stop,False,-667.0,650.0
2026-03-03,ESH6,retest|vwap_flow|3,-1,19,20,96,6747.0,6767.25,6767.0,6687.0,stop,False,-1017.0,1000.0
2026-03-04,ESH6,retest|vwap_flow|3,1,46,47,388,6859.75,6880.0,6842.25,6912.25,flatten,False,1008.0,875.0
2026-03-06,ESH6,retest|vwap_flow|3,1,77,78,192,6760.25,6741.5,6741.75,6815.75,stop,False,-942.0,925.0
2026-03-09,ESH6,retest|vwap_flow|3,-1,23,24,28,6645.25,6665.5,6665.25,6585.25,stop,False,-1017.0,1000.0
2026-03-10,ESH6,retest|vwap_flow|3,-1,32,33,52,6774.5,6790.0,6789.75,6728.75,stop,False,-779.5,762.5
2026-03-11,ESH6,retest|vwap_flow|3,-1,100,101,108,6786.5,6766.25,6793.25,6766.25,target,False,1008.0,337.5
2026-03-13,ESH6,retest|vwap_flow|3,1,17,18,27,6734.5,6719.0,6719.25,6780.25,stop,False,-779.5,762.5
2026-03-16,ESM6,retest|vwap_flow|3,1,90,91,95,6763.0,6752.25,6752.5,6794.5,stop,False,-542.0,525.0
2026-03-19,ESM6,retest|vwap_flow|3,1,63,64,124,6641.25,6628.25,6628.5,6679.5,stop,False,-654.5,637.5
2026-03-23,ESM6,retest|vwap_flow|3,1,28,29,136,6678.75,6660.5,6660.75,6732.75,stop,False,-917.0,900.0
2026-03-24,ESM6,retest|vwap_flow|3,1,39,40,43,6609.75,6593.25,6593.5,6658.5,stop,False,-829.5,812.5
2026-03-25,ESM6,retest|vwap_flow|3,-1,18,19,107,6657.75,6621.75,6669.75,6621.75,target,False,1795.5,600.0
2026-03-26,ESM6,retest|vwap_flow|3,1,17,18,73,6612.75,6600.5,6600.75,6648.75,stop,False,-617.0,600.0
2026-03-27,ESM6,retest|vwap_flow|3,-1,53,54,96,6463.5,6478.5,6478.25,6419.25,stop,False,-754.5,737.5
2026-03-31,ESM6,retest|vwap_flow|3,1,17,18,78,6475.25,6463.75,6464.0,6509.0,stop,False,-579.5,562.5
2026-04-01,ESM6,retest|vwap_flow|3,-1,18,19,23,6600.25,6614.25,6614.0,6559.0,stop,False,-704.5,687.5
2026-04-06,ESM6,retest|vwap_flow|3,1,30,31,33,6648.25,6635.75,6636.0,6685.0,stop,False,-629.5,612.5
2026-04-07,ESM6,retest|vwap_flow|3,-1,27,28,153,6608.5,6622.75,6622.5,6566.5,stop,False,-717.0,700.0
2026-04-08,ESM6,retest|vwap_flow|3,-1,22,23,191,6811.25,6823.25,6823.0,6776.0,stop,False,-604.5,587.5
2026-04-09,ESM6,retest|vwap_flow|3,-1,47,48,80,6807.5,6814.25,6814.0,6788.0,stop,False,-342.0,325.0
2026-04-14,ESM6,retest|vwap_flow|3,1,37,38,177,6963.0,6999.0,6951.0,6999.0,target,False,1795.5,600.0
2026-04-17,ESM6,retest|vwap_flow|3,1,23,24,63,7137.5,7162.25,7129.25,7162.25,target,False,1233.0,412.5
2026-04-20,ESM6,retest|vwap_flow|3,1,36,37,41,7156.25,7149.75,7150.0,7175.0,stop,False,-329.5,312.5
2026-04-21,ESM6,retest|vwap_flow|3,1,56,57,70,7165.25,7156.5,7156.75,7190.75,stop,False,-442.0,425.0
2026-04-22,ESM6,retest|vwap_flow|3,1,30,31,35,7156.75,7150.75,7151.0,7174.0,stop,False,-304.5,287.5
2026-04-23,ESM6,retest|vwap_flow|3,1,54,55,211,7166.0,7158.75,7159.0,7187.0,stop,False,-367.0,350.0
2026-04-27,ESM6,retest|vwap_flow|3,-1,109,110,156,7182.5,7190.5,7190.25,7159.25,stop,False,-404.5,387.5
2026-04-28,ESM6,retest|vwap_flow|3,-1,95,96,293,7159.25,7170.25,7170.0,7127.0,stop,False,-554.5,537.5
2026-04-30,ESM6,retest|vwap_flow|3,-1,27,28,61,7161.5,7178.75,7178.5,7110.5,stop,False,-867.0,850.0
2026-05-04,ESM6,retest|vwap_flow|3,1,18,19,39,7253.5,7247.75,7248.0,7270.0,stop,False,-292.0,275.0
2026-05-05,ESM6,retest|vwap_flow|3,1,16,17,45,7274.5,7269.25,7269.5,7289.5,stop,False,-267.0,250.0
2026-05-06,ESM6,retest|vwap_flow|3,1,25,26,37,7345.500000000001,7336.250000000001,7336.500000000001,7372.500000000001,stop,False,-467.0,450.0
2026-05-07,ESM6,retest|vwap_flow|3,-1,17,18,26,7385.750000000001,7391.250000000001,7391.000000000001,7370.000000000001,stop,False,-279.5,262.5
2026-05-11,ESM6,retest|vwap_flow|3,1,26,27,388,7430.500000000001,7435.000000000001,7420.750000000001,7459.750000000001,flatten,False,220.5,487.5
2026-05-12,ESM6,retest|vwap_flow|3,-1,56,57,112,7397.250000000001,7371.000000000001,7406.000000000001,7371.000000000001,target,False,1308.0,437.5
2026-05-13,ESM6,retest|vwap_flow|3,-1,20,21,25,7405.250000000001,7415.500000000001,7415.250000000001,7375.250000000001,stop,False,-517.0,500.0
2026-05-14,ESM6,retest|vwap_flow|3,1,46,47,146,7502.500000000001,7534.000000000001,7492.000000000001,7534.000000000001,target,False,1570.5,525.0
2026-05-15,ESM6,retest|vwap_flow|3,-1,16,17,20,7421.500000000001,7439.250000000001,7439.000000000001,7369.000000000001,stop,False,-892.0,875.0
2026-05-18,ESM6,retest|vwap_flow|3,1,39,40,59,7444.000000000001,7433.000000000001,7433.250000000001,7476.250000000001,stop,False,-554.5,537.5
2026-05-19,ESM6,retest|vwap_flow|3,-1,102,103,175,7372.500000000001,7384.000000000001,7383.750000000001,7338.750000000001,stop,False,-579.5,562.5
2026-05-21,ESM6,retest|vwap_flow|3,1,105,106,121,7428.000000000001,7421.000000000001,7421.250000000001,7448.250000000001,stop,False,-354.5,337.5
2026-05-22,ESM6,retest|vwap_flow|3,-1,44,45,91,7489.750000000001,7502.750000000001,7502.500000000001,7451.500000000001,stop,False,-654.5,637.5
2026-05-26,ESM6,retest|vwap_flow|3,1,33,34,106,7544.250000000001,7536.000000000001,7536.250000000001,7568.250000000001,stop,False,-417.0,400.0
2026-05-27,ESM6,retest|vwap_flow|3,-1,113,114,121,7523.750000000001,7534.500000000001,7534.250000000001,7492.250000000001,stop,False,-542.0,525.0
2026-05-28,ESM6,retest|vwap_flow|3,1,39,40,42,7540.250000000001,7558.250000000001,7534.250000000001,7558.250000000001,target,False,895.5,300.0
2026-05-29,ESM6,retest|vwap_flow|3,1,18,19,47,7607.500000000001,7597.500000000001,7597.750000000001,7636.750000000001,stop,False,-504.5,487.5
2026-06-03,ESM6,retest|vwap_flow|3,-1,34,35,388,7590.250000000001,7575.500000000001,7601.750000000001,7555.750000000001,flatten,False,733.0,575.0
2026-06-04,ESM6,retest|vwap_flow|3,1,79,80,188,7565.250000000001,7595.250000000001,7555.250000000001,7595.250000000001,target,False,1495.5,500.0
2026-06-05,ESM6,retest|vwap_flow|3,-1,17,18,155,7522.500000000001,7482.750000000001,7535.750000000001,7482.750000000001,target,False,1983.0,662.5
2026-06-08,ESM6,retest|vwap_flow|3,-1,28,29,56,7435.500000000001,7451.500000000001,7451.250000000001,7388.250000000001,stop,False,-804.5,787.5
2026-06-09,ESM6,retest|vwap_flow|3,-1,41,42,48,7450.500000000001,7419.000000000001,7461.000000000001,7419.000000000001,target,False,1570.5,525.0
2026-06-10,ESM6,retest|vwap_flow|3,1,51,52,79,7389.250000000001,7365.250000000001,7365.500000000001,7460.500000000001,stop,False,-1204.5,1187.5
2026-06-11,ESM6,retest|vwap_flow|3,1,55,56,58,7315.250000000001,7300.750000000001,7301.000000000001,7358.000000000001,stop,False,-729.5,712.5
2026-06-12,ESM6,retest|vwap_flow|3,1,84,85,149,7433.750000000001,7408.000000000001,7408.250000000001,7510.250000000001,stop,False,-1292.0,1275.0
2026-06-15,ESU6,retest|vwap_flow|3,1,59,60,147,7617.500000000001,7643.750000000001,7608.750000000001,7643.750000000001,target,False,1308.0,437.5
2026-06-16,ESU6,retest|vwap_flow|3,-1,51,52,136,7619.750000000001,7601.000000000001,7626.000000000001,7601.000000000001,target,False,933.0,312.5
2026-06-17,ESU6,retest|vwap_flow|3,-1,70,71,73,7577.500000000001,7585.250000000001,7585.000000000001,7555.000000000001,stop,False,-392.0,375.0
2026-06-24,ESU6,retest|vwap_flow|3,1,22,23,27,7470.000000000001,7454.750000000001,7455.000000000001,7515.000000000001,stop,False,-767.0,750.0
2026-06-25,ESU6,retest|vwap_flow|3,-1,46,47,50,7430.750000000001,7458.250000000001,7458.000000000001,7349.000000000001,stop,False,-1379.5,1362.5
2026-06-29,ESU6,retest|vwap_flow|3,1,23,24,26,7484.500000000001,7464.750000000001,7465.000000000001,7543.000000000001,stop,False,-992.0,975.0
2026-07-01,ESU6,retest|vwap_flow|3,1,33,34,388,7538.250000000001,7539.250000000001,7524.000000000001,7581.000000000001,flatten,False,45.5,712.5
2026-07-02,ESU6,retest|vwap_flow|3,1,18,19,57,7587.250000000001,7571.000000000001,7571.250000000001,7635.250000000001,stop,False,-817.0,800.0
2026-07-06,ESU6,retest|vwap_flow|3,1,53,54,388,7577.000000000001,7591.750000000001,7566.750000000001,7607.750000000001,flatten,False,733.0,512.5
2026-07-07,ESU6,retest|vwap_flow|3,-1,24,25,56,7567.000000000001,7539.250000000001,7576.250000000001,7539.250000000001,target,False,1383.0,462.5
2026-07-08,ESU6,retest|vwap_flow|3,-1,66,67,180,7499.750000000001,7510.750000000001,7510.500000000001,7467.500000000001,stop,False,-554.5,537.5
2026-07-09,ESU6,retest|vwap_flow|3,1,17,18,45,7560.250000000001,7545.500000000001,7545.750000000001,7603.750000000001,stop,False,-742.0,725.0
2026-07-10,ESU6,retest|vwap_flow|3,1,33,34,38,7605.250000000001,7597.750000000001,7598.000000000001,7627.000000000001,stop,False,-379.5,362.5
2026-07-13,ESU6,retest|vwap_flow|3,-1,95,96,179,7594.250000000001,7571.000000000001,7602.000000000001,7571.000000000001,target,False,1158.0,387.5
2026-07-16,ESU6,retest|vwap_flow|3,-1,19,20,22,7579.000000000001,7591.500000000001,7591.250000000001,7542.250000000001,stop,False,-629.5,612.5
2026-07-17,ESU6,retest|vwap_flow|3,1,19,20,35,7496.000000000001,7525.250000000001,7486.250000000001,7525.250000000001,target,False,1458.0,487.5
2026-07-21,ESU6,retest|vwap_flow|3,1,76,77,388,7531.250000000001,7547.000000000001,7518.750000000001,7568.750000000001,flatten,False,783.0,625.0
2026-07-23,ESU6,retest|vwap_flow|3,-1,89,90,388,7443.500000000001,7442.500000000001,7464.250000000001,7381.250000000001,flatten,False,45.5,1037.5
2026-07-24,ESU6,retest|vwap_flow|3,-1,71,72,80,7440.000000000001,7446.750000000001,7446.500000000001,7420.500000000001,stop,False,-342.0,325.0
2026-07-28,ESU6,retest|vwap_flow|3,-1,29,30,35,7421.500000000001,7436.500000000001,7436.250000000001,7377.250000000001,stop,False,-754.5,737.5
2026-07-30,ESU6,retest|vwap_flow|3,1,16,17,84,7426.500000000001,7415.250000000001,7415.500000000001,7459.500000000001,stop,False,-567.0,550.0
2025-12-16,ESH6,retest|vwap_flow_rvol|2,1,28,29,32,6877.25,6865.0,6865.25,6901.25,stop,False,-617.0,600.0
2025-12-19,ESH6,retest|vwap_flow_rvol|2,1,23,24,388,6878.75,6885.5,6863.5,6909.25,flatten,False,333.0,762.5
2026-01-02,ESH6,retest|vwap_flow_rvol|2,-1,75,76,87,6909.75,6888.75,6920.25,6888.75,target,False,1045.5,525.0
2026-01-08,ESH6,retest|vwap_flow_rvol|2,1,38,39,67,6962.75,6953.75,6954.0,6980.25,stop,False,-454.5,437.5
2026-01-09,ESH6,retest|vwap_flow_rvol|2,-1,36,37,43,6963.75,6973.25,6973.0,6945.25,stop,False,-479.5,462.5
2026-01-12,ESH6,retest|vwap_flow_rvol|2,1,46,47,321,6996.25,7023.25,6982.75,7023.25,target,False,1345.5,675.0
2026-01-15,ESH6,retest|vwap_flow_rvol|2,1,67,68,74,7011.0,7004.75,7005.0,7023.0,stop,False,-317.0,300.0
2026-01-22,ESH6,retest|vwap_flow_rvol|2,-1,17,18,77,6942.5,6952.0,6951.75,6924.0,stop,False,-479.5,462.5
2026-02-02,ESH6,retest|vwap_flow_rvol|2,1,32,33,185,6980.25,7013.75,6963.5,7013.75,target,False,1670.5,837.5
2026-02-04,ESH6,retest|vwap_flow_rvol|2,-1,80,81,130,6931.25,6908.25,6942.75,6908.25,target,False,1145.5,575.0
2026-02-06,ESH6,retest|vwap_flow_rvol|2,1,91,92,375,6903.25,6950.75,6879.5,6950.75,target,False,2370.5,1187.5
2026-02-11,ESH6,retest|vwap_flow_rvol|2,-1,25,26,39,6988.5,6968.5,6998.5,6968.5,target,False,995.5,500.0
2026-02-13,ESH6,retest|vwap_flow_rvol|2,1,58,59,357,6867.75,6842.0,6842.25,6918.75,stop,False,-1292.0,1275.0
2026-02-18,ESH6,retest|vwap_flow_rvol|2,1,26,27,78,6892.25,6919.75,6878.5,6919.75,target,False,1370.5,687.5
2026-02-19,ESH6,retest|vwap_flow_rvol|2,1,46,47,59,6882.25,6870.5,6870.75,6905.25,stop,False,-592.0,575.0
2026-02-20,ESH6,retest|vwap_flow_rvol|2,1,31,32,32,6920.75,6902.0,6902.25,6957.75,stop,False,-942.0,925.0
2026-02-26,ESH6,retest|vwap_flow_rvol|2,-1,30,31,45,6931.25,6906.75,6943.5,6906.75,target,False,1220.5,612.5
2026-02-27,ESH6,retest|vwap_flow_rvol|2,1,64,65,235,6869.75,6856.5,6856.75,6895.75,stop,False,-667.0,650.0
2026-03-03,ESH6,retest|vwap_flow_rvol|2,-1,19,20,96,6747.0,6767.25,6767.0,6707.0,stop,False,-1017.0,1000.0
2026-03-06,ESH6,retest|vwap_flow_rvol|2,1,77,78,192,6760.25,6741.5,6741.75,6797.25,stop,False,-942.0,925.0
2026-03-19,ESM6,retest|vwap_flow_rvol|2,1,63,64,124,6641.25,6628.25,6628.5,6666.75,stop,False,-654.5,637.5
2026-03-27,ESM6,retest|vwap_flow_rvol|2,-1,53,54,96,6463.5,6478.5,6478.25,6434.0,stop,False,-754.5,737.5
2026-04-01,ESM6,retest|vwap_flow_rvol|2,-1,18,19,23,6600.25,6614.25,6614.0,6572.75,stop,False,-704.5,687.5
2026-04-08,ESM6,retest|vwap_flow_rvol|2,-1,22,23,86,6811.25,6787.75,6823.0,6787.75,target,False,1170.5,587.5
2026-04-14,ESM6,retest|vwap_flow_rvol|2,1,37,38,121,6963.0,6987.0,6951.0,6987.0,target,False,1195.5,600.0
2026-04-17,ESM6,retest|vwap_flow_rvol|2,1,23,24,40,7137.5,7154.0,7129.25,7154.0,target,False,820.5,412.5
2026-04-28,ESM6,retest|vwap_flow_rvol|2,-1,95,96,293,7159.25,7170.25,7170.0,7137.75,stop,False,-554.5,537.5
2026-04-30,ESM6,retest|vwap_flow_rvol|2,-1,27,28,61,7161.5,7178.75,7178.5,7127.5,stop,False,-867.0,850.0
2026-05-06,ESM6,retest|vwap_flow_rvol|2,1,25,26,37,7345.500000000001,7336.250000000001,7336.500000000001,7363.500000000001,stop,False,-467.0,450.0
2026-05-12,ESM6,retest|vwap_flow_rvol|2,-1,56,57,92,7397.250000000001,7379.750000000001,7406.000000000001,7379.750000000001,target,False,870.5,437.5
2026-05-13,ESM6,retest|vwap_flow_rvol|2,-1,20,21,25,7405.250000000001,7415.500000000001,7415.250000000001,7385.250000000001,stop,False,-517.0,500.0
2026-05-15,ESM6,retest|vwap_flow_rvol|2,-1,16,17,20,7421.500000000001,7439.250000000001,7439.000000000001,7386.500000000001,stop,False,-892.0,875.0
2026-05-18,ESM6,retest|vwap_flow_rvol|2,1,39,40,59,7444.000000000001,7433.000000000001,7433.250000000001,7465.500000000001,stop,False,-554.5,537.5
2026-05-19,ESM6,retest|vwap_flow_rvol|2,-1,102,103,175,7372.500000000001,7384.000000000001,7383.750000000001,7350.000000000001,stop,False,-579.5,562.5
2026-05-21,ESM6,retest|vwap_flow_rvol|2,1,105,106,121,7428.000000000001,7421.000000000001,7421.250000000001,7441.500000000001,stop,False,-354.5,337.5
2026-05-22,ESM6,retest|vwap_flow_rvol|2,-1,44,45,91,7489.750000000001,7502.750000000001,7502.500000000001,7464.250000000001,stop,False,-654.5,637.5
2026-05-27,ESM6,retest|vwap_flow_rvol|2,-1,113,114,121,7523.750000000001,7534.500000000001,7534.250000000001,7502.750000000001,stop,False,-542.0,525.0
2026-06-03,ESM6,retest|vwap_flow_rvol|2,-1,34,35,175,7590.250000000001,7567.250000000001,7601.750000000001,7567.250000000001,target,False,1145.5,575.0
2026-06-04,ESM6,retest|vwap_flow_rvol|2,1,79,80,105,7565.250000000001,7585.250000000001,7555.250000000001,7585.250000000001,target,False,995.5,500.0
2026-06-05,ESM6,retest|vwap_flow_rvol|2,-1,17,18,128,7522.500000000001,7496.000000000001,7535.750000000001,7496.000000000001,target,False,1320.5,662.5
2026-06-08,ESM6,retest|vwap_flow_rvol|2,-1,28,29,56,7435.500000000001,7451.500000000001,7451.250000000001,7404.000000000001,stop,False,-804.5,787.5
2026-06-10,ESM6,retest|vwap_flow_rvol|2,1,51,52,79,7389.250000000001,7365.250000000001,7365.500000000001,7436.750000000001,stop,False,-1204.5,1187.5
2026-06-11,ESM6,retest|vwap_flow_rvol|2,1,55,56,58,7315.250000000001,7300.750000000001,7301.000000000001,7343.750000000001,stop,False,-729.5,712.5
2026-06-12,ESM6,retest|vwap_flow_rvol|2,1,84,85,149,7433.750000000001,7408.000000000001,7408.250000000001,7484.750000000001,stop,False,-1292.0,1275.0
2026-06-24,ESU6,retest|vwap_flow_rvol|2,1,22,23,27,7470.000000000001,7454.750000000001,7455.000000000001,7500.000000000001,stop,False,-767.0,750.0
2026-06-25,ESU6,retest|vwap_flow_rvol|2,-1,46,47,50,7430.750000000001,7458.250000000001,7458.000000000001,7376.250000000001,stop,False,-1379.5,1362.5
2026-06-29,ESU6,retest|vwap_flow_rvol|2,1,23,24,26,7484.500000000001,7464.750000000001,7465.000000000001,7523.500000000001,stop,False,-992.0,975.0
2026-07-01,ESU6,retest|vwap_flow_rvol|2,1,33,34,107,7538.250000000001,7566.750000000001,7524.000000000001,7566.750000000001,target,False,1420.5,712.5
2026-07-02,ESU6,retest|vwap_flow_rvol|2,1,18,19,57,7587.250000000001,7571.000000000001,7571.250000000001,7619.250000000001,stop,False,-817.0,800.0
2026-07-17,ESU6,retest|vwap_flow_rvol|2,1,19,20,30,7496.000000000001,7515.500000000001,7486.250000000001,7515.500000000001,target,False,970.5,487.5
2026-07-21,ESU6,retest|vwap_flow_rvol|2,1,76,77,388,7531.250000000001,7547.000000000001,7518.750000000001,7556.250000000001,flatten,False,783.0,625.0
2026-07-23,ESU6,retest|vwap_flow_rvol|2,-1,89,90,388,7443.500000000001,7442.500000000001,7464.250000000001,7402.000000000001,flatten,False,45.5,1037.5
2026-07-28,ESU6,retest|vwap_flow_rvol|2,-1,29,30,35,7421.500000000001,7436.500000000001,7436.250000000001,7392.000000000001,stop,False,-754.5,737.5
2026-07-30,ESU6,retest|vwap_flow_rvol|2,1,16,17,84,7426.500000000001,7415.250000000001,7415.500000000001,7448.500000000001,stop,False,-567.0,550.0
2025-12-16,ESH6,retest|vwap_flow_rvol|3,1,28,29,32,6877.25,6865.0,6865.25,6913.25,stop,False,-617.0,600.0
2025-12-19,ESH6,retest|vwap_flow_rvol|3,1,23,24,388,6878.75,6885.5,6863.5,6924.5,flatten,False,333.0,762.5
2026-01-02,ESH6,retest|vwap_flow_rvol|3,-1,75,76,91,6909.75,6878.25,6920.25,6878.25,target,False,1570.5,525.0
2026-01-08,ESH6,retest|vwap_flow_rvol|3,1,38,39,67,6962.75,6953.75,6954.0,6989.0,stop,False,-454.5,437.5
2026-01-09,ESH6,retest|vwap_flow_rvol|3,-1,36,37,43,6963.75,6973.25,6973.0,6936.0,stop,False,-479.5,462.5
2026-01-12,ESH6,retest|vwap_flow_rvol|3,1,46,47,388,6996.25,7017.5,6982.75,7036.75,flatten,False,1058.0,675.0
2026-01-15,ESH6,retest|vwap_flow_rvol|3,1,67,68,74,7011.0,7004.75,7005.0,7029.0,stop,False,-317.0,300.0
2026-01-22,ESH6,retest|vwap_flow_rvol|3,-1,17,18,77,6942.5,6952.0,6951.75,6914.75,stop,False,-479.5,462.5
2026-02-02,ESH6,retest|vwap_flow_rvol|3,1,32,33,388,6980.25,7004.75,6963.5,7030.5,flatten,False,1220.5,837.5
2026-02-04,ESH6,retest|vwap_flow_rvol|3,-1,80,81,136,6931.25,6896.75,6942.75,6896.75,target,False,1720.5,575.0
2026-02-06,ESH6,retest|vwap_flow_rvol|3,1,91,92,388,6903.25,6957.5,6879.5,6974.5,flatten,False,2708.0,1187.5
2026-02-11,ESH6,retest|vwap_flow_rvol|3,-1,25,26,42,6988.5,6958.5,6998.5,6958.5,target,False,1495.5,500.0
2026-02-13,ESH6,retest|vwap_flow_rvol|3,1,58,59,357,6867.75,6842.0,6842.25,6944.25,stop,False,-1292.0,1275.0
2026-02-18,ESH6,retest|vwap_flow_rvol|3,1,26,27,326,6892.25,6878.25,6878.5,6933.5,stop,False,-704.5,687.5
2026-02-19,ESH6,retest|vwap_flow_rvol|3,1,46,47,59,6882.25,6870.5,6870.75,6916.75,stop,False,-592.0,575.0
2026-02-20,ESH6,retest|vwap_flow_rvol|3,1,31,32,32,6920.75,6902.0,6902.25,6976.25,stop,False,-942.0,925.0
2026-02-26,ESH6,retest|vwap_flow_rvol|3,-1,30,31,48,6931.25,6894.5,6943.5,6894.5,target,False,1833.0,612.5
2026-02-27,ESH6,retest|vwap_flow_rvol|3,1,64,65,235,6869.75,6856.5,6856.75,6908.75,stop,False,-667.0,650.0
2026-03-03,ESH6,retest|vwap_flow_rvol|3,-1,19,20,96,6747.0,6767.25,6767.0,6687.0,stop,False,-1017.0,1000.0
2026-03-06,ESH6,retest|vwap_flow_rvol|3,1,77,78,192,6760.25,6741.5,6741.75,6815.75,stop,False,-942.0,925.0
2026-03-19,ESM6,retest|vwap_flow_rvol|3,1,63,64,124,6641.25,6628.25,6628.5,6679.5,stop,False,-654.5,637.5
2026-03-27,ESM6,retest|vwap_flow_rvol|3,-1,53,54,96,6463.5,6478.5,6478.25,6419.25,stop,False,-754.5,737.5
2026-04-01,ESM6,retest|vwap_flow_rvol|3,-1,18,19,23,6600.25,6614.25,6614.0,6559.0,stop,False,-704.5,687.5
2026-04-08,ESM6,retest|vwap_flow_rvol|3,-1,22,23,191,6811.25,6823.25,6823.0,6776.0,stop,False,-604.5,587.5
2026-04-14,ESM6,retest|vwap_flow_rvol|3,1,37,38,177,6963.0,6999.0,6951.0,6999.0,target,False,1795.5,600.0
2026-04-17,ESM6,retest|vwap_flow_rvol|3,1,23,24,63,7137.5,7162.25,7129.25,7162.25,target,False,1233.0,412.5
2026-04-28,ESM6,retest|vwap_flow_rvol|3,-1,95,96,293,7159.25,7170.25,7170.0,7127.0,stop,False,-554.5,537.5
2026-04-30,ESM6,retest|vwap_flow_rvol|3,-1,27,28,61,7161.5,7178.75,7178.5,7110.5,stop,False,-867.0,850.0
2026-05-06,ESM6,retest|vwap_flow_rvol|3,1,25,26,37,7345.500000000001,7336.250000000001,7336.500000000001,7372.500000000001,stop,False,-467.0,450.0
2026-05-12,ESM6,retest|vwap_flow_rvol|3,-1,56,57,112,7397.250000000001,7371.000000000001,7406.000000000001,7371.000000000001,target,False,1308.0,437.5
2026-05-13,ESM6,retest|vwap_flow_rvol|3,-1,20,21,25,7405.250000000001,7415.500000000001,7415.250000000001,7375.250000000001,stop,False,-517.0,500.0
2026-05-15,ESM6,retest|vwap_flow_rvol|3,-1,16,17,20,7421.500000000001,7439.250000000001,7439.000000000001,7369.000000000001,stop,False,-892.0,875.0
2026-05-18,ESM6,retest|vwap_flow_rvol|3,1,39,40,59,7444.000000000001,7433.000000000001,7433.250000000001,7476.250000000001,stop,False,-554.5,537.5
2026-05-19,ESM6,retest|vwap_flow_rvol|3,-1,102,103,175,7372.500000000001,7384.000000000001,7383.750000000001,7338.750000000001,stop,False,-579.5,562.5
2026-05-21,ESM6,retest|vwap_flow_rvol|3,1,105,106,121,7428.000000000001,7421.000000000001,7421.250000000001,7448.250000000001,stop,False,-354.5,337.5
2026-05-22,ESM6,retest|vwap_flow_rvol|3,-1,44,45,91,7489.750000000001,7502.750000000001,7502.500000000001,7451.500000000001,stop,False,-654.5,637.5
2026-05-27,ESM6,retest|vwap_flow_rvol|3,-1,113,114,121,7523.750000000001,7534.500000000001,7534.250000000001,7492.250000000001,stop,False,-542.0,525.0
2026-06-03,ESM6,retest|vwap_flow_rvol|3,-1,34,35,388,7590.250000000001,7575.500000000001,7601.750000000001,7555.750000000001,flatten,False,733.0,575.0
2026-06-04,ESM6,retest|vwap_flow_rvol|3,1,79,80,188,7565.250000000001,7595.250000000001,7555.250000000001,7595.250000000001,target,False,1495.5,500.0
2026-06-05,ESM6,retest|vwap_flow_rvol|3,-1,17,18,155,7522.500000000001,7482.750000000001,7535.750000000001,7482.750000000001,target,False,1983.0,662.5
2026-06-08,ESM6,retest|vwap_flow_rvol|3,-1,28,29,56,7435.500000000001,7451.500000000001,7451.250000000001,7388.250000000001,stop,False,-804.5,787.5
2026-06-10,ESM6,retest|vwap_flow_rvol|3,1,51,52,79,7389.250000000001,7365.250000000001,7365.500000000001,7460.500000000001,stop,False,-1204.5,1187.5
2026-06-11,ESM6,retest|vwap_flow_rvol|3,1,55,56,58,7315.250000000001,7300.750000000001,7301.000000000001,7358.000000000001,stop,False,-729.5,712.5
2026-06-12,ESM6,retest|vwap_flow_rvol|3,1,84,85,149,7433.750000000001,7408.000000000001,7408.250000000001,7510.250000000001,stop,False,-1292.0,1275.0
2026-06-24,ESU6,retest|vwap_flow_rvol|3,1,22,23,27,7470.000000000001,7454.750000000001,7455.000000000001,7515.000000000001,stop,False,-767.0,750.0
2026-06-25,ESU6,retest|vwap_flow_rvol|3,-1,46,47,50,7430.750000000001,7458.250000000001,7458.000000000001,7349.000000000001,stop,False,-1379.5,1362.5
2026-06-29,ESU6,retest|vwap_flow_rvol|3,1,23,24,26,7484.500000000001,7464.750000000001,7465.000000000001,7543.000000000001,stop,False,-992.0,975.0
2026-07-01,ESU6,retest|vwap_flow_rvol|3,1,33,34,388,7538.250000000001,7539.250000000001,7524.000000000001,7581.000000000001,flatten,False,45.5,712.5
2026-07-02,ESU6,retest|vwap_flow_rvol|3,1,18,19,57,7587.250000000001,7571.000000000001,7571.250000000001,7635.250000000001,stop,False,-817.0,800.0
2026-07-17,ESU6,retest|vwap_flow_rvol|3,1,19,20,35,7496.000000000001,7525.250000000001,7486.250000000001,7525.250000000001,target,False,1458.0,487.5
2026-07-21,ESU6,retest|vwap_flow_rvol|3,1,76,77,388,7531.250000000001,7547.000000000001,7518.750000000001,7568.750000000001,flatten,False,783.0,625.0
2026-07-23,ESU6,retest|vwap_flow_rvol|3,-1,89,90,388,7443.500000000001,7442.500000000001,7464.250000000001,7381.250000000001,flatten,False,45.5,1037.5
2026-07-28,ESU6,retest|vwap_flow_rvol|3,-1,29,30,35,7421.500000000001,7436.500000000001,7436.250000000001,7377.250000000001,stop,False,-754.5,737.5
2026-07-30,ESU6,retest|vwap_flow_rvol|3,1,16,17,84,7426.500000000001,7415.250000000001,7415.500000000001,7459.500000000001,stop,False,-567.0,550.0
2025-12-01,ESZ5,failed_break|none|2,-1,18,19,24,6828.25,6836.5,6836.25,6812.25,stop,False,-417.0,400.0
2025-12-02,ESZ5,failed_break|none|2,1,25,26,35,6842.75,6856.25,6836.0,6856.25,target,False,670.5,337.5
2025-12-03,ESZ5,failed_break|none|2,-1,36,37,63,6838.0,6846.25,6846.0,6822.0,stop,False,-417.0,400.0
2025-12-04,ESZ5,failed_break|none|2,1,52,53,55,6860.5,6851.5,6851.75,6878.0,stop,False,-454.5,437.5
2025-12-05,ESZ5,failed_break|none|2,-1,20,21,24,6885.0,6891.5,6891.25,6872.5,stop,False,-329.5,312.5
2025-12-09,ESZ5,failed_break|none|2,-1,27,28,32,6860.0,6867.0,6866.75,6846.5,stop,False,-354.5,337.5
2025-12-10,ESZ5,failed_break|none|2,-1,19,20,110,6846.25,6855.5,6855.25,6828.25,stop,False,-467.0,450.0
2025-12-11,ESZ5,failed_break|none|2,1,38,39,51,6862.25,6876.25,6855.25,6876.25,target,False,695.5,350.0
2025-12-12,ESZ5,failed_break|none|2,1,21,22,30,6890.75,6884.25,6884.5,6903.25,stop,False,-329.5,312.5
2025-12-15,ESH6,failed_break|none|2,1,19,20,27,6909.25,6897.5,6897.75,6932.25,stop,False,-592.0,575.0
2025-12-16,ESH6,failed_break|none|2,1,16,17,21,6854.25,6878.25,6842.25,6878.25,target,False,1195.5,600.0
2025-12-17,ESH6,failed_break|none|2,1,19,20,65,6851.5,6839.0,6839.25,6876.0,stop,False,-629.5,612.5
2025-12-19,ESH6,failed_break|none|2,-1,18,19,167,6873.75,6889.25,6889.0,6843.25,stop,False,-779.5,762.5
2025-12-22,ESH6,failed_break|none|2,1,70,71,104,6912.25,6928.25,6904.25,6928.25,target,False,795.5,400.0
2025-12-23,ESH6,failed_break|none|2,-1,24,25,91,6937.0,6947.25,6947.0,6917.0,stop,False,-517.0,500.0
2025-12-26,ESH6,failed_break|none|2,1,34,35,158,6979.75,6972.5,6972.75,6993.75,stop,False,-367.0,350.0
2025-12-29,ESH6,failed_break|none|2,1,40,41,177,6947.75,6937.25,6937.5,6968.25,stop,False,-529.5,512.5
2025-12-30,ESH6,failed_break|none|2,1,16,17,20,6949.25,6957.25,6945.25,6957.25,target,False,395.5,200.0
2025-12-31,ESH6,failed_break|none|2,1,21,22,48,6932.25,6923.0,6923.25,6950.25,stop,False,-467.0,450.0
2026-01-02,ESH6,failed_break|none|2,-1,23,24,45,6932.25,6911.25,6942.75,6911.25,target,False,1045.5,525.0
2026-01-05,ESH6,failed_break|none|2,-1,16,17,57,6944.75,6951.5,6951.25,6931.75,stop,False,-342.0,325.0
2026-01-06,ESH6,failed_break|none|2,-1,94,95,102,6954.0,6958.75,6958.5,6945.0,stop,False,-242.0,225.0
2026-01-07,ESH6,failed_break|none|2,-1,19,20,44,6994.0,6983.0,6999.5,6983.0,target,False,545.5,275.0
2026-01-08,ESH6,failed_break|none|2,-1,65,66,136,6958.0,6967.0,6966.75,6940.5,stop,False,-454.5,437.5
2026-01-09,ESH6,failed_break|none|2,1,42,43,55,6972.5,6991.0,6963.25,6991.0,target,False,920.5,462.5
2026-01-12,ESH6,failed_break|none|2,-1,39,40,104,6995.25,7009.0,7008.75,6968.25,stop,False,-692.0,675.0
2026-01-13,ESH6,failed_break|none|2,1,23,24,24,7012.5,7006.0,7006.25,7025.0,stop,False,-329.5,312.5
2026-01-14,ESH6,failed_break|none|2,1,16,17,29,6961.25,6949.0,6949.25,6985.25,stop,False,-617.0,600.0
2026-01-15,ESH6,failed_break|none|2,1,23,24,80,7000.5,6994.25,6994.5,7012.5,stop,False,-317.0,300.0
2026-01-20,ESH6,failed_break|none|2,1,43,44,54,6871.5,6890.5,6862.0,6890.5,target,False,945.5,475.0
2026-01-21,ESH6,failed_break|none|2,-1,18,19,22,6863.25,6872.5,6872.25,6845.25,stop,False,-467.0,450.0
2026-01-22,ESH6,failed_break|none|2,1,65,66,182,6947.0,6965.5,6937.75,6965.5,target,False,920.5,462.5
2026-01-23,ESH6,failed_break|none|2,-1,43,44,52,6939.75,6947.75,6947.5,6924.25,stop,False,-404.5,387.5
2026-01-26,ESH6,failed_break|none|2,-1,19,20,51,6975.5,6988.0,6987.75,6951.0,stop,False,-629.5,612.5
2026-01-28,ESH6,failed_break|none|2,-1,16,17,39,7027.75,7019.25,7032.0,7019.25,target,False,420.5,212.5
2026-01-29,ESH6,failed_break|none|2,1,18,19,28,6990.0,6970.25,6970.5,7029.0,stop,False,-992.0,975.0
2026-01-30,ESH6,failed_break|none|2,-1,42,43,60,6984.5,6960.0,6996.75,6960.0,target,False,1220.5,612.5
2026-02-02,ESH6,failed_break|none|2,-1,17,18,36,6973.0,6990.0,6989.75,6939.5,stop,False,-854.5,837.5
2026-02-04,ESH6,failed_break|none|2,-1,19,20,28,6955.5,6932.5,6967.0,6932.5,target,False,1145.5,575.0
2026-02-05,ESH6,failed_break|none|2,1,39,40,56,6832.5,6809.0,6809.25,6879.0,stop,False,-1179.5,1162.5
2026-02-06,ESH6,failed_break|none|2,-1,16,17,125,6895.75,6919.75,6919.5,6848.25,stop,False,-1204.5,1187.5
2026-02-09,ESH6,failed_break|none|2,-1,41,42,63,6955.5,6972.25,6972.0,6922.5,stop,False,-842.0,825.0
2026-02-10,ESH6,failed_break|none|2,-1,43,44,48,6988.5,6999.5,6999.25,6967.0,stop,False,-554.5,537.5
2026-02-11,ESH6,failed_break|none|2,1,21,22,27,6993.75,6983.5,6983.75,7013.75,stop,False,-517.0,500.0
2026-02-13,ESH6,failed_break|none|2,-1,42,43,133,6855.75,6881.5,6881.25,6804.75,stop,False,-1292.0,1275.0
2026-02-17,ESH6,failed_break|none|2,1,18,19,20,6836.0,6821.75,6822.0,6864.0,stop,False,-717.0,700.0
2026-02-19,ESH6,failed_break|none|2,-1,30,31,33,6879.75,6891.5,6891.25,6856.75,stop,False,-592.0,575.0
2026-02-20,ESH6,failed_break|none|2,-1,36,37,38,6878.0,6896.75,6896.5,6841.0,stop,False,-942.0,925.0
2026-02-23,ESH6,failed_break|none|2,1,16,17,28,6906.75,6893.5,6893.75,6932.75,stop,False,-667.0,650.0
2026-02-24,ESH6,failed_break|none|2,-1,23,24,59,6870.75,6893.25,6893.0,6826.25,stop,False,-1129.5,1112.5
2026-02-25,ESH6,failed_break|none|2,-1,23,24,136,6942.75,6949.75,6949.5,6929.25,stop,False,-354.5,337.5
2026-02-26,ESH6,failed_break|none|2,1,19,20,31,6938.5,6926.0,6926.25,6963.0,stop,False,-629.5,612.5
2026-02-27,ESH6,failed_break|none|2,-1,46,47,67,6866.75,6880.0,6879.75,6840.75,stop,False,-667.0,650.0
2026-03-02,ESH6,failed_break|none|2,-1,22,23,33,6845.25,6867.75,6867.5,6800.75,stop,False,-1129.5,1112.5
2026-03-03,ESH6,failed_break|none|2,1,21,22,48,6754.75,6734.5,6734.75,6794.75,stop,False,-1017.0,1000.0
2026-03-04,ESH6,failed_break|none|2,1,16,17,49,6829.5,6864.5,6812.0,6864.5,target,False,1745.5,875.0
2026-03-05,ESH6,failed_break|none|2,-1,33,34,52,6865.75,6839.25,6879.0,6839.25,target,False,1320.5,662.5
2026-03-06,ESH6,failed_break|none|2,1,29,30,61,6727.75,6764.75,6709.25,6764.75,target,False,1845.5,925.0
2026-03-09,ESH6,failed_break|none|2,1,16,17,84,6659.25,6699.25,6639.25,6699.25,target,False,1995.5,1000.0
2026-03-10,ESH6,failed_break|none|2,1,29,30,64,6775.75,6806.25,6760.5,6806.25,target,False,1520.5,762.5
2026-03-11,ESH6,failed_break|none|2,1,28,29,30,6796.25,6809.75,6789.5,6809.75,target,False,670.5,337.5
2026-03-12,ESH6,failed_break|none|2,1,19,20,23,6717.5,6708.25,6708.5,6735.5,stop,False,-467.0,450.0
2026-03-13,ESH6,failed_break|none|2,-1,18,19,47,6728.5,6698.0,6743.75,6698.0,target,False,1520.5,762.5
2026-03-16,ESM6,failed_break|none|2,-1,18,19,28,6761.25,6772.0,6771.75,6740.25,stop,False,-542.0,525.0
2026-03-17,ESM6,failed_break|none|2,-1,20,21,47,6803.0,6782.0,6813.5,6782.0,target,False,1045.5,525.0
2026-03-18,ESM6,failed_break|none|2,-1,17,18,43,6757.75,6740.75,6766.25,6740.75,target,False,845.5,425.0
2026-03-19,ESM6,failed_break|none|2,-1,48,49,65,6635.75,6648.75,6648.5,6610.25,stop,False,-654.5,637.5
2026-03-23,ESM6,failed_break|none|2,-1,24,25,51,6673.0,6691.25,6691.0,6637.0,stop,False,-917.0,900.0
2026-03-24,ESM6,failed_break|none|2,-1,41,42,81,6603.75,6620.25,6620.0,6571.25,stop,False,-829.5,812.5
2026-03-25,ESM6,failed_break|none|2,1,63,64,99,6661.5,6649.25,6649.5,6685.5,stop,False,-617.0,600.0
2026-03-26,ESM6,failed_break|none|2,-1,73,74,166,6601.5,6577.5,6613.5,6577.5,target,False,1195.5,600.0
2026-03-27,ESM6,failed_break|none|2,1,42,43,76,6467.0,6452.0,6452.25,6496.5,stop,False,-754.5,737.5
2026-03-30,ESM6,failed_break|none|2,1,87,88,178,6437.5,6419.0,6419.25,6474.0,stop,False,-929.5,912.5
2026-03-31,ESM6,failed_break|none|2,-1,73,74,103,6469.25,6480.75,6480.5,6446.75,stop,False,-579.5,562.5
2026-04-01,ESM6,failed_break|none|2,1,20,21,82,6605.25,6632.75,6591.5,6632.75,target,False,1370.5,687.5
2026-04-06,ESM6,failed_break|none|2,-1,28,29,30,6642.25,6654.75,6654.5,6617.75,stop,False,-629.5,612.5
2026-04-07,ESM6,failed_break|none|2,1,22,23,30,6612.75,6598.5,6598.75,6640.75,stop,False,-717.0,700.0
2026-04-08,ESM6,failed_break|none|2,1,30,31,61,6814.75,6802.75,6803.0,6838.25,stop,False,-604.5,587.5
2026-04-09,ESM6,failed_break|none|2,1,50,51,57,6810.75,6804.0,6804.25,6823.75,stop,False,-342.0,325.0
2026-04-10,ESM6,failed_break|none|2,1,21,22,114,6867.25,6882.25,6859.75,6882.25,target,False,745.5,375.0
2026-04-15,ESM6,failed_break|none|2,-1,69,70,80,7021.75,7032.5,7032.25,7000.75,stop,False,-542.0,525.0
2026-04-16,ESM6,failed_break|none|2,1,81,82,100,7062.5,7074.5,7056.5,7074.5,target,False,595.5,300.0
2026-04-20,ESM6,failed_break|none|2,-1,33,34,71,7153.5,7141.0,7159.75,7141.0,target,False,620.5,312.5
2026-04-21,ESM6,failed_break|none|2,-1,53,54,87,7162.25,7145.25,7170.75,7145.25,target,False,845.5,425.0
2026-04-22,ESM6,failed_break|none|2,-1,35,36,37,7147.75,7153.75,7153.5,7136.25,stop,False,-304.5,287.5
2026-04-23,ESM6,failed_break|none|2,-1,20,21,62,7162.0,7169.25,7169.0,7148.0,stop,False,-367.0,350.0
2026-04-24,ESM6,failed_break|none|2,1,27,28,76,7152.75,7168.75,7144.75,7168.75,target,False,795.5,400.0
2026-04-27,ESM6,failed_break|none|2,1,118,119,233,7183.5,7199.0,7175.75,7199.0,target,False,770.5,387.5
2026-04-28,ESM6,failed_break|none|2,1,90,91,120,7162.25,7151.25,7151.5,7183.75,stop,False,-554.5,537.5
2026-04-29,ESM6,failed_break|none|2,1,16,17,43,7152.75,7165.25,7146.5,7165.25,target,False,620.5,312.5
2026-04-30,ESM6,failed_break|none|2,1,30,31,146,7170.0,7204.0,7153.0,7204.0,target,False,1695.5,850.0
2026-05-01,ESM6,failed_break|none|2,-1,21,22,25,7275.5,7285.25,7285.0,7256.5,stop,False,-492.0,475.0
2026-05-04,ESM6,failed_break|none|2,-1,25,26,42,7253.0,7258.75,7258.5,7242.0,stop,False,-292.0,275.0
2026-05-05,ESM6,failed_break|none|2,-1,17,18,36,7273.5,7278.75,7278.5,7263.5,stop,False,-267.0,250.0
2026-05-06,ESM6,failed_break|none|2,-1,26,27,54,7343.250000000001,7352.500000000001,7352.250000000001,7325.250000000001,stop,False,-467.0,450.0
2026-05-07,ESM6,failed_break|none|2,1,25,26,70,7390.250000000001,7400.750000000001,7385.000000000001,7400.750000000001,target,False,520.5,262.5
2026-05-11,ESM6,failed_break|none|2,-1,61,62,71,7424.750000000001,7434.750000000001,7434.500000000001,7405.250000000001,stop,False,-504.5,487.5
2026-05-12,ESM6,failed_break|none|2,1,22,23,27,7404.250000000001,7395.250000000001,7395.500000000001,7421.750000000001,stop,False,-454.5,437.5
2026-05-13,ESM6,failed_break|none|2,1,22,23,55,7411.250000000001,7431.250000000001,7401.250000000001,7431.250000000001,target,False,995.5,500.0
2026-05-14,ESM6,failed_break|none|2,-1,18,19,50,7496.750000000001,7507.500000000001,7507.250000000001,7475.750000000001,stop,False,-542.0,525.0
2026-05-15,ESM6,failed_break|none|2,1,17,18,48,7427.500000000001,7462.500000000001,7410.000000000001,7462.500000000001,target,False,1745.5,875.0
2026-05-18,ESM6,failed_break|none|2,-1,30,31,63,7440.250000000001,7418.750000000001,7451.000000000001,7418.750000000001,target,False,1070.5,537.5
2026-05-19,ESM6,failed_break|none|2,1,17,18,37,7383.750000000001,7372.250000000001,7372.500000000001,7406.250000000001,stop,False,-579.5,562.5
2026-05-20,ESM6,failed_break|none|2,-1,19,20,43,7398.250000000001,7378.750000000001,7408.000000000001,7378.750000000001,target,False,970.5,487.5
2026-05-21,ESM6,failed_break|none|2,-1,45,46,47,7422.750000000001,7429.750000000001,7429.500000000001,7409.250000000001,stop,False,-354.5,337.5
2026-05-22,ESM6,failed_break|none|2,1,37,38,54,7491.750000000001,7478.750000000001,7479.000000000001,7517.250000000001,stop,False,-654.5,637.5
2026-05-26,ESM6,failed_break|none|2,-1,20,21,34,7537.000000000001,7545.250000000001,7545.000000000001,7521.000000000001,stop,False,-417.0,400.0
2026-05-27,ESM6,failed_break|none|2,1,110,111,219,7526.000000000001,7515.250000000001,7515.500000000001,7547.000000000001,stop,False,-542.0,525.0
2026-05-28,ESM6,failed_break|none|2,-1,32,33,42,7536.250000000001,7542.500000000001,7542.250000000001,7524.250000000001,stop,False,-317.0,300.0
2026-05-29,ESM6,failed_break|none|2,-1,16,17,72,7603.750000000001,7584.250000000001,7613.500000000001,7584.250000000001,target,False,970.5,487.5
2026-06-02,ESM6,failed_break|none|2,-1,35,36,41,7604.500000000001,7609.750000000001,7609.500000000001,7594.500000000001,stop,False,-267.0,250.0
2026-06-03,ESM6,failed_break|none|2,1,30,31,113,7593.000000000001,7581.250000000001,7581.500000000001,7616.000000000001,stop,False,-592.0,575.0
2026-06-04,ESM6,failed_break|none|2,-1,29,30,54,7559.000000000001,7569.250000000001,7569.000000000001,7539.000000000001,stop,False,-517.0,500.0
2026-06-05,ESM6,failed_break|none|2,1,45,46,55,7529.250000000001,7515.750000000001,7516.000000000001,7555.750000000001,stop,False,-679.5,662.5
2026-06-08,ESM6,failed_break|none|2,1,31,32,91,7443.250000000001,7474.750000000001,7427.500000000001,7474.750000000001,target,False,1570.5,787.5
2026-06-09,ESM6,failed_break|none|2,-1,24,25,40,7473.250000000001,7452.250000000001,7483.750000000001,7452.250000000001,target,False,1045.5,525.0
2026-06-10,ESM6,failed_break|none|2,-1,20,21,53,7374.000000000001,7398.000000000001,7397.750000000001,7326.500000000001,stop,False,-1204.5,1187.5
2026-06-11,ESM6,failed_break|none|2,-1,18,19,21,7311.000000000001,7325.500000000001,7325.250000000001,7282.500000000001,stop,False,-729.5,712.5
2026-06-12,ESM6,failed_break|none|2,1,16,17,47,7374.750000000001,7425.750000000001,7349.250000000001,7425.750000000001,target,False,2545.5,1275.0
2026-06-15,ESU6,failed_break|none|2,-1,26,27,88,7616.000000000001,7625.000000000001,7624.750000000001,7598.500000000001,stop,False,-454.5,437.5
2026-06-16,ESU6,failed_break|none|2,1,30,31,49,7626.500000000001,7620.000000000001,7620.250000000001,7639.000000000001,stop,False,-329.5,312.5
2026-06-17,ESU6,failed_break|none|2,1,30,31,54,7585.000000000001,7600.000000000001,7577.500000000001,7600.000000000001,target,False,745.5,375.0
2026-06-23,ESU6,failed_break|none|2,-1,108,109,154,7445.500000000001,7461.750000000001,7461.500000000001,7413.500000000001,stop,False,-817.0,800.0
2026-06-24,ESU6,failed_break|none|2,-1,25,26,75,7459.500000000001,7474.750000000001,7474.500000000001,7429.500000000001,stop,False,-767.0,750.0
2026-06-25,ESU6,failed_break|none|2,1,36,37,195,7439.750000000001,7412.250000000001,7412.500000000001,7494.250000000001,stop,False,-1379.5,1362.5
2026-06-29,ESU6,failed_break|none|2,-1,16,17,35,7483.250000000001,7444.250000000001,7502.750000000001,7444.250000000001,target,False,1945.5,975.0
2026-07-02,ESU6,failed_break|none|2,-1,26,27,72,7583.000000000001,7551.000000000001,7599.000000000001,7551.000000000001,target,False,1595.5,800.0
2026-07-06,ESU6,failed_break|none|2,-1,48,49,60,7570.250000000001,7580.750000000001,7580.500000000001,7549.750000000001,stop,False,-529.5,512.5
2026-07-08,ESU6,failed_break|none|2,-1,17,18,67,7519.750000000001,7498.250000000001,7530.500000000001,7498.250000000001,target,False,1070.5,537.5
2026-07-09,ESU6,failed_break|none|2,-1,18,19,96,7554.000000000001,7568.750000000001,7568.500000000001,7525.000000000001,stop,False,-742.0,725.0
2026-07-10,ESU6,failed_break|none|2,-1,34,35,62,7603.250000000001,7588.750000000001,7610.500000000001,7588.750000000001,target,False,720.5,362.5
2026-07-13,ESU6,failed_break|none|2,1,22,23,46,7595.250000000001,7587.250000000001,7587.500000000001,7610.750000000001,stop,False,-404.5,387.5
2026-07-14,ESU6,failed_break|none|2,-1,16,17,46,7582.750000000001,7561.250000000001,7593.500000000001,7561.250000000001,target,False,1070.5,537.5
2026-07-15,ESU6,failed_break|none|2,1,25,26,54,7612.000000000001,7604.500000000001,7604.750000000001,7626.500000000001,stop,False,-379.5,362.5
2026-07-16,ESU6,failed_break|none|2,1,20,21,57,7585.750000000001,7610.250000000001,7573.500000000001,7610.250000000001,target,False,1220.5,612.5
2026-07-21,ESU6,failed_break|none|2,-1,58,59,111,7528.750000000001,7541.500000000001,7541.250000000001,7503.750000000001,stop,False,-642.0,625.0
2026-07-22,ESU6,failed_break|none|2,-1,17,18,26,7538.500000000001,7545.750000000001,7545.500000000001,7524.500000000001,stop,False,-367.0,350.0
2026-07-23,ESU6,failed_break|none|2,1,87,88,104,7445.250000000001,7424.250000000001,7424.500000000001,7486.750000000001,stop,False,-1054.5,1037.5
2026-07-24,ESU6,failed_break|none|2,-1,20,21,25,7448.000000000001,7435.000000000001,7454.500000000001,7435.000000000001,target,False,645.5,325.0
2026-07-27,ESU6,failed_break|none|2,1,18,19,26,7496.250000000001,7485.250000000001,7485.500000000001,7517.750000000001,stop,False,-554.5,537.5
2026-07-28,ESU6,failed_break|none|2,1,18,19,108,7429.250000000001,7458.750000000001,7414.500000000001,7458.750000000001,target,False,1470.5,737.5
2026-07-30,ESU6,failed_break|none|2,-1,82,83,152,7419.500000000001,7430.750000000001,7430.500000000001,7397.500000000001,stop,False,-567.0,550.0
2026-07-31,ESU6,failed_break|none|2,1,83,84,114,7480.250000000001,7462.000000000001,7462.250000000001,7516.250000000001,stop,False,-917.0,900.0
2025-12-01,ESZ5,failed_break|none|3,-1,18,19,24,6828.25,6836.5,6836.25,6804.25,stop,False,-417.0,400.0
2025-12-02,ESZ5,failed_break|none|3,1,25,26,60,6842.75,6835.75,6836.0,6863.0,stop,False,-354.5,337.5
2025-12-03,ESZ5,failed_break|none|3,-1,36,37,63,6838.0,6846.25,6846.0,6814.0,stop,False,-417.0,400.0
2025-12-04,ESZ5,failed_break|none|3,1,52,53,55,6860.5,6851.5,6851.75,6886.75,stop,False,-454.5,437.5
2025-12-05,ESZ5,failed_break|none|3,-1,20,21,24,6885.0,6891.5,6891.25,6866.25,stop,False,-329.5,312.5
2025-12-09,ESZ5,failed_break|none|3,-1,27,28,32,6860.0,6867.0,6866.75,6839.75,stop,False,-354.5,337.5
2025-12-10,ESZ5,failed_break|none|3,-1,19,20,110,6846.25,6855.5,6855.25,6819.25,stop,False,-467.0,450.0
2025-12-11,ESZ5,failed_break|none|3,1,38,39,57,6862.25,6883.25,6855.25,6883.25,target,False,1045.5,350.0
2025-12-12,ESZ5,failed_break|none|3,1,21,22,30,6890.75,6884.25,6884.5,6909.5,stop,False,-329.5,312.5
2025-12-15,ESH6,failed_break|none|3,1,19,20,27,6909.25,6897.5,6897.75,6943.75,stop,False,-592.0,575.0
2025-12-16,ESH6,failed_break|none|3,1,16,17,54,6854.25,6842.0,6842.25,6890.25,stop,False,-617.0,600.0
2025-12-17,ESH6,failed_break|none|3,1,19,20,65,6851.5,6839.0,6839.25,6888.25,stop,False,-629.5,612.5
2025-12-19,ESH6,failed_break|none|3,-1,18,19,167,6873.75,6889.25,6889.0,6828.0,stop,False,-779.5,762.5
2025-12-22,ESH6,failed_break|none|3,1,70,71,388,6912.25,6931.0,6904.25,6936.25,flatten,False,933.0,400.0
2025-12-23,ESH6,failed_break|none|3,-1,24,25,91,6937.0,6947.25,6947.0,6907.0,stop,False,-517.0,500.0
2025-12-26,ESH6,failed_break|none|3,1,34,35,158,6979.75,6972.5,6972.75,7000.75,stop,False,-367.0,350.0
2025-12-29,ESH6,failed_break|none|3,1,40,41,177,6947.75,6937.25,6937.5,6978.5,stop,False,-529.5,512.5
2025-12-30,ESH6,failed_break|none|3,1,16,17,43,6949.25,6945.0,6945.25,6961.25,stop,False,-217.0,200.0
2025-12-31,ESH6,failed_break|none|3,1,21,22,48,6932.25,6923.0,6923.25,6959.25,stop,False,-467.0,450.0
2026-01-02,ESH6,failed_break|none|3,-1,23,24,50,6932.25,6900.75,6942.75,6900.75,target,False,1570.5,525.0
2026-01-05,ESH6,failed_break|none|3,-1,16,17,57,6944.75,6951.5,6951.25,6925.25,stop,False,-342.0,325.0
2026-01-06,ESH6,failed_break|none|3,-1,94,95,102,6954.0,6958.75,6958.5,6940.5,stop,False,-242.0,225.0
2026-01-07,ESH6,failed_break|none|3,-1,19,20,69,6994.0,6977.5,6999.5,6977.5,target,False,820.5,275.0
2026-01-08,ESH6,failed_break|none|3,-1,65,66,136,6958.0,6967.0,6966.75,6931.75,stop,False,-454.5,437.5
2026-01-09,ESH6,failed_break|none|3,1,42,43,103,6972.5,7000.25,6963.25,7000.25,target,False,1383.0,462.5
2026-01-12,ESH6,failed_break|none|3,-1,39,40,104,6995.25,7009.0,7008.75,6954.75,stop,False,-692.0,675.0
2026-01-13,ESH6,failed_break|none|3,1,23,24,24,7012.5,7006.0,7006.25,7031.25,stop,False,-329.5,312.5
2026-01-14,ESH6,failed_break|none|3,1,16,17,29,6961.25,6949.0,6949.25,6997.25,stop,False,-617.0,600.0
2026-01-15,ESH6,failed_break|none|3,1,23,24,80,7000.5,6994.25,6994.5,7018.5,stop,False,-317.0,300.0
2026-01-20,ESH6,failed_break|none|3,1,43,44,62,6871.5,6900.0,6862.0,6900.0,target,False,1420.5,475.0
2026-01-21,ESH6,failed_break|none|3,-1,18,19,22,6863.25,6872.5,6872.25,6836.25,stop,False,-467.0,450.0
2026-01-22,ESH6,failed_break|none|3,1,65,66,360,6947.0,6937.5,6937.75,6974.75,stop,False,-479.5,462.5
2026-01-23,ESH6,failed_break|none|3,-1,43,44,52,6939.75,6947.75,6947.5,6916.5,stop,False,-404.5,387.5
2026-01-26,ESH6,failed_break|none|3,-1,19,20,51,6975.5,6988.0,6987.75,6938.75,stop,False,-629.5,612.5
2026-01-28,ESH6,failed_break|none|3,-1,16,17,42,7027.75,7015.0,7032.0,7015.0,target,False,633.0,212.5
2026-01-29,ESH6,failed_break|none|3,1,18,19,28,6990.0,6970.25,6970.5,7048.5,stop,False,-992.0,975.0
2026-01-30,ESH6,failed_break|none|3,-1,42,43,153,6984.5,6947.75,6996.75,6947.75,target,False,1833.0,612.5
2026-02-02,ESH6,failed_break|none|3,-1,17,18,36,6973.0,6990.0,6989.75,6922.75,stop,False,-854.5,837.5
2026-02-04,ESH6,failed_break|none|3,-1,19,20,30,6955.5,6921.0,6967.0,6921.0,target,False,1720.5,575.0
2026-02-05,ESH6,failed_break|none|3,1,39,40,56,6832.5,6809.0,6809.25,6902.25,stop,False,-1179.5,1162.5
2026-02-06,ESH6,failed_break|none|3,-1,16,17,125,6895.75,6919.75,6919.5,6824.5,stop,False,-1204.5,1187.5
2026-02-09,ESH6,failed_break|none|3,-1,41,42,63,6955.5,6972.25,6972.0,6906.0,stop,False,-842.0,825.0
2026-02-10,ESH6,failed_break|none|3,-1,43,44,48,6988.5,6999.5,6999.25,6956.25,stop,False,-554.5,537.5
2026-02-11,ESH6,failed_break|none|3,1,21,22,27,6993.75,6983.5,6983.75,7023.75,stop,False,-517.0,500.0
2026-02-13,ESH6,failed_break|none|3,-1,42,43,133,6855.75,6881.5,6881.25,6779.25,stop,False,-1292.0,1275.0
2026-02-17,ESH6,failed_break|none|3,1,18,19,20,6836.0,6821.75,6822.0,6878.0,stop,False,-717.0,700.0
2026-02-19,ESH6,failed_break|none|3,-1,30,31,33,6879.75,6891.5,6891.25,6845.25,stop,False,-592.0,575.0
2026-02-20,ESH6,failed_break|none|3,-1,36,37,38,6878.0,6896.75,6896.5,6822.5,stop,False,-942.0,925.0
2026-02-23,ESH6,failed_break|none|3,1,16,17,28,6906.75,6893.5,6893.75,6945.75,stop,False,-667.0,650.0
2026-02-24,ESH6,failed_break|none|3,-1,23,24,59,6870.75,6893.25,6893.0,6804.0,stop,False,-1129.5,1112.5
2026-02-25,ESH6,failed_break|none|3,-1,23,24,136,6942.75,6949.75,6949.5,6922.5,stop,False,-354.5,337.5
2026-02-26,ESH6,failed_break|none|3,1,19,20,31,6938.5,6926.0,6926.25,6975.25,stop,False,-629.5,612.5
2026-02-27,ESH6,failed_break|none|3,-1,46,47,67,6866.75,6880.0,6879.75,6827.75,stop,False,-667.0,650.0
2026-03-02,ESH6,failed_break|none|3,-1,22,23,33,6845.25,6867.75,6867.5,6778.5,stop,False,-1129.5,1112.5
2026-03-03,ESH6,failed_break|none|3,1,21,22,48,6754.75,6734.5,6734.75,6814.75,stop,False,-1017.0,1000.0
2026-03-04,ESH6,failed_break|none|3,1,16,17,56,6829.5,6882.0,6812.0,6882.0,target,False,2620.5,875.0
2026-03-05,ESH6,failed_break|none|3,-1,33,34,58,6865.75,6826.0,6879.0,6826.0,target,False,1983.0,662.5
2026-03-06,ESH6,failed_break|none|3,1,29,30,388,6727.75,6749.0,6709.25,6783.25,flatten,False,1058.0,925.0
2026-03-09,ESH6,failed_break|none|3,1,16,17,153,6659.25,6719.25,6639.25,6719.25,target,False,2995.5,1000.0
2026-03-10,ESH6,failed_break|none|3,1,29,30,79,6775.75,6821.5,6760.5,6821.5,target,False,2283.0,762.5
2026-03-11,ESH6,failed_break|none|3,1,28,29,31,6796.25,6816.5,6789.5,6816.5,target,False,1008.0,337.5
2026-03-12,ESH6,failed_break|none|3,1,19,20,23,6717.5,6708.25,6708.5,6744.5,stop,False,-467.0,450.0
2026-03-13,ESH6,failed_break|none|3,-1,18,19,76,6728.5,6682.75,6743.75,6682.75,target,False,2283.0,762.5
2026-03-16,ESM6,failed_break|none|3,-1,18,19,28,6761.25,6772.0,6771.75,6729.75,stop,False,-542.0,525.0
2026-03-17,ESM6,failed_break|none|3,-1,20,21,126,6803.0,6771.5,6813.5,6771.5,target,False,1570.5,525.0
2026-03-18,ESM6,failed_break|none|3,-1,17,18,55,6757.75,6732.25,6766.25,6732.25,target,False,1270.5,425.0
2026-03-19,ESM6,failed_break|none|3,-1,48,49,65,6635.75,6648.75,6648.5,6597.5,stop,False,-654.5,637.5
2026-03-23,ESM6,failed_break|none|3,-1,24,25,51,6673.0,6691.25,6691.0,6619.0,stop,False,-917.0,900.0
2026-03-24,ESM6,failed_break|none|3,-1,41,42,81,6603.75,6620.25,6620.0,6555.0,stop,False,-829.5,812.5
2026-03-25,ESM6,failed_break|none|3,1,63,64,99,6661.5,6649.25,6649.5,6697.5,stop,False,-617.0,600.0
2026-03-26,ESM6,failed_break|none|3,-1,73,74,178,6601.5,6565.5,6613.5,6565.5,target,False,1795.5,600.0
2026-03-27,ESM6,failed_break|none|3,1,42,43,76,6467.0,6452.0,6452.25,6511.25,stop,False,-754.5,737.5
2026-03-30,ESM6,failed_break|none|3,1,87,88,178,6437.5,6419.0,6419.25,6492.25,stop,False,-929.5,912.5
2026-03-31,ESM6,failed_break|none|3,-1,73,74,103,6469.25,6480.75,6480.5,6435.5,stop,False,-579.5,562.5
2026-04-01,ESM6,failed_break|none|3,1,20,21,146,6605.25,6646.5,6591.5,6646.5,target,False,2058.0,687.5
2026-04-06,ESM6,failed_break|none|3,-1,28,29,30,6642.25,6654.75,6654.5,6605.5,stop,False,-629.5,612.5
2026-04-07,ESM6,failed_break|none|3,1,22,23,30,6612.75,6598.5,6598.75,6654.75,stop,False,-717.0,700.0
2026-04-08,ESM6,failed_break|none|3,1,30,31,61,6814.75,6802.75,6803.0,6850.0,stop,False,-604.5,587.5
2026-04-09,ESM6,failed_break|none|3,1,50,51,57,6810.75,6804.0,6804.25,6830.25,stop,False,-342.0,325.0
2026-04-10,ESM6,failed_break|none|3,1,21,22,144,6867.25,6859.5,6859.75,6889.75,stop,False,-392.0,375.0
2026-04-15,ESM6,failed_break|none|3,-1,69,70,80,7021.75,7032.5,7032.25,6990.25,stop,False,-542.0,525.0
2026-04-16,ESM6,failed_break|none|3,1,81,82,105,7062.5,7080.5,7056.5,7080.5,target,False,895.5,300.0
2026-04-20,ESM6,failed_break|none|3,-1,33,34,81,7153.5,7134.75,7159.75,7134.75,target,False,933.0,312.5
2026-04-21,ESM6,failed_break|none|3,-1,53,54,89,7162.25,7136.75,7170.75,7136.75,target,False,1270.5,425.0
2026-04-22,ESM6,failed_break|none|3,-1,35,36,37,7147.75,7153.75,7153.5,7130.5,stop,False,-304.5,287.5
2026-04-23,ESM6,failed_break|none|3,-1,20,21,62,7162.0,7169.25,7169.0,7141.0,stop,False,-367.0,350.0
2026-04-24,ESM6,failed_break|none|3,1,27,28,113,7152.75,7176.75,7144.75,7176.75,target,False,1195.5,400.0
2026-04-27,ESM6,failed_break|none|3,1,118,119,244,7183.5,7206.75,7175.75,7206.75,target,False,1158.0,387.5
2026-04-28,ESM6,failed_break|none|3,1,90,91,120,7162.25,7151.25,7151.5,7194.5,stop,False,-554.5,537.5
2026-04-29,ESM6,failed_break|none|3,1,16,17,63,7152.75,7171.5,7146.5,7171.5,target,False,933.0,312.5
2026-04-30,ESM6,failed_break|none|3,1,30,31,255,7170.0,7221.0,7153.0,7221.0,target,False,2545.5,850.0
2026-05-01,ESM6,failed_break|none|3,-1,21,22,25,7275.5,7285.25,7285.0,7247.0,stop,False,-492.0,475.0
2026-05-04,ESM6,failed_break|none|3,-1,25,26,42,7253.0,7258.75,7258.5,7236.5,stop,False,-292.0,275.0
2026-05-05,ESM6,failed_break|none|3,-1,17,18,36,7273.5,7278.75,7278.5,7258.5,stop,False,-267.0,250.0
2026-05-06,ESM6,failed_break|none|3,-1,26,27,54,7343.250000000001,7352.500000000001,7352.250000000001,7316.250000000001,stop,False,-467.0,450.0
2026-05-07,ESM6,failed_break|none|3,1,25,26,85,7390.250000000001,7406.000000000001,7385.000000000001,7406.000000000001,target,False,783.0,262.5
2026-05-11,ESM6,failed_break|none|3,-1,61,62,71,7424.750000000001,7434.750000000001,7434.500000000001,7395.500000000001,stop,False,-504.5,487.5
2026-05-12,ESM6,failed_break|none|3,1,22,23,27,7404.250000000001,7395.250000000001,7395.500000000001,7430.500000000001,stop,False,-454.5,437.5
2026-05-13,ESM6,failed_break|none|3,1,22,23,126,7411.250000000001,7441.250000000001,7401.250000000001,7441.250000000001,target,False,1495.5,500.0
2026-05-14,ESM6,failed_break|none|3,-1,18,19,50,7496.750000000001,7507.500000000001,7507.250000000001,7465.250000000001,stop,False,-542.0,525.0
2026-05-15,ESM6,failed_break|none|3,1,17,18,388,7427.500000000001,7433.000000000001,7410.000000000001,7480.000000000001,flatten,False,270.5,875.0
2026-05-18,ESM6,failed_break|none|3,-1,30,31,65,7440.250000000001,7408.000000000001,7451.000000000001,7408.000000000001,target,False,1608.0,537.5
2026-05-19,ESM6,failed_break|none|3,1,17,18,37,7383.750000000001,7372.250000000001,7372.500000000001,7417.500000000001,stop,False,-579.5,562.5
2026-05-20,ESM6,failed_break|none|3,-1,19,20,46,7398.250000000001,7408.250000000001,7408.000000000001,7369.000000000001,stop,False,-504.5,487.5
2026-05-21,ESM6,failed_break|none|3,-1,45,46,47,7422.750000000001,7429.750000000001,7429.500000000001,7402.500000000001,stop,False,-354.5,337.5
2026-05-22,ESM6,failed_break|none|3,1,37,38,54,7491.750000000001,7478.750000000001,7479.000000000001,7530.000000000001,stop,False,-654.5,637.5
2026-05-26,ESM6,failed_break|none|3,-1,20,21,34,7537.000000000001,7545.250000000001,7545.000000000001,7513.000000000001,stop,False,-417.0,400.0
2026-05-27,ESM6,failed_break|none|3,1,110,111,219,7526.000000000001,7515.250000000001,7515.500000000001,7557.500000000001,stop,False,-542.0,525.0
2026-05-28,ESM6,failed_break|none|3,-1,32,33,42,7536.250000000001,7542.500000000001,7542.250000000001,7518.250000000001,stop,False,-317.0,300.0
2026-05-29,ESM6,failed_break|none|3,-1,16,17,388,7603.750000000001,7595.000000000001,7613.500000000001,7574.500000000001,flatten,False,433.0,487.5
2026-06-02,ESM6,failed_break|none|3,-1,35,36,41,7604.500000000001,7609.750000000001,7609.500000000001,7589.500000000001,stop,False,-267.0,250.0
2026-06-03,ESM6,failed_break|none|3,1,30,31,113,7593.000000000001,7581.250000000001,7581.500000000001,7627.500000000001,stop,False,-592.0,575.0
2026-06-04,ESM6,failed_break|none|3,-1,29,30,54,7559.000000000001,7569.250000000001,7569.000000000001,7529.000000000001,stop,False,-517.0,500.0
2026-06-05,ESM6,failed_break|none|3,1,45,46,55,7529.250000000001,7515.750000000001,7516.000000000001,7569.000000000001,stop,False,-679.5,662.5
2026-06-08,ESM6,failed_break|none|3,1,31,32,213,7443.250000000001,7427.250000000001,7427.500000000001,7490.500000000001,stop,False,-804.5,787.5
2026-06-09,ESM6,failed_break|none|3,-1,24,25,43,7473.250000000001,7441.750000000001,7483.750000000001,7441.750000000001,target,False,1570.5,525.0
2026-06-10,ESM6,failed_break|none|3,-1,20,21,53,7374.000000000001,7398.000000000001,7397.750000000001,7302.750000000001,stop,False,-1204.5,1187.5
2026-06-11,ESM6,failed_break|none|3,-1,18,19,21,7311.000000000001,7325.500000000001,7325.250000000001,7268.250000000001,stop,False,-729.5,712.5
2026-06-12,ESM6,failed_break|none|3,1,16,17,108,7374.750000000001,7451.250000000001,7349.250000000001,7451.250000000001,target,False,3820.5,1275.0
2026-06-15,ESU6,failed_break|none|3,-1,26,27,88,7616.000000000001,7625.000000000001,7624.750000000001,7589.750000000001,stop,False,-454.5,437.5
2026-06-16,ESU6,failed_break|none|3,1,30,31,49,7626.500000000001,7620.000000000001,7620.250000000001,7645.250000000001,stop,False,-329.5,312.5
2026-06-17,ESU6,failed_break|none|3,1,30,31,70,7585.000000000001,7577.250000000001,7577.500000000001,7607.500000000001,stop,False,-392.0,375.0
2026-06-23,ESU6,failed_break|none|3,-1,108,109,154,7445.500000000001,7461.750000000001,7461.500000000001,7397.500000000001,stop,False,-817.0,800.0
2026-06-24,ESU6,failed_break|none|3,-1,25,26,75,7459.500000000001,7474.750000000001,7474.500000000001,7414.500000000001,stop,False,-767.0,750.0
2026-06-25,ESU6,failed_break|none|3,1,36,37,195,7439.750000000001,7412.250000000001,7412.500000000001,7521.500000000001,stop,False,-1379.5,1362.5
2026-06-29,ESU6,failed_break|none|3,-1,16,17,43,7483.250000000001,7424.750000000001,7502.750000000001,7424.750000000001,target,False,2920.5,975.0
2026-07-02,ESU6,failed_break|none|3,-1,26,27,96,7583.000000000001,7535.000000000001,7599.000000000001,7535.000000000001,target,False,2395.5,800.0
2026-07-06,ESU6,failed_break|none|3,-1,48,49,60,7570.250000000001,7580.750000000001,7580.500000000001,7539.500000000001,stop,False,-529.5,512.5
2026-07-08,ESU6,failed_break|none|3,-1,17,18,80,7519.750000000001,7487.500000000001,7530.500000000001,7487.500000000001,target,False,1608.0,537.5
2026-07-09,ESU6,failed_break|none|3,-1,18,19,96,7554.000000000001,7568.750000000001,7568.500000000001,7510.500000000001,stop,False,-742.0,725.0
2026-07-10,ESU6,failed_break|none|3,-1,34,35,62,7603.250000000001,7581.500000000001,7610.500000000001,7581.500000000001,target,False,1083.0,362.5
2026-07-13,ESU6,failed_break|none|3,1,22,23,46,7595.250000000001,7587.250000000001,7587.500000000001,7618.500000000001,stop,False,-404.5,387.5
2026-07-14,ESU6,failed_break|none|3,-1,16,17,64,7582.750000000001,7593.750000000001,7593.500000000001,7550.500000000001,stop,False,-554.5,537.5
2026-07-15,ESU6,failed_break|none|3,1,25,26,54,7612.000000000001,7604.500000000001,7604.750000000001,7633.750000000001,stop,False,-379.5,362.5
2026-07-16,ESU6,failed_break|none|3,1,20,21,278,7585.750000000001,7573.250000000001,7573.500000000001,7622.500000000001,stop,False,-629.5,612.5
2026-07-21,ESU6,failed_break|none|3,-1,58,59,111,7528.750000000001,7541.500000000001,7541.250000000001,7491.250000000001,stop,False,-642.0,625.0
2026-07-22,ESU6,failed_break|none|3,-1,17,18,26,7538.500000000001,7545.750000000001,7545.500000000001,7517.500000000001,stop,False,-367.0,350.0
2026-07-23,ESU6,failed_break|none|3,1,87,88,104,7445.250000000001,7424.250000000001,7424.500000000001,7507.500000000001,stop,False,-1054.5,1037.5
2026-07-24,ESU6,failed_break|none|3,-1,20,21,44,7448.000000000001,7454.750000000001,7454.500000000001,7428.500000000001,stop,False,-342.0,325.0
2026-07-27,ESU6,failed_break|none|3,1,18,19,26,7496.250000000001,7485.250000000001,7485.500000000001,7528.500000000001,stop,False,-554.5,537.5
2026-07-28,ESU6,failed_break|none|3,1,18,19,116,7429.250000000001,7473.500000000001,7414.500000000001,7473.500000000001,target,False,2208.0,737.5
2026-07-30,ESU6,failed_break|none|3,-1,82,83,152,7419.500000000001,7430.750000000001,7430.500000000001,7386.500000000001,stop,False,-567.0,550.0
2026-07-31,ESU6,failed_break|none|3,1,83,84,114,7480.250000000001,7462.000000000001,7462.250000000001,7534.250000000001,stop,False,-917.0,900.0
2025-12-01,ESZ5,failed_break|vwap|2,-1,52,53,82,6827.25,6835.5,6835.25,6811.25,stop,False,-417.0,400.0
2025-12-04,ESZ5,failed_break|vwap|2,1,63,64,93,6860.5,6851.5,6851.75,6878.0,stop,False,-454.5,437.5
2025-12-05,ESZ5,failed_break|vwap|2,-1,86,87,90,6885.0,6891.5,6891.25,6872.5,stop,False,-329.5,312.5
2025-12-09,ESZ5,failed_break|vwap|2,-1,77,78,85,6856.75,6863.75,6863.5,6843.25,stop,False,-354.5,337.5
2025-12-11,ESZ5,failed_break|vwap|2,1,38,39,51,6862.25,6876.25,6855.25,6876.25,target,False,695.5,350.0
2025-12-16,ESH6,failed_break|vwap|2,-1,39,40,54,6865.5,6841.5,6877.5,6841.5,target,False,1195.5,600.0
2025-12-19,ESH6,failed_break|vwap|2,-1,77,78,120,6871.0,6886.5,6886.25,6840.5,stop,False,-779.5,762.5
2026-01-06,ESH6,failed_break|vwap|2,-1,94,95,102,6954.0,6958.75,6958.5,6945.0,stop,False,-242.0,225.0
2026-01-22,ESH6,failed_break|vwap|2,1,65,66,182,6947.0,6965.5,6937.75,6965.5,target,False,920.5,462.5
2026-01-26,ESH6,failed_break|vwap|2,-1,110,111,153,6975.75,6988.25,6988.0,6951.25,stop,False,-629.5,612.5
2026-02-04,ESH6,failed_break|vwap|2,1,53,54,63,6946.0,6934.25,6934.5,6969.0,stop,False,-592.0,575.0
2026-02-05,ESH6,failed_break|vwap|2,1,112,113,377,6834.0,6810.5,6810.75,6880.5,stop,False,-1179.5,1162.5
2026-02-06,ESH6,failed_break|vwap|2,-1,53,54,71,6883.0,6907.0,6906.75,6835.5,stop,False,-1204.5,1187.5
2026-02-10,ESH6,failed_break|vwap|2,-1,43,44,48,6988.5,6999.5,6999.25,6967.0,stop,False,-554.5,537.5
2026-02-17,ESH6,failed_break|vwap|2,1,95,96,113,6838.0,6866.0,6824.0,6866.0,target,False,1395.5,700.0
2026-02-19,ESH6,failed_break|vwap|2,-1,51,52,54,6874.5,6886.25,6886.0,6851.5,stop,False,-592.0,575.0
2026-02-20,ESH6,failed_break|vwap|2,-1,36,37,38,6878.0,6896.75,6896.5,6841.0,stop,False,-942.0,925.0
2026-03-03,ESH6,failed_break|vwap|2,1,94,95,135,6757.5,6797.5,6737.5,6797.5,target,False,1995.5,1000.0
2026-03-09,ESH6,failed_break|vwap|2,1,52,53,105,6670.25,6710.25,6650.25,6710.25,target,False,1995.5,1000.0
2026-03-11,ESH6,failed_break|vwap|2,1,28,29,30,6796.25,6809.75,6789.5,6809.75,target,False,670.5,337.5
2026-03-12,ESH6,failed_break|vwap|2,1,31,32,50,6718.5,6709.25,6709.5,6736.5,stop,False,-467.0,450.0
2026-03-16,ESM6,failed_break|vwap|2,-1,60,61,81,6760.75,6739.75,6771.25,6739.75,target,False,1045.5,525.0
2026-03-18,ESM6,failed_break|vwap|2,1,97,98,108,6742.5,6733.75,6734.0,6759.5,stop,False,-442.0,425.0
2026-03-19,ESM6,failed_break|vwap|2,-1,51,52,64,6631.75,6644.75,6644.5,6606.25,stop,False,-654.5,637.5
2026-03-25,ESM6,failed_break|vwap|2,1,63,64,99,6661.5,6649.25,6649.5,6685.5,stop,False,-617.0,600.0
2026-03-26,ESM6,failed_break|vwap|2,-1,73,74,166,6601.5,6577.5,6613.5,6577.5,target,False,1195.5,600.0
2026-03-27,ESM6,failed_break|vwap|2,1,79,80,175,6471.0,6456.0,6456.25,6500.5,stop,False,-754.5,737.5
2026-03-30,ESM6,failed_break|vwap|2,1,87,88,178,6437.5,6419.0,6419.25,6474.0,stop,False,-929.5,912.5
2026-03-31,ESM6,failed_break|vwap|2,-1,73,74,103,6469.25,6480.75,6480.5,6446.75,stop,False,-579.5,562.5
2026-04-06,ESM6,failed_break|vwap|2,-1,68,69,70,6632.0,6644.5,6644.25,6607.5,stop,False,-629.5,612.5
2026-04-07,ESM6,failed_break|vwap|2,1,63,64,73,6614.5,6600.25,6600.5,6642.5,stop,False,-717.0,700.0
2026-04-16,ESM6,failed_break|vwap|2,1,81,82,100,7062.5,7074.5,7056.5,7074.5,target,False,595.5,300.0
2026-04-22,ESM6,failed_break|vwap|2,-1,35,36,37,7147.75,7153.75,7153.5,7136.25,stop,False,-304.5,287.5
2026-05-01,ESM6,failed_break|vwap|2,-1,67,68,77,7275.5,7285.25,7285.0,7256.5,stop,False,-492.0,475.0
2026-05-04,ESM6,failed_break|vwap|2,-1,103,104,109,7252.5,7241.5,7258.0,7241.5,target,False,545.5,275.0
2026-05-05,ESM6,failed_break|vwap|2,-1,44,45,52,7272.0,7277.25,7277.0,7262.0,stop,False,-267.0,250.0
2026-05-11,ESM6,failed_break|vwap|2,-1,61,62,71,7424.750000000001,7434.750000000001,7434.500000000001,7405.250000000001,stop,False,-504.5,487.5
2026-05-21,ESM6,failed_break|vwap|2,-1,45,46,47,7422.750000000001,7429.750000000001,7429.500000000001,7409.250000000001,stop,False,-354.5,337.5
2026-05-26,ESM6,failed_break|vwap|2,-1,96,97,135,7540.250000000001,7524.250000000001,7548.250000000001,7524.250000000001,target,False,795.5,400.0
2026-06-03,ESM6,failed_break|vwap|2,1,40,41,112,7594.250000000001,7582.500000000001,7582.750000000001,7617.250000000001,stop,False,-592.0,575.0
2026-06-05,ESM6,failed_break|vwap|2,1,45,46,55,7529.250000000001,7515.750000000001,7516.000000000001,7555.750000000001,stop,False,-679.5,662.5
2026-06-10,ESM6,failed_break|vwap|2,-1,74,75,102,7376.250000000001,7328.750000000001,7400.000000000001,7328.750000000001,target,False,2370.5,1187.5
2026-06-11,ESM6,failed_break|vwap|2,-1,40,41,86,7306.750000000001,7278.250000000001,7321.000000000001,7278.250000000001,target,False,1420.5,712.5
2026-06-23,ESU6,failed_break|vwap|2,-1,108,109,154,7445.500000000001,7461.750000000001,7461.500000000001,7413.500000000001,stop,False,-817.0,800.0
2026-06-25,ESU6,failed_break|vwap|2,1,36,37,195,7439.750000000001,7412.250000000001,7412.500000000001,7494.250000000001,stop,False,-1379.5,1362.5
2026-07-10,ESU6,failed_break|vwap|2,1,74,75,85,7593.750000000001,7586.250000000001,7586.500000000001,7608.250000000001,stop,False,-379.5,362.5
2026-07-13,ESU6,failed_break|vwap|2,1,54,55,67,7598.750000000001,7590.750000000001,7591.000000000001,7614.250000000001,stop,False,-404.5,387.5
2026-07-15,ESU6,failed_break|vwap|2,1,27,28,54,7613.750000000001,7606.250000000001,7606.500000000001,7628.250000000001,stop,False,-379.5,362.5
2026-07-22,ESU6,failed_break|vwap|2,-1,53,54,90,7537.250000000001,7544.500000000001,7544.250000000001,7523.250000000001,stop,False,-367.0,350.0
2026-07-24,ESU6,failed_break|vwap|2,-1,20,21,25,7448.000000000001,7435.000000000001,7454.500000000001,7435.000000000001,target,False,645.5,325.0
2026-07-30,ESU6,failed_break|vwap|2,-1,82,83,152,7419.500000000001,7430.750000000001,7430.500000000001,7397.500000000001,stop,False,-567.0,550.0
2026-07-31,ESU6,failed_break|vwap|2,1,83,84,114,7480.250000000001,7462.000000000001,7462.250000000001,7516.250000000001,stop,False,-917.0,900.0
2025-12-01,ESZ5,failed_break|vwap|3,-1,52,53,82,6827.25,6835.5,6835.25,6803.25,stop,False,-417.0,400.0
2025-12-04,ESZ5,failed_break|vwap|3,1,63,64,93,6860.5,6851.5,6851.75,6886.75,stop,False,-454.5,437.5
2025-12-05,ESZ5,failed_break|vwap|3,-1,86,87,90,6885.0,6891.5,6891.25,6866.25,stop,False,-329.5,312.5
2025-12-09,ESZ5,failed_break|vwap|3,-1,77,78,85,6856.75,6863.75,6863.5,6836.5,stop,False,-354.5,337.5
2025-12-11,ESZ5,failed_break|vwap|3,1,38,39,57,6862.25,6883.25,6855.25,6883.25,target,False,1045.5,350.0
2025-12-16,ESH6,failed_break|vwap|3,-1,39,40,201,6865.5,6829.5,6877.5,6829.5,target,False,1795.5,600.0
2025-12-19,ESH6,failed_break|vwap|3,-1,77,78,120,6871.0,6886.5,6886.25,6825.25,stop,False,-779.5,762.5
2026-01-06,ESH6,failed_break|vwap|3,-1,94,95,102,6954.0,6958.75,6958.5,6940.5,stop,False,-242.0,225.0
2026-01-22,ESH6,failed_break|vwap|3,1,65,66,360,6947.0,6937.5,6937.75,6974.75,stop,False,-479.5,462.5
2026-01-26,ESH6,failed_break|vwap|3,-1,110,111,153,6975.75,6988.25,6988.0,6939.0,stop,False,-629.5,612.5
2026-02-04,ESH6,failed_break|vwap|3,1,53,54,63,6946.0,6934.25,6934.5,6980.5,stop,False,-592.0,575.0
2026-02-05,ESH6,failed_break|vwap|3,1,112,113,377,6834.0,6810.5,6810.75,6903.75,stop,False,-1179.5,1162.5
2026-02-06,ESH6,failed_break|vwap|3,-1,53,54,71,6883.0,6907.0,6906.75,6811.75,stop,False,-1204.5,1187.5
2026-02-10,ESH6,failed_break|vwap|3,-1,43,44,48,6988.5,6999.5,6999.25,6956.25,stop,False,-554.5,537.5
2026-02-17,ESH6,failed_break|vwap|3,1,95,96,265,6838.0,6880.0,6824.0,6880.0,target,False,2095.5,700.0
2026-02-19,ESH6,failed_break|vwap|3,-1,51,52,54,6874.5,6886.25,6886.0,6840.0,stop,False,-592.0,575.0
2026-02-20,ESH6,failed_break|vwap|3,-1,36,37,38,6878.0,6896.75,6896.5,6822.5,stop,False,-942.0,925.0
2026-03-03,ESH6,failed_break|vwap|3,1,94,95,230,6757.5,6817.5,6737.5,6817.5,target,False,2995.5,1000.0
2026-03-09,ESH6,failed_break|vwap|3,1,52,53,176,6670.25,6730.25,6650.25,6730.25,target,False,2995.5,1000.0
2026-03-11,ESH6,failed_break|vwap|3,1,28,29,31,6796.25,6816.5,6789.5,6816.5,target,False,1008.0,337.5
2026-03-12,ESH6,failed_break|vwap|3,1,31,32,50,6718.5,6709.25,6709.5,6745.5,stop,False,-467.0,450.0
2026-03-16,ESM6,failed_break|vwap|3,-1,60,61,339,6760.75,6771.5,6771.25,6729.25,stop,False,-542.0,525.0
2026-03-18,ESM6,failed_break|vwap|3,1,97,98,108,6742.5,6733.75,6734.0,6768.0,stop,False,-442.0,425.0
2026-03-19,ESM6,failed_break|vwap|3,-1,51,52,64,6631.75,6644.75,6644.5,6593.5,stop,False,-654.5,637.5
2026-03-25,ESM6,failed_break|vwap|3,1,63,64,99,6661.5,6649.25,6649.5,6697.5,stop,False,-617.0,600.0
2026-03-26,ESM6,failed_break|vwap|3,-1,73,74,178,6601.5,6565.5,6613.5,6565.5,target,False,1795.5,600.0
2026-03-27,ESM6,failed_break|vwap|3,1,79,80,175,6471.0,6456.0,6456.25,6515.25,stop,False,-754.5,737.5
2026-03-30,ESM6,failed_break|vwap|3,1,87,88,178,6437.5,6419.0,6419.25,6492.25,stop,False,-929.5,912.5
2026-03-31,ESM6,failed_break|vwap|3,-1,73,74,103,6469.25,6480.75,6480.5,6435.5,stop,False,-579.5,562.5
2026-04-06,ESM6,failed_break|vwap|3,-1,68,69,70,6632.0,6644.5,6644.25,6595.25,stop,False,-629.5,612.5
2026-04-07,ESM6,failed_break|vwap|3,1,63,64,73,6614.5,6600.25,6600.5,6656.5,stop,False,-717.0,700.0
2026-04-16,ESM6,failed_break|vwap|3,1,81,82,105,7062.5,7080.5,7056.5,7080.5,target,False,895.5,300.0
2026-04-22,ESM6,failed_break|vwap|3,-1,35,36,37,7147.75,7153.75,7153.5,7130.5,stop,False,-304.5,287.5
2026-05-01,ESM6,failed_break|vwap|3,-1,67,68,77,7275.5,7285.25,7285.0,7247.0,stop,False,-492.0,475.0
2026-05-04,ESM6,failed_break|vwap|3,-1,103,104,109,7252.5,7236.0,7258.0,7236.0,target,False,820.5,275.0
2026-05-05,ESM6,failed_break|vwap|3,-1,44,45,52,7272.0,7277.25,7277.0,7257.0,stop,False,-267.0,250.0
2026-05-11,ESM6,failed_break|vwap|3,-1,61,62,71,7424.750000000001,7434.750000000001,7434.500000000001,7395.500000000001,stop,False,-504.5,487.5
2026-05-21,ESM6,failed_break|vwap|3,-1,45,46,47,7422.750000000001,7429.750000000001,7429.500000000001,7402.500000000001,stop,False,-354.5,337.5
2026-05-26,ESM6,failed_break|vwap|3,-1,96,97,388,7540.250000000001,7539.250000000001,7548.250000000001,7516.250000000001,flatten,False,45.5,400.0
2026-06-03,ESM6,failed_break|vwap|3,1,40,41,112,7594.250000000001,7582.500000000001,7582.750000000001,7628.750000000001,stop,False,-592.0,575.0
2026-06-05,ESM6,failed_break|vwap|3,1,45,46,55,7529.250000000001,7515.750000000001,7516.000000000001,7569.000000000001,stop,False,-679.5,662.5
2026-06-10,ESM6,failed_break|vwap|3,-1,74,75,242,7376.250000000001,7305.000000000001,7400.000000000001,7305.000000000001,target,False,3558.0,1187.5
2026-06-11,ESM6,failed_break|vwap|3,-1,40,41,91,7306.750000000001,7264.000000000001,7321.000000000001,7264.000000000001,target,False,2133.0,712.5
2026-06-23,ESU6,failed_break|vwap|3,-1,108,109,154,7445.500000000001,7461.750000000001,7461.500000000001,7397.500000000001,stop,False,-817.0,800.0
2026-06-25,ESU6,failed_break|vwap|3,1,36,37,195,7439.750000000001,7412.250000000001,7412.500000000001,7521.500000000001,stop,False,-1379.5,1362.5
2026-07-10,ESU6,failed_break|vwap|3,1,74,75,85,7593.750000000001,7586.250000000001,7586.500000000001,7615.500000000001,stop,False,-379.5,362.5
2026-07-13,ESU6,failed_break|vwap|3,1,54,55,67,7598.750000000001,7590.750000000001,7591.000000000001,7622.000000000001,stop,False,-404.5,387.5
2026-07-15,ESU6,failed_break|vwap|3,1,27,28,54,7613.750000000001,7606.250000000001,7606.500000000001,7635.500000000001,stop,False,-379.5,362.5
2026-07-22,ESU6,failed_break|vwap|3,-1,53,54,90,7537.250000000001,7544.500000000001,7544.250000000001,7516.250000000001,stop,False,-367.0,350.0
2026-07-24,ESU6,failed_break|vwap|3,-1,20,21,44,7448.000000000001,7454.750000000001,7454.500000000001,7428.500000000001,stop,False,-342.0,325.0
2026-07-30,ESU6,failed_break|vwap|3,-1,82,83,152,7419.500000000001,7430.750000000001,7430.500000000001,7386.500000000001,stop,False,-567.0,550.0
2026-07-31,ESU6,failed_break|vwap|3,1,83,84,114,7480.250000000001,7462.000000000001,7462.250000000001,7534.250000000001,stop,False,-917.0,900.0
2025-12-02,ESZ5,failed_break|flow|2,-1,40,41,59,6852.5,6839.0,6859.25,6839.0,target,False,670.5,337.5
2025-12-03,ESZ5,failed_break|flow|2,-1,36,37,63,6838.0,6846.25,6846.0,6822.0,stop,False,-417.0,400.0
2025-12-04,ESZ5,failed_break|flow|2,1,52,53,55,6860.5,6851.5,6851.75,6878.0,stop,False,-454.5,437.5
2025-12-05,ESZ5,failed_break|flow|2,-1,86,87,90,6885.0,6891.5,6891.25,6872.5,stop,False,-329.5,312.5
2025-12-09,ESZ5,failed_break|flow|2,-1,27,28,32,6860.0,6867.0,6866.75,6846.5,stop,False,-354.5,337.5
2025-12-10,ESZ5,failed_break|flow|2,-1,21,22,204,6847.75,6857.0,6856.75,6829.75,stop,False,-467.0,450.0
2025-12-11,ESZ5,failed_break|flow|2,1,38,39,51,6862.25,6876.25,6855.25,6876.25,target,False,695.5,350.0
2025-12-15,ESH6,failed_break|flow|2,1,19,20,27,6909.25,6897.5,6897.75,6932.25,stop,False,-592.0,575.0
2025-12-16,ESH6,failed_break|flow|2,-1,22,23,50,6872.25,6848.25,6884.25,6848.25,target,False,1195.5,600.0
2025-12-17,ESH6,failed_break|flow|2,1,19,20,65,6851.5,6839.0,6839.25,6876.0,stop,False,-629.5,612.5
2025-12-19,ESH6,failed_break|flow|2,-1,18,19,167,6873.75,6889.25,6889.0,6843.25,stop,False,-779.5,762.5
2025-12-22,ESH6,failed_break|flow|2,1,70,71,104,6912.25,6928.25,6904.25,6928.25,target,False,795.5,400.0
2025-12-23,ESH6,failed_break|flow|2,-1,24,25,91,6937.0,6947.25,6947.0,6917.0,stop,False,-517.0,500.0
2025-12-26,ESH6,failed_break|flow|2,1,34,35,158,6979.75,6972.5,6972.75,6993.75,stop,False,-367.0,350.0
2025-12-29,ESH6,failed_break|flow|2,1,101,102,176,6948.75,6938.25,6938.5,6969.25,stop,False,-529.5,512.5
2025-12-30,ESH6,failed_break|flow|2,1,16,17,20,6949.25,6957.25,6945.25,6957.25,target,False,395.5,200.0
2025-12-31,ESH6,failed_break|flow|2,1,21,22,48,6932.25,6923.0,6923.25,6950.25,stop,False,-467.0,450.0
2026-01-02,ESH6,failed_break|flow|2,-1,23,24,45,6932.25,6911.25,6942.75,6911.25,target,False,1045.5,525.0
2026-01-06,ESH6,failed_break|flow|2,-1,94,95,102,6954.0,6958.75,6958.5,6945.0,stop,False,-242.0,225.0
2026-01-07,ESH6,failed_break|flow|2,-1,19,20,44,6994.0,6983.0,6999.5,6983.0,target,False,545.5,275.0
2026-01-08,ESH6,failed_break|flow|2,-1,65,66,136,6958.0,6967.0,6966.75,6940.5,stop,False,-454.5,437.5
2026-01-09,ESH6,failed_break|flow|2,1,42,43,55,6972.5,6991.0,6963.25,6991.0,target,False,920.5,462.5
2026-01-12,ESH6,failed_break|flow|2,-1,63,64,102,6993.5,7007.25,7007.0,6966.5,stop,False,-692.0,675.0
2026-01-13,ESH6,failed_break|flow|2,1,23,24,24,7012.5,7006.0,7006.25,7025.0,stop,False,-329.5,312.5
2026-01-14,ESH6,failed_break|flow|2,1,16,17,29,6961.25,6949.0,6949.25,6985.25,stop,False,-617.0,600.0
2026-01-15,ESH6,failed_break|flow|2,1,23,24,80,7000.5,6994.25,6994.5,7012.5,stop,False,-317.0,300.0
2026-01-20,ESH6,failed_break|flow|2,1,43,44,54,6871.5,6890.5,6862.0,6890.5,target,False,945.5,475.0
2026-01-22,ESH6,failed_break|flow|2,1,72,73,200,6948.25,6966.75,6939.0,6966.75,target,False,920.5,462.5
2026-01-23,ESH6,failed_break|flow|2,-1,43,44,52,6939.75,6947.75,6947.5,6924.25,stop,False,-404.5,387.5
2026-01-26,ESH6,failed_break|flow|2,-1,19,20,51,6975.5,6988.0,6987.75,6951.0,stop,False,-629.5,612.5
2026-01-29,ESH6,failed_break|flow|2,1,18,19,28,6990.0,6970.25,6970.5,7029.0,stop,False,-992.0,975.0
2026-01-30,ESH6,failed_break|flow|2,-1,79,80,108,6983.5,6959.0,6995.75,6959.0,target,False,1220.5,612.5
2026-02-02,ESH6,failed_break|flow|2,-1,17,18,36,6973.0,6990.0,6989.75,6939.5,stop,False,-854.5,837.5
2026-02-04,ESH6,failed_break|flow|2,-1,19,20,28,6955.5,6932.5,6967.0,6932.5,target,False,1145.5,575.0
2026-02-05,ESH6,failed_break|flow|2,1,39,40,56,6832.5,6809.0,6809.25,6879.0,stop,False,-1179.5,1162.5
2026-02-06,ESH6,failed_break|flow|2,-1,19,20,125,6897.0,6921.0,6920.75,6849.5,stop,False,-1204.5,1187.5
2026-02-10,ESH6,failed_break|flow|2,-1,43,44,48,6988.5,6999.5,6999.25,6967.0,stop,False,-554.5,537.5
2026-02-13,ESH6,failed_break|flow|2,-1,42,43,133,6855.75,6881.5,6881.25,6804.75,stop,False,-1292.0,1275.0
2026-02-17,ESH6,failed_break|flow|2,1,95,96,113,6838.0,6866.0,6824.0,6866.0,target,False,1395.5,700.0
2026-02-19,ESH6,failed_break|flow|2,-1,30,31,33,6879.75,6891.5,6891.25,6856.75,stop,False,-592.0,575.0
2026-02-20,ESH6,failed_break|flow|2,-1,36,37,38,6878.0,6896.75,6896.5,6841.0,stop,False,-942.0,925.0
2026-02-23,ESH6,failed_break|flow|2,1,20,21,26,6908.5,6895.25,6895.5,6934.5,stop,False,-667.0,650.0
2026-02-24,ESH6,failed_break|flow|2,-1,23,24,59,6870.75,6893.25,6893.0,6826.25,stop,False,-1129.5,1112.5
2026-02-25,ESH6,failed_break|flow|2,-1,23,24,136,6942.75,6949.75,6949.5,6929.25,stop,False,-354.5,337.5
2026-02-27,ESH6,failed_break|flow|2,-1,46,47,67,6866.75,6880.0,6879.75,6840.75,stop,False,-667.0,650.0
2026-03-02,ESH6,failed_break|flow|2,-1,22,23,33,6845.25,6867.75,6867.5,6800.75,stop,False,-1129.5,1112.5
2026-03-03,ESH6,failed_break|flow|2,1,21,22,48,6754.75,6734.5,6734.75,6794.75,stop,False,-1017.0,1000.0
2026-03-04,ESH6,failed_break|flow|2,1,16,17,49,6829.5,6864.5,6812.0,6864.5,target,False,1745.5,875.0
2026-03-05,ESH6,failed_break|flow|2,-1,33,34,52,6865.75,6839.25,6879.0,6839.25,target,False,1320.5,662.5
2026-03-06,ESH6,failed_break|flow|2,1,29,30,61,6727.75,6764.75,6709.25,6764.75,target,False,1845.5,925.0
2026-03-09,ESH6,failed_break|flow|2,1,46,47,77,6654.25,6694.25,6634.25,6694.25,target,False,1995.5,1000.0
2026-03-10,ESH6,failed_break|flow|2,1,49,50,67,6780.25,6810.75,6765.0,6810.75,target,False,1520.5,762.5
2026-03-11,ESH6,failed_break|flow|2,1,28,29,30,6796.25,6809.75,6789.5,6809.75,target,False,670.5,337.5
2026-03-12,ESH6,failed_break|flow|2,1,19,20,23,6717.5,6708.25,6708.5,6735.5,stop,False,-467.0,450.0
2026-03-13,ESH6,failed_break|flow|2,-1,18,19,47,6728.5,6698.0,6743.75,6698.0,target,False,1520.5,762.5
2026-03-16,ESM6,failed_break|flow|2,-1,18,19,28,6761.25,6772.0,6771.75,6740.25,stop,False,-542.0,525.0
2026-03-17,ESM6,failed_break|flow|2,-1,20,21,47,6803.0,6782.0,6813.5,6782.0,target,False,1045.5,525.0
2026-03-18,ESM6,failed_break|flow|2,1,97,98,108,6742.5,6733.75,6734.0,6759.5,stop,False,-442.0,425.0
2026-03-19,ESM6,failed_break|flow|2,-1,68,69,95,6635.0,6648.0,6647.75,6609.5,stop,False,-654.5,637.5
2026-03-23,ESM6,failed_break|flow|2,-1,24,25,51,6673.0,6691.25,6691.0,6637.0,stop,False,-917.0,900.0
2026-03-24,ESM6,failed_break|flow|2,-1,66,67,76,6600.75,6617.25,6617.0,6568.25,stop,False,-829.5,812.5
2026-03-25,ESM6,failed_break|flow|2,1,63,64,99,6661.5,6649.25,6649.5,6685.5,stop,False,-617.0,600.0
2026-03-26,ESM6,failed_break|flow|2,-1,73,74,166,6601.5,6577.5,6613.5,6577.5,target,False,1195.5,600.0
2026-03-27,ESM6,failed_break|flow|2,1,42,43,76,6467.0,6452.0,6452.25,6496.5,stop,False,-754.5,737.5
2026-03-30,ESM6,failed_break|flow|2,1,87,88,178,6437.5,6419.0,6419.25,6474.0,stop,False,-929.5,912.5
2026-03-31,ESM6,failed_break|flow|2,-1,73,74,103,6469.25,6480.75,6480.5,6446.75,stop,False,-579.5,562.5
2026-04-06,ESM6,failed_break|flow|2,-1,68,69,70,6632.0,6644.5,6644.25,6607.5,stop,False,-629.5,612.5
2026-04-07,ESM6,failed_break|flow|2,1,22,23,30,6612.75,6598.5,6598.75,6640.75,stop,False,-717.0,700.0
2026-04-09,ESM6,failed_break|flow|2,1,50,51,57,6810.75,6804.0,6804.25,6823.75,stop,False,-342.0,325.0
2026-04-10,ESM6,failed_break|flow|2,1,42,43,130,6870.25,6862.5,6862.75,6885.25,stop,False,-392.0,375.0
2026-04-15,ESM6,failed_break|flow|2,-1,69,70,80,7021.75,7032.5,7032.25,7000.75,stop,False,-542.0,525.0
2026-04-16,ESM6,failed_break|flow|2,1,81,82,100,7062.5,7074.5,7056.5,7074.5,target,False,595.5,300.0
2026-04-20,ESM6,failed_break|flow|2,-1,33,34,71,7153.5,7141.0,7159.75,7141.0,target,False,620.5,312.5
2026-04-21,ESM6,failed_break|flow|2,-1,53,54,87,7162.25,7145.25,7170.75,7145.25,target,False,845.5,425.0
2026-04-22,ESM6,failed_break|flow|2,-1,35,36,37,7147.75,7153.75,7153.5,7136.25,stop,False,-304.5,287.5
2026-04-23,ESM6,failed_break|flow|2,-1,20,21,62,7162.0,7169.25,7169.0,7148.0,stop,False,-367.0,350.0
2026-04-24,ESM6,failed_break|flow|2,1,27,28,76,7152.75,7168.75,7144.75,7168.75,target,False,795.5,400.0
2026-04-27,ESM6,failed_break|flow|2,1,118,119,233,7183.5,7199.0,7175.75,7199.0,target,False,770.5,387.5
2026-04-28,ESM6,failed_break|flow|2,1,90,91,120,7162.25,7151.25,7151.5,7183.75,stop,False,-554.5,537.5
2026-04-29,ESM6,failed_break|flow|2,-1,93,94,143,7163.0,7150.5,7169.25,7150.5,target,False,620.5,312.5
2026-04-30,ESM6,failed_break|flow|2,1,30,31,146,7170.0,7204.0,7153.0,7204.0,target,False,1695.5,850.0
2026-05-01,ESM6,failed_break|flow|2,-1,67,68,77,7275.5,7285.25,7285.0,7256.5,stop,False,-492.0,475.0
2026-05-04,ESM6,failed_break|flow|2,-1,25,26,42,7253.0,7258.75,7258.5,7242.0,stop,False,-292.0,275.0
2026-05-05,ESM6,failed_break|flow|2,-1,24,25,36,7272.5,7277.75,7277.5,7262.5,stop,False,-267.0,250.0
2026-05-06,ESM6,failed_break|flow|2,-1,26,27,54,7343.250000000001,7352.500000000001,7352.250000000001,7325.250000000001,stop,False,-467.0,450.0
2026-05-07,ESM6,failed_break|flow|2,1,25,26,70,7390.250000000001,7400.750000000001,7385.000000000001,7400.750000000001,target,False,520.5,262.5
2026-05-11,ESM6,failed_break|flow|2,-1,61,62,71,7424.750000000001,7434.750000000001,7434.500000000001,7405.250000000001,stop,False,-504.5,487.5
2026-05-12,ESM6,failed_break|flow|2,1,43,44,58,7402.500000000001,7393.500000000001,7393.750000000001,7420.000000000001,stop,False,-454.5,437.5
2026-05-13,ESM6,failed_break|flow|2,1,22,23,55,7411.250000000001,7431.250000000001,7401.250000000001,7431.250000000001,target,False,995.5,500.0
2026-05-14,ESM6,failed_break|flow|2,-1,18,19,50,7496.750000000001,7507.500000000001,7507.250000000001,7475.750000000001,stop,False,-542.0,525.0
2026-05-15,ESM6,failed_break|flow|2,-1,54,55,388,7459.250000000001,7433.500000000001,7476.750000000001,7424.250000000001,flatten,False,1283.0,875.0
2026-05-18,ESM6,failed_break|flow|2,-1,30,31,63,7440.250000000001,7418.750000000001,7451.000000000001,7418.750000000001,target,False,1070.5,537.5
2026-05-19,ESM6,failed_break|flow|2,-1,28,29,37,7395.250000000001,7372.750000000001,7406.500000000001,7372.750000000001,target,False,1120.5,562.5
2026-05-20,ESM6,failed_break|flow|2,-1,19,20,43,7398.250000000001,7378.750000000001,7408.000000000001,7378.750000000001,target,False,970.5,487.5
2026-05-21,ESM6,failed_break|flow|2,-1,45,46,47,7422.750000000001,7429.750000000001,7429.500000000001,7409.250000000001,stop,False,-354.5,337.5
2026-05-22,ESM6,failed_break|flow|2,1,61,62,238,7491.750000000001,7517.250000000001,7479.000000000001,7517.250000000001,target,False,1270.5,637.5
2026-05-26,ESM6,failed_break|flow|2,-1,20,21,34,7537.000000000001,7545.250000000001,7545.000000000001,7521.000000000001,stop,False,-417.0,400.0
2026-05-27,ESM6,failed_break|flow|2,1,114,115,138,7527.500000000001,7516.750000000001,7517.000000000001,7548.500000000001,stop,False,-542.0,525.0
2026-05-28,ESM6,failed_break|flow|2,-1,32,33,42,7536.250000000001,7542.500000000001,7542.250000000001,7524.250000000001,stop,False,-317.0,300.0
2026-05-29,ESM6,failed_break|flow|2,-1,38,39,72,7603.500000000001,7584.000000000001,7613.250000000001,7584.000000000001,target,False,970.5,487.5
2026-06-02,ESM6,failed_break|flow|2,-1,37,38,41,7604.500000000001,7609.750000000001,7609.500000000001,7594.500000000001,stop,False,-267.0,250.0
2026-06-03,ESM6,failed_break|flow|2,1,30,31,113,7593.000000000001,7581.250000000001,7581.500000000001,7616.000000000001,stop,False,-592.0,575.0
2026-06-04,ESM6,failed_break|flow|2,-1,48,49,90,7560.750000000001,7571.000000000001,7570.750000000001,7540.750000000001,stop,False,-517.0,500.0
2026-06-05,ESM6,failed_break|flow|2,1,64,65,77,7528.500000000001,7515.000000000001,7515.250000000001,7555.000000000001,stop,False,-679.5,662.5
2026-06-08,ESM6,failed_break|flow|2,1,36,37,212,7446.250000000001,7430.250000000001,7430.500000000001,7477.750000000001,stop,False,-804.5,787.5
2026-06-09,ESM6,failed_break|flow|2,-1,24,25,40,7473.250000000001,7452.250000000001,7483.750000000001,7452.250000000001,target,False,1045.5,525.0
2026-06-10,ESM6,failed_break|flow|2,-1,28,29,54,7380.750000000001,7404.750000000001,7404.500000000001,7333.250000000001,stop,False,-1204.5,1187.5
2026-06-11,ESM6,failed_break|flow|2,-1,40,41,86,7306.750000000001,7278.250000000001,7321.000000000001,7278.250000000001,target,False,1420.5,712.5
2026-06-12,ESM6,failed_break|flow|2,1,16,17,47,7374.750000000001,7425.750000000001,7349.250000000001,7425.750000000001,target,False,2545.5,1275.0
2026-06-15,ESU6,failed_break|flow|2,-1,29,30,87,7614.000000000001,7623.000000000001,7622.750000000001,7596.500000000001,stop,False,-454.5,437.5
2026-06-16,ESU6,failed_break|flow|2,1,30,31,49,7626.500000000001,7620.000000000001,7620.250000000001,7639.000000000001,stop,False,-329.5,312.5
2026-06-17,ESU6,failed_break|flow|2,1,33,34,54,7587.500000000001,7602.500000000001,7580.000000000001,7602.500000000001,target,False,745.5,375.0
2026-06-23,ESU6,failed_break|flow|2,-1,108,109,154,7445.500000000001,7461.750000000001,7461.500000000001,7413.500000000001,stop,False,-817.0,800.0
2026-06-24,ESU6,failed_break|flow|2,-1,25,26,75,7459.500000000001,7474.750000000001,7474.500000000001,7429.500000000001,stop,False,-767.0,750.0
2026-06-25,ESU6,failed_break|flow|2,1,47,48,273,7436.750000000001,7409.250000000001,7409.500000000001,7491.250000000001,stop,False,-1379.5,1362.5
2026-06-29,ESU6,failed_break|flow|2,-1,19,20,37,7479.000000000001,7440.000000000001,7498.500000000001,7440.000000000001,target,False,1945.5,975.0
2026-07-02,ESU6,failed_break|flow|2,-1,26,27,72,7583.000000000001,7551.000000000001,7599.000000000001,7551.000000000001,target,False,1595.5,800.0
2026-07-06,ESU6,failed_break|flow|2,-1,48,49,60,7570.250000000001,7580.750000000001,7580.500000000001,7549.750000000001,stop,False,-529.5,512.5
2026-07-08,ESU6,failed_break|flow|2,1,71,72,77,7502.500000000001,7491.500000000001,7491.750000000001,7524.000000000001,stop,False,-554.5,537.5
2026-07-09,ESU6,failed_break|flow|2,-1,18,19,96,7554.000000000001,7568.750000000001,7568.500000000001,7525.000000000001,stop,False,-742.0,725.0
2026-07-10,ESU6,failed_break|flow|2,1,68,69,86,7591.500000000001,7584.000000000001,7584.250000000001,7606.000000000001,stop,False,-379.5,362.5
2026-07-13,ESU6,failed_break|flow|2,1,54,55,67,7598.750000000001,7590.750000000001,7591.000000000001,7614.250000000001,stop,False,-404.5,387.5
2026-07-14,ESU6,failed_break|flow|2,1,48,49,63,7564.500000000001,7586.000000000001,7553.750000000001,7586.000000000001,target,False,1070.5,537.5
2026-07-15,ESU6,failed_break|flow|2,1,25,26,54,7612.000000000001,7604.500000000001,7604.750000000001,7626.500000000001,stop,False,-379.5,362.5
2026-07-16,ESU6,failed_break|flow|2,-1,51,52,75,7602.750000000001,7615.250000000001,7615.000000000001,7578.250000000001,stop,False,-629.5,612.5
2026-07-21,ESU6,failed_break|flow|2,-1,58,59,111,7528.750000000001,7541.500000000001,7541.250000000001,7503.750000000001,stop,False,-642.0,625.0
2026-07-22,ESU6,failed_break|flow|2,-1,19,20,26,7539.000000000001,7546.250000000001,7546.000000000001,7525.000000000001,stop,False,-367.0,350.0
2026-07-24,ESU6,failed_break|flow|2,-1,20,21,25,7448.000000000001,7435.000000000001,7454.500000000001,7435.000000000001,target,False,645.5,325.0
2026-07-28,ESU6,failed_break|flow|2,-1,82,83,110,7449.750000000001,7464.750000000001,7464.500000000001,7420.250000000001,stop,False,-754.5,737.5
2026-07-30,ESU6,failed_break|flow|2,-1,82,83,152,7419.500000000001,7430.750000000001,7430.500000000001,7397.500000000001,stop,False,-567.0,550.0
2026-07-31,ESU6,failed_break|flow|2,1,83,84,114,7480.250000000001,7462.000000000001,7462.250000000001,7516.250000000001,stop,False,-917.0,900.0
2025-12-02,ESZ5,failed_break|flow|3,-1,40,41,80,6852.5,6859.5,6859.25,6832.25,stop,False,-354.5,337.5
2025-12-03,ESZ5,failed_break|flow|3,-1,36,37,63,6838.0,6846.25,6846.0,6814.0,stop,False,-417.0,400.0
2025-12-04,ESZ5,failed_break|flow|3,1,52,53,55,6860.5,6851.5,6851.75,6886.75,stop,False,-454.5,437.5
2025-12-05,ESZ5,failed_break|flow|3,-1,86,87,90,6885.0,6891.5,6891.25,6866.25,stop,False,-329.5,312.5
2025-12-09,ESZ5,failed_break|flow|3,-1,27,28,32,6860.0,6867.0,6866.75,6839.75,stop,False,-354.5,337.5
2025-12-10,ESZ5,failed_break|flow|3,-1,21,22,204,6847.75,6857.0,6856.75,6820.75,stop,False,-467.0,450.0
2025-12-11,ESZ5,failed_break|flow|3,1,38,39,57,6862.25,6883.25,6855.25,6883.25,target,False,1045.5,350.0
2025-12-15,ESH6,failed_break|flow|3,1,19,20,27,6909.25,6897.5,6897.75,6943.75,stop,False,-592.0,575.0
2025-12-16,ESH6,failed_break|flow|3,-1,22,23,55,6872.25,6836.25,6884.25,6836.25,target,False,1795.5,600.0
2025-12-17,ESH6,failed_break|flow|3,1,19,20,65,6851.5,6839.0,6839.25,6888.25,stop,False,-629.5,612.5
2025-12-19,ESH6,failed_break|flow|3,-1,18,19,167,6873.75,6889.25,6889.0,6828.0,stop,False,-779.5,762.5
2025-12-22,ESH6,failed_break|flow|3,1,70,71,388,6912.25,6931.0,6904.25,6936.25,flatten,False,933.0,400.0
2025-12-23,ESH6,failed_break|flow|3,-1,24,25,91,6937.0,6947.25,6947.0,6907.0,stop,False,-517.0,500.0
2025-12-26,ESH6,failed_break|flow|3,1,34,35,158,6979.75,6972.5,6972.75,7000.75,stop,False,-367.0,350.0
2025-12-29,ESH6,failed_break|flow|3,1,101,102,176,6948.75,6938.25,6938.5,6979.5,stop,False,-529.5,512.5
2025-12-30,ESH6,failed_break|flow|3,1,16,17,43,6949.25,6945.0,6945.25,6961.25,stop,False,-217.0,200.0
2025-12-31,ESH6,failed_break|flow|3,1,21,22,48,6932.25,6923.0,6923.25,6959.25,stop,False,-467.0,450.0
2026-01-02,ESH6,failed_break|flow|3,-1,23,24,50,6932.25,6900.75,6942.75,6900.75,target,False,1570.5,525.0
2026-01-06,ESH6,failed_break|flow|3,-1,94,95,102,6954.0,6958.75,6958.5,6940.5,stop,False,-242.0,225.0
2026-01-07,ESH6,failed_break|flow|3,-1,19,20,69,6994.0,6977.5,6999.5,6977.5,target,False,820.5,275.0
2026-01-08,ESH6,failed_break|flow|3,-1,65,66,136,6958.0,6967.0,6966.75,6931.75,stop,False,-454.5,437.5
2026-01-09,ESH6,failed_break|flow|3,1,42,43,103,6972.5,7000.25,6963.25,7000.25,target,False,1383.0,462.5
2026-01-12,ESH6,failed_break|flow|3,-1,63,64,102,6993.5,7007.25,7007.0,6953.0,stop,False,-692.0,675.0
2026-01-13,ESH6,failed_break|flow|3,1,23,24,24,7012.5,7006.0,7006.25,7031.25,stop,False,-329.5,312.5
2026-01-14,ESH6,failed_break|flow|3,1,16,17,29,6961.25,6949.0,6949.25,6997.25,stop,False,-617.0,600.0
2026-01-15,ESH6,failed_break|flow|3,1,23,24,80,7000.5,6994.25,6994.5,7018.5,stop,False,-317.0,300.0
2026-01-20,ESH6,failed_break|flow|3,1,43,44,62,6871.5,6900.0,6862.0,6900.0,target,False,1420.5,475.0
2026-01-22,ESH6,failed_break|flow|3,1,72,73,359,6948.25,6938.75,6939.0,6976.0,stop,False,-479.5,462.5
2026-01-23,ESH6,failed_break|flow|3,-1,43,44,52,6939.75,6947.75,6947.5,6916.5,stop,False,-404.5,387.5
2026-01-26,ESH6,failed_break|flow|3,-1,19,20,51,6975.5,6988.0,6987.75,6938.75,stop,False,-629.5,612.5
2026-01-29,ESH6,failed_break|flow|3,1,18,19,28,6990.0,6970.25,6970.5,7048.5,stop,False,-992.0,975.0
2026-01-30,ESH6,failed_break|flow|3,-1,79,80,154,6983.5,6946.75,6995.75,6946.75,target,False,1833.0,612.5
2026-02-02,ESH6,failed_break|flow|3,-1,17,18,36,6973.0,6990.0,6989.75,6922.75,stop,False,-854.5,837.5
2026-02-04,ESH6,failed_break|flow|3,-1,19,20,30,6955.5,6921.0,6967.0,6921.0,target,False,1720.5,575.0
2026-02-05,ESH6,failed_break|flow|3,1,39,40,56,6832.5,6809.0,6809.25,6902.25,stop,False,-1179.5,1162.5
2026-02-06,ESH6,failed_break|flow|3,-1,19,20,125,6897.0,6921.0,6920.75,6825.75,stop,False,-1204.5,1187.5
2026-02-10,ESH6,failed_break|flow|3,-1,43,44,48,6988.5,6999.5,6999.25,6956.25,stop,False,-554.5,537.5
2026-02-13,ESH6,failed_break|flow|3,-1,42,43,133,6855.75,6881.5,6881.25,6779.25,stop,False,-1292.0,1275.0
2026-02-17,ESH6,failed_break|flow|3,1,95,96,265,6838.0,6880.0,6824.0,6880.0,target,False,2095.5,700.0
2026-02-19,ESH6,failed_break|flow|3,-1,30,31,33,6879.75,6891.5,6891.25,6845.25,stop,False,-592.0,575.0
2026-02-20,ESH6,failed_break|flow|3,-1,36,37,38,6878.0,6896.75,6896.5,6822.5,stop,False,-942.0,925.0
2026-02-23,ESH6,failed_break|flow|3,1,20,21,26,6908.5,6895.25,6895.5,6947.5,stop,False,-667.0,650.0
2026-02-24,ESH6,failed_break|flow|3,-1,23,24,59,6870.75,6893.25,6893.0,6804.0,stop,False,-1129.5,1112.5
2026-02-25,ESH6,failed_break|flow|3,-1,23,24,136,6942.75,6949.75,6949.5,6922.5,stop,False,-354.5,337.5
2026-02-27,ESH6,failed_break|flow|3,-1,46,47,67,6866.75,6880.0,6879.75,6827.75,stop,False,-667.0,650.0
2026-03-02,ESH6,failed_break|flow|3,-1,22,23,33,6845.25,6867.75,6867.5,6778.5,stop,False,-1129.5,1112.5
2026-03-03,ESH6,failed_break|flow|3,1,21,22,48,6754.75,6734.5,6734.75,6814.75,stop,False,-1017.0,1000.0
2026-03-04,ESH6,failed_break|flow|3,1,16,17,56,6829.5,6882.0,6812.0,6882.0,target,False,2620.5,875.0
2026-03-05,ESH6,failed_break|flow|3,-1,33,34,58,6865.75,6826.0,6879.0,6826.0,target,False,1983.0,662.5
2026-03-06,ESH6,failed_break|flow|3,1,29,30,388,6727.75,6749.0,6709.25,6783.25,flatten,False,1058.0,925.0
2026-03-09,ESH6,failed_break|flow|3,1,46,47,116,6654.25,6714.25,6634.25,6714.25,target,False,2995.5,1000.0
2026-03-10,ESH6,failed_break|flow|3,1,49,50,84,6780.25,6826.0,6765.0,6826.0,target,False,2283.0,762.5
2026-03-11,ESH6,failed_break|flow|3,1,28,29,31,6796.25,6816.5,6789.5,6816.5,target,False,1008.0,337.5
2026-03-12,ESH6,failed_break|flow|3,1,19,20,23,6717.5,6708.25,6708.5,6744.5,stop,False,-467.0,450.0
2026-03-13,ESH6,failed_break|flow|3,-1,18,19,76,6728.5,6682.75,6743.75,6682.75,target,False,2283.0,762.5
2026-03-16,ESM6,failed_break|flow|3,-1,18,19,28,6761.25,6772.0,6771.75,6729.75,stop,False,-542.0,525.0
2026-03-17,ESM6,failed_break|flow|3,-1,20,21,126,6803.0,6771.5,6813.5,6771.5,target,False,1570.5,525.0
2026-03-18,ESM6,failed_break|flow|3,1,97,98,108,6742.5,6733.75,6734.0,6768.0,stop,False,-442.0,425.0
2026-03-19,ESM6,failed_break|flow|3,-1,68,69,95,6635.0,6648.0,6647.75,6596.75,stop,False,-654.5,637.5
2026-03-23,ESM6,failed_break|flow|3,-1,24,25,51,6673.0,6691.25,6691.0,6619.0,stop,False,-917.0,900.0
2026-03-24,ESM6,failed_break|flow|3,-1,66,67,76,6600.75,6617.25,6617.0,6552.0,stop,False,-829.5,812.5
2026-03-25,ESM6,failed_break|flow|3,1,63,64,99,6661.5,6649.25,6649.5,6697.5,stop,False,-617.0,600.0
2026-03-26,ESM6,failed_break|flow|3,-1,73,74,178,6601.5,6565.5,6613.5,6565.5,target,False,1795.5,600.0
2026-03-27,ESM6,failed_break|flow|3,1,42,43,76,6467.0,6452.0,6452.25,6511.25,stop,False,-754.5,737.5
2026-03-30,ESM6,failed_break|flow|3,1,87,88,178,6437.5,6419.0,6419.25,6492.25,stop,False,-929.5,912.5
2026-03-31,ESM6,failed_break|flow|3,-1,73,74,103,6469.25,6480.75,6480.5,6435.5,stop,False,-579.5,562.5
2026-04-06,ESM6,failed_break|flow|3,-1,68,69,70,6632.0,6644.5,6644.25,6595.25,stop,False,-629.5,612.5
2026-04-07,ESM6,failed_break|flow|3,1,22,23,30,6612.75,6598.5,6598.75,6654.75,stop,False,-717.0,700.0
2026-04-09,ESM6,failed_break|flow|3,1,50,51,57,6810.75,6804.0,6804.25,6830.25,stop,False,-342.0,325.0
2026-04-10,ESM6,failed_break|flow|3,1,42,43,130,6870.25,6862.5,6862.75,6892.75,stop,False,-392.0,375.0
2026-04-15,ESM6,failed_break|flow|3,-1,69,70,80,7021.75,7032.5,7032.25,6990.25,stop,False,-542.0,525.0
2026-04-16,ESM6,failed_break|flow|3,1,81,82,105,7062.5,7080.5,7056.5,7080.5,target,False,895.5,300.0
2026-04-20,ESM6,failed_break|flow|3,-1,33,34,81,7153.5,7134.75,7159.75,7134.75,target,False,933.0,312.5
2026-04-21,ESM6,failed_break|flow|3,-1,53,54,89,7162.25,7136.75,7170.75,7136.75,target,False,1270.5,425.0
2026-04-22,ESM6,failed_break|flow|3,-1,35,36,37,7147.75,7153.75,7153.5,7130.5,stop,False,-304.5,287.5
2026-04-23,ESM6,failed_break|flow|3,-1,20,21,62,7162.0,7169.25,7169.0,7141.0,stop,False,-367.0,350.0
2026-04-24,ESM6,failed_break|flow|3,1,27,28,113,7152.75,7176.75,7144.75,7176.75,target,False,1195.5,400.0
2026-04-27,ESM6,failed_break|flow|3,1,118,119,244,7183.5,7206.75,7175.75,7206.75,target,False,1158.0,387.5
2026-04-28,ESM6,failed_break|flow|3,1,90,91,120,7162.25,7151.25,7151.5,7194.5,stop,False,-554.5,537.5
2026-04-29,ESM6,failed_break|flow|3,-1,93,94,184,7163.0,7144.25,7169.25,7144.25,target,False,933.0,312.5
2026-04-30,ESM6,failed_break|flow|3,1,30,31,255,7170.0,7221.0,7153.0,7221.0,target,False,2545.5,850.0
2026-05-01,ESM6,failed_break|flow|3,-1,67,68,77,7275.5,7285.25,7285.0,7247.0,stop,False,-492.0,475.0
2026-05-04,ESM6,failed_break|flow|3,-1,25,26,42,7253.0,7258.75,7258.5,7236.5,stop,False,-292.0,275.0
2026-05-05,ESM6,failed_break|flow|3,-1,24,25,36,7272.5,7277.75,7277.5,7257.5,stop,False,-267.0,250.0
2026-05-06,ESM6,failed_break|flow|3,-1,26,27,54,7343.250000000001,7352.500000000001,7352.250000000001,7316.250000000001,stop,False,-467.0,450.0
2026-05-07,ESM6,failed_break|flow|3,1,25,26,85,7390.250000000001,7406.000000000001,7385.000000000001,7406.000000000001,target,False,783.0,262.5
2026-05-11,ESM6,failed_break|flow|3,-1,61,62,71,7424.750000000001,7434.750000000001,7434.500000000001,7395.500000000001,stop,False,-504.5,487.5
2026-05-12,ESM6,failed_break|flow|3,1,43,44,58,7402.500000000001,7393.500000000001,7393.750000000001,7428.750000000001,stop,False,-454.5,437.5
2026-05-13,ESM6,failed_break|flow|3,1,22,23,126,7411.250000000001,7441.250000000001,7401.250000000001,7441.250000000001,target,False,1495.5,500.0
2026-05-14,ESM6,failed_break|flow|3,-1,18,19,50,7496.750000000001,7507.500000000001,7507.250000000001,7465.250000000001,stop,False,-542.0,525.0
2026-05-15,ESM6,failed_break|flow|3,-1,54,55,388,7459.250000000001,7433.500000000001,7476.750000000001,7406.750000000001,flatten,False,1283.0,875.0
2026-05-18,ESM6,failed_break|flow|3,-1,30,31,65,7440.250000000001,7408.000000000001,7451.000000000001,7408.000000000001,target,False,1608.0,537.5
2026-05-19,ESM6,failed_break|flow|3,-1,28,29,50,7395.250000000001,7361.500000000001,7406.500000000001,7361.500000000001,target,False,1683.0,562.5
2026-05-20,ESM6,failed_break|flow|3,-1,19,20,46,7398.250000000001,7408.250000000001,7408.000000000001,7369.000000000001,stop,False,-504.5,487.5
2026-05-21,ESM6,failed_break|flow|3,-1,45,46,47,7422.750000000001,7429.750000000001,7429.500000000001,7402.500000000001,stop,False,-354.5,337.5
2026-05-22,ESM6,failed_break|flow|3,1,61,62,388,7491.750000000001,7494.250000000001,7479.000000000001,7530.000000000001,flatten,False,120.5,637.5
2026-05-26,ESM6,failed_break|flow|3,-1,20,21,34,7537.000000000001,7545.250000000001,7545.000000000001,7513.000000000001,stop,False,-417.0,400.0
2026-05-27,ESM6,failed_break|flow|3,1,114,115,138,7527.500000000001,7516.750000000001,7517.000000000001,7559.000000000001,stop,False,-542.0,525.0
2026-05-28,ESM6,failed_break|flow|3,-1,32,33,42,7536.250000000001,7542.500000000001,7542.250000000001,7518.250000000001,stop,False,-317.0,300.0
2026-05-29,ESM6,failed_break|flow|3,-1,38,39,388,7603.500000000001,7595.000000000001,7613.250000000001,7574.250000000001,flatten,False,420.5,487.5
2026-06-02,ESM6,failed_break|flow|3,-1,37,38,41,7604.500000000001,7609.750000000001,7609.500000000001,7589.500000000001,stop,False,-267.0,250.0
2026-06-03,ESM6,failed_break|flow|3,1,30,31,113,7593.000000000001,7581.250000000001,7581.500000000001,7627.500000000001,stop,False,-592.0,575.0
2026-06-04,ESM6,failed_break|flow|3,-1,48,49,90,7560.750000000001,7571.000000000001,7570.750000000001,7530.750000000001,stop,False,-517.0,500.0
2026-06-05,ESM6,failed_break|flow|3,1,64,65,77,7528.500000000001,7515.000000000001,7515.250000000001,7568.250000000001,stop,False,-679.5,662.5
2026-06-08,ESM6,failed_break|flow|3,1,36,37,212,7446.250000000001,7430.250000000001,7430.500000000001,7493.500000000001,stop,False,-804.5,787.5
2026-06-09,ESM6,failed_break|flow|3,-1,24,25,43,7473.250000000001,7441.750000000001,7483.750000000001,7441.750000000001,target,False,1570.5,525.0
2026-06-10,ESM6,failed_break|flow|3,-1,28,29,54,7380.750000000001,7404.750000000001,7404.500000000001,7309.500000000001,stop,False,-1204.5,1187.5
2026-06-11,ESM6,failed_break|flow|3,-1,40,41,91,7306.750000000001,7264.000000000001,7321.000000000001,7264.000000000001,target,False,2133.0,712.5
2026-06-12,ESM6,failed_break|flow|3,1,16,17,108,7374.750000000001,7451.250000000001,7349.250000000001,7451.250000000001,target,False,3820.5,1275.0
2026-06-15,ESU6,failed_break|flow|3,-1,29,30,87,7614.000000000001,7623.000000000001,7622.750000000001,7587.750000000001,stop,False,-454.5,437.5
2026-06-16,ESU6,failed_break|flow|3,1,30,31,49,7626.500000000001,7620.000000000001,7620.250000000001,7645.250000000001,stop,False,-329.5,312.5
2026-06-17,ESU6,failed_break|flow|3,1,33,34,70,7587.500000000001,7579.750000000001,7580.000000000001,7610.000000000001,stop,False,-392.0,375.0
2026-06-23,ESU6,failed_break|flow|3,-1,108,109,154,7445.500000000001,7461.750000000001,7461.500000000001,7397.500000000001,stop,False,-817.0,800.0
2026-06-24,ESU6,failed_break|flow|3,-1,25,26,75,7459.500000000001,7474.750000000001,7474.500000000001,7414.500000000001,stop,False,-767.0,750.0
2026-06-25,ESU6,failed_break|flow|3,1,47,48,273,7436.750000000001,7409.250000000001,7409.500000000001,7518.500000000001,stop,False,-1379.5,1362.5
2026-06-29,ESU6,failed_break|flow|3,-1,19,20,44,7479.000000000001,7420.500000000001,7498.500000000001,7420.500000000001,target,False,2920.5,975.0
2026-07-02,ESU6,failed_break|flow|3,-1,26,27,96,7583.000000000001,7535.000000000001,7599.000000000001,7535.000000000001,target,False,2395.5,800.0
2026-07-06,ESU6,failed_break|flow|3,-1,48,49,60,7570.250000000001,7580.750000000001,7580.500000000001,7539.500000000001,stop,False,-529.5,512.5
2026-07-08,ESU6,failed_break|flow|3,1,71,72,77,7502.500000000001,7491.500000000001,7491.750000000001,7534.750000000001,stop,False,-554.5,537.5
2026-07-09,ESU6,failed_break|flow|3,-1,18,19,96,7554.000000000001,7568.750000000001,7568.500000000001,7510.500000000001,stop,False,-742.0,725.0
2026-07-10,ESU6,failed_break|flow|3,1,68,69,86,7591.500000000001,7584.000000000001,7584.250000000001,7613.250000000001,stop,False,-379.5,362.5
2026-07-13,ESU6,failed_break|flow|3,1,54,55,67,7598.750000000001,7590.750000000001,7591.000000000001,7622.000000000001,stop,False,-404.5,387.5
2026-07-14,ESU6,failed_break|flow|3,1,48,49,64,7564.500000000001,7596.750000000001,7553.750000000001,7596.750000000001,target,False,1608.0,537.5
2026-07-15,ESU6,failed_break|flow|3,1,25,26,54,7612.000000000001,7604.500000000001,7604.750000000001,7633.750000000001,stop,False,-379.5,362.5
2026-07-16,ESU6,failed_break|flow|3,-1,51,52,75,7602.750000000001,7615.250000000001,7615.000000000001,7566.000000000001,stop,False,-629.5,612.5
2026-07-21,ESU6,failed_break|flow|3,-1,58,59,111,7528.750000000001,7541.500000000001,7541.250000000001,7491.250000000001,stop,False,-642.0,625.0
2026-07-22,ESU6,failed_break|flow|3,-1,19,20,26,7539.000000000001,7546.250000000001,7546.000000000001,7518.000000000001,stop,False,-367.0,350.0
2026-07-24,ESU6,failed_break|flow|3,-1,20,21,44,7448.000000000001,7454.750000000001,7454.500000000001,7428.500000000001,stop,False,-342.0,325.0
2026-07-28,ESU6,failed_break|flow|3,-1,82,83,110,7449.750000000001,7464.750000000001,7464.500000000001,7405.500000000001,stop,False,-754.5,737.5
2026-07-30,ESU6,failed_break|flow|3,-1,82,83,152,7419.500000000001,7430.750000000001,7430.500000000001,7386.500000000001,stop,False,-567.0,550.0
2026-07-31,ESU6,failed_break|flow|3,1,83,84,114,7480.250000000001,7462.000000000001,7462.250000000001,7534.250000000001,stop,False,-917.0,900.0
2025-12-04,ESZ5,failed_break|vwap_flow|2,1,114,115,289,6860.0,6851.0,6851.25,6877.5,stop,False,-454.5,437.5
2025-12-05,ESZ5,failed_break|vwap_flow|2,-1,86,87,90,6885.0,6891.5,6891.25,6872.5,stop,False,-329.5,312.5
2025-12-09,ESZ5,failed_break|vwap_flow|2,-1,77,78,85,6856.75,6863.75,6863.5,6843.25,stop,False,-354.5,337.5
2025-12-11,ESZ5,failed_break|vwap_flow|2,1,38,39,51,6862.25,6876.25,6855.25,6876.25,target,False,695.5,350.0
2025-12-16,ESH6,failed_break|vwap_flow|2,-1,39,40,54,6865.5,6841.5,6877.5,6841.5,target,False,1195.5,600.0
2025-12-19,ESH6,failed_break|vwap_flow|2,-1,77,78,120,6871.0,6886.5,6886.25,6840.5,stop,False,-779.5,762.5
2026-01-06,ESH6,failed_break|vwap_flow|2,-1,94,95,102,6954.0,6958.75,6958.5,6945.0,stop,False,-242.0,225.0
2026-01-22,ESH6,failed_break|vwap_flow|2,1,72,73,200,6948.25,6966.75,6939.0,6966.75,target,False,920.5,462.5
2026-01-26,ESH6,failed_break|vwap_flow|2,-1,110,111,153,6975.75,6988.25,6988.0,6951.25,stop,False,-629.5,612.5
2026-02-04,ESH6,failed_break|vwap_flow|2,1,53,54,63,6946.0,6934.25,6934.5,6969.0,stop,False,-592.0,575.0
2026-02-05,ESH6,failed_break|vwap_flow|2,1,116,117,377,6833.5,6810.0,6810.25,6880.0,stop,False,-1179.5,1162.5
2026-02-10,ESH6,failed_break|vwap_flow|2,-1,43,44,48,6988.5,6999.5,6999.25,6967.0,stop,False,-554.5,537.5
2026-02-17,ESH6,failed_break|vwap_flow|2,1,95,96,113,6838.0,6866.0,6824.0,6866.0,target,False,1395.5,700.0
2026-02-19,ESH6,failed_break|vwap_flow|2,-1,56,57,63,6876.25,6888.0,6887.75,6853.25,stop,False,-592.0,575.0
2026-02-20,ESH6,failed_break|vwap_flow|2,-1,36,37,38,6878.0,6896.75,6896.5,6841.0,stop,False,-942.0,925.0
2026-03-03,ESH6,failed_break|vwap_flow|2,1,94,95,135,6757.5,6797.5,6737.5,6797.5,target,False,1995.5,1000.0
2026-03-09,ESH6,failed_break|vwap_flow|2,1,52,53,105,6670.25,6710.25,6650.25,6710.25,target,False,1995.5,1000.0
2026-03-11,ESH6,failed_break|vwap_flow|2,1,28,29,30,6796.25,6809.75,6789.5,6809.75,target,False,670.5,337.5
2026-03-12,ESH6,failed_break|vwap_flow|2,1,31,32,50,6718.5,6709.25,6709.5,6736.5,stop,False,-467.0,450.0
2026-03-16,ESM6,failed_break|vwap_flow|2,-1,60,61,81,6760.75,6739.75,6771.25,6739.75,target,False,1045.5,525.0
2026-03-18,ESM6,failed_break|vwap_flow|2,1,97,98,108,6742.5,6733.75,6734.0,6759.5,stop,False,-442.0,425.0
2026-03-19,ESM6,failed_break|vwap_flow|2,-1,85,86,95,6634.25,6647.25,6647.0,6608.75,stop,False,-654.5,637.5
2026-03-25,ESM6,failed_break|vwap_flow|2,1,63,64,99,6661.5,6649.25,6649.5,6685.5,stop,False,-617.0,600.0
2026-03-26,ESM6,failed_break|vwap_flow|2,-1,73,74,166,6601.5,6577.5,6613.5,6577.5,target,False,1195.5,600.0
2026-03-27,ESM6,failed_break|vwap_flow|2,1,79,80,175,6471.0,6456.0,6456.25,6500.5,stop,False,-754.5,737.5
2026-03-30,ESM6,failed_break|vwap_flow|2,1,87,88,178,6437.5,6419.0,6419.25,6474.0,stop,False,-929.5,912.5
2026-03-31,ESM6,failed_break|vwap_flow|2,-1,73,74,103,6469.25,6480.75,6480.5,6446.75,stop,False,-579.5,562.5
2026-04-06,ESM6,failed_break|vwap_flow|2,-1,68,69,70,6632.0,6644.5,6644.25,6607.5,stop,False,-629.5,612.5
2026-04-07,ESM6,failed_break|vwap_flow|2,1,63,64,73,6614.5,6600.25,6600.5,6642.5,stop,False,-717.0,700.0
2026-04-16,ESM6,failed_break|vwap_flow|2,1,81,82,100,7062.5,7074.5,7056.5,7074.5,target,False,595.5,300.0
2026-04-22,ESM6,failed_break|vwap_flow|2,-1,35,36,37,7147.75,7153.75,7153.5,7136.25,stop,False,-304.5,287.5
2026-05-01,ESM6,failed_break|vwap_flow|2,-1,67,68,77,7275.5,7285.25,7285.0,7256.5,stop,False,-492.0,475.0
2026-05-04,ESM6,failed_break|vwap_flow|2,-1,103,104,109,7252.5,7241.5,7258.0,7241.5,target,False,545.5,275.0
2026-05-05,ESM6,failed_break|vwap_flow|2,-1,44,45,52,7272.0,7277.25,7277.0,7262.0,stop,False,-267.0,250.0
2026-05-11,ESM6,failed_break|vwap_flow|2,-1,61,62,71,7424.750000000001,7434.750000000001,7434.500000000001,7405.250000000001,stop,False,-504.5,487.5
2026-05-21,ESM6,failed_break|vwap_flow|2,-1,45,46,47,7422.750000000001,7429.750000000001,7429.500000000001,7409.250000000001,stop,False,-354.5,337.5
2026-06-03,ESM6,failed_break|vwap_flow|2,1,40,41,112,7594.250000000001,7582.500000000001,7582.750000000001,7617.250000000001,stop,False,-592.0,575.0
2026-06-05,ESM6,failed_break|vwap_flow|2,1,64,65,77,7528.500000000001,7515.000000000001,7515.250000000001,7555.000000000001,stop,False,-679.5,662.5
2026-06-10,ESM6,failed_break|vwap_flow|2,-1,74,75,102,7376.250000000001,7328.750000000001,7400.000000000001,7328.750000000001,target,False,2370.5,1187.5
2026-06-11,ESM6,failed_break|vwap_flow|2,-1,40,41,86,7306.750000000001,7278.250000000001,7321.000000000001,7278.250000000001,target,False,1420.5,712.5
2026-06-23,ESU6,failed_break|vwap_flow|2,-1,108,109,154,7445.500000000001,7461.750000000001,7461.500000000001,7413.500000000001,stop,False,-817.0,800.0
2026-06-25,ESU6,failed_break|vwap_flow|2,1,47,48,273,7436.750000000001,7409.250000000001,7409.500000000001,7491.250000000001,stop,False,-1379.5,1362.5
2026-07-10,ESU6,failed_break|vwap_flow|2,1,74,75,85,7593.750000000001,7586.250000000001,7586.500000000001,7608.250000000001,stop,False,-379.5,362.5
2026-07-13,ESU6,failed_break|vwap_flow|2,1,54,55,67,7598.750000000001,7590.750000000001,7591.000000000001,7614.250000000001,stop,False,-404.5,387.5
2026-07-22,ESU6,failed_break|vwap_flow|2,-1,53,54,90,7537.250000000001,7544.500000000001,7544.250000000001,7523.250000000001,stop,False,-367.0,350.0
2026-07-24,ESU6,failed_break|vwap_flow|2,-1,20,21,25,7448.000000000001,7435.000000000001,7454.500000000001,7435.000000000001,target,False,645.5,325.0
2026-07-30,ESU6,failed_break|vwap_flow|2,-1,82,83,152,7419.500000000001,7430.750000000001,7430.500000000001,7397.500000000001,stop,False,-567.0,550.0
2026-07-31,ESU6,failed_break|vwap_flow|2,1,83,84,114,7480.250000000001,7462.000000000001,7462.250000000001,7516.250000000001,stop,False,-917.0,900.0
2025-12-04,ESZ5,failed_break|vwap_flow|3,1,114,115,289,6860.0,6851.0,6851.25,6886.25,stop,False,-454.5,437.5
2025-12-05,ESZ5,failed_break|vwap_flow|3,-1,86,87,90,6885.0,6891.5,6891.25,6866.25,stop,False,-329.5,312.5
2025-12-09,ESZ5,failed_break|vwap_flow|3,-1,77,78,85,6856.75,6863.75,6863.5,6836.5,stop,False,-354.5,337.5
2025-12-11,ESZ5,failed_break|vwap_flow|3,1,38,39,57,6862.25,6883.25,6855.25,6883.25,target,False,1045.5,350.0
2025-12-16,ESH6,failed_break|vwap_flow|3,-1,39,40,201,6865.5,6829.5,6877.5,6829.5,target,False,1795.5,600.0
2025-12-19,ESH6,failed_break|vwap_flow|3,-1,77,78,120,6871.0,6886.5,6886.25,6825.25,stop,False,-779.5,762.5
2026-01-06,ESH6,failed_break|vwap_flow|3,-1,94,95,102,6954.0,6958.75,6958.5,6940.5,stop,False,-242.0,225.0
2026-01-22,ESH6,failed_break|vwap_flow|3,1,72,73,359,6948.25,6938.75,6939.0,6976.0,stop,False,-479.5,462.5
2026-01-26,ESH6,failed_break|vwap_flow|3,-1,110,111,153,6975.75,6988.25,6988.0,6939.0,stop,False,-629.5,612.5
2026-02-04,ESH6,failed_break|vwap_flow|3,1,53,54,63,6946.0,6934.25,6934.5,6980.5,stop,False,-592.0,575.0
2026-02-05,ESH6,failed_break|vwap_flow|3,1,116,117,377,6833.5,6810.0,6810.25,6903.25,stop,False,-1179.5,1162.5
2026-02-10,ESH6,failed_break|vwap_flow|3,-1,43,44,48,6988.5,6999.5,6999.25,6956.25,stop,False,-554.5,537.5
2026-02-17,ESH6,failed_break|vwap_flow|3,1,95,96,265,6838.0,6880.0,6824.0,6880.0,target,False,2095.5,700.0
2026-02-19,ESH6,failed_break|vwap_flow|3,-1,56,57,63,6876.25,6888.0,6887.75,6841.75,stop,False,-592.0,575.0
2026-02-20,ESH6,failed_break|vwap_flow|3,-1,36,37,38,6878.0,6896.75,6896.5,6822.5,stop,False,-942.0,925.0
2026-03-03,ESH6,failed_break|vwap_flow|3,1,94,95,230,6757.5,6817.5,6737.5,6817.5,target,False,2995.5,1000.0
2026-03-09,ESH6,failed_break|vwap_flow|3,1,52,53,176,6670.25,6730.25,6650.25,6730.25,target,False,2995.5,1000.0
2026-03-11,ESH6,failed_break|vwap_flow|3,1,28,29,31,6796.25,6816.5,6789.5,6816.5,target,False,1008.0,337.5
2026-03-12,ESH6,failed_break|vwap_flow|3,1,31,32,50,6718.5,6709.25,6709.5,6745.5,stop,False,-467.0,450.0
2026-03-16,ESM6,failed_break|vwap_flow|3,-1,60,61,339,6760.75,6771.5,6771.25,6729.25,stop,False,-542.0,525.0
2026-03-18,ESM6,failed_break|vwap_flow|3,1,97,98,108,6742.5,6733.75,6734.0,6768.0,stop,False,-442.0,425.0
2026-03-19,ESM6,failed_break|vwap_flow|3,-1,85,86,95,6634.25,6647.25,6647.0,6596.0,stop,False,-654.5,637.5
2026-03-25,ESM6,failed_break|vwap_flow|3,1,63,64,99,6661.5,6649.25,6649.5,6697.5,stop,False,-617.0,600.0
2026-03-26,ESM6,failed_break|vwap_flow|3,-1,73,74,178,6601.5,6565.5,6613.5,6565.5,target,False,1795.5,600.0
2026-03-27,ESM6,failed_break|vwap_flow|3,1,79,80,175,6471.0,6456.0,6456.25,6515.25,stop,False,-754.5,737.5
2026-03-30,ESM6,failed_break|vwap_flow|3,1,87,88,178,6437.5,6419.0,6419.25,6492.25,stop,False,-929.5,912.5
2026-03-31,ESM6,failed_break|vwap_flow|3,-1,73,74,103,6469.25,6480.75,6480.5,6435.5,stop,False,-579.5,562.5
2026-04-06,ESM6,failed_break|vwap_flow|3,-1,68,69,70,6632.0,6644.5,6644.25,6595.25,stop,False,-629.5,612.5
2026-04-07,ESM6,failed_break|vwap_flow|3,1,63,64,73,6614.5,6600.25,6600.5,6656.5,stop,False,-717.0,700.0
2026-04-16,ESM6,failed_break|vwap_flow|3,1,81,82,105,7062.5,7080.5,7056.5,7080.5,target,False,895.5,300.0
2026-04-22,ESM6,failed_break|vwap_flow|3,-1,35,36,37,7147.75,7153.75,7153.5,7130.5,stop,False,-304.5,287.5
2026-05-01,ESM6,failed_break|vwap_flow|3,-1,67,68,77,7275.5,7285.25,7285.0,7247.0,stop,False,-492.0,475.0
2026-05-04,ESM6,failed_break|vwap_flow|3,-1,103,104,109,7252.5,7236.0,7258.0,7236.0,target,False,820.5,275.0
2026-05-05,ESM6,failed_break|vwap_flow|3,-1,44,45,52,7272.0,7277.25,7277.0,7257.0,stop,False,-267.0,250.0
2026-05-11,ESM6,failed_break|vwap_flow|3,-1,61,62,71,7424.750000000001,7434.750000000001,7434.500000000001,7395.500000000001,stop,False,-504.5,487.5
2026-05-21,ESM6,failed_break|vwap_flow|3,-1,45,46,47,7422.750000000001,7429.750000000001,7429.500000000001,7402.500000000001,stop,False,-354.5,337.5
2026-06-03,ESM6,failed_break|vwap_flow|3,1,40,41,112,7594.250000000001,7582.500000000001,7582.750000000001,7628.750000000001,stop,False,-592.0,575.0
2026-06-05,ESM6,failed_break|vwap_flow|3,1,64,65,77,7528.500000000001,7515.000000000001,7515.250000000001,7568.250000000001,stop,False,-679.5,662.5
2026-06-10,ESM6,failed_break|vwap_flow|3,-1,74,75,242,7376.250000000001,7305.000000000001,7400.000000000001,7305.000000000001,target,False,3558.0,1187.5
2026-06-11,ESM6,failed_break|vwap_flow|3,-1,40,41,91,7306.750000000001,7264.000000000001,7321.000000000001,7264.000000000001,target,False,2133.0,712.5
2026-06-23,ESU6,failed_break|vwap_flow|3,-1,108,109,154,7445.500000000001,7461.750000000001,7461.500000000001,7397.500000000001,stop,False,-817.0,800.0
2026-06-25,ESU6,failed_break|vwap_flow|3,1,47,48,273,7436.750000000001,7409.250000000001,7409.500000000001,7518.500000000001,stop,False,-1379.5,1362.5
2026-07-10,ESU6,failed_break|vwap_flow|3,1,74,75,85,7593.750000000001,7586.250000000001,7586.500000000001,7615.500000000001,stop,False,-379.5,362.5
2026-07-13,ESU6,failed_break|vwap_flow|3,1,54,55,67,7598.750000000001,7590.750000000001,7591.000000000001,7622.000000000001,stop,False,-404.5,387.5
2026-07-22,ESU6,failed_break|vwap_flow|3,-1,53,54,90,7537.250000000001,7544.500000000001,7544.250000000001,7516.250000000001,stop,False,-367.0,350.0
2026-07-24,ESU6,failed_break|vwap_flow|3,-1,20,21,44,7448.000000000001,7454.750000000001,7454.500000000001,7428.500000000001,stop,False,-342.0,325.0
2026-07-30,ESU6,failed_break|vwap_flow|3,-1,82,83,152,7419.500000000001,7430.750000000001,7430.500000000001,7386.500000000001,stop,False,-567.0,550.0
2026-07-31,ESU6,failed_break|vwap_flow|3,1,83,84,114,7480.250000000001,7462.000000000001,7462.250000000001,7534.250000000001,stop,False,-917.0,900.0
2025-12-16,ESH6,failed_break|vwap_flow_rvol|2,-1,39,40,54,6865.5,6841.5,6877.5,6841.5,target,False,1195.5,600.0
2025-12-19,ESH6,failed_break|vwap_flow_rvol|2,-1,77,78,120,6871.0,6886.5,6886.25,6840.5,stop,False,-779.5,762.5
2026-01-22,ESH6,failed_break|vwap_flow_rvol|2,1,72,73,200,6948.25,6966.75,6939.0,6966.75,target,False,920.5,462.5
2026-02-04,ESH6,failed_break|vwap_flow_rvol|2,1,53,54,63,6946.0,6934.25,6934.5,6969.0,stop,False,-592.0,575.0
2026-02-05,ESH6,failed_break|vwap_flow_rvol|2,1,116,117,377,6833.5,6810.0,6810.25,6880.0,stop,False,-1179.5,1162.5
2026-02-17,ESH6,failed_break|vwap_flow_rvol|2,1,95,96,113,6838.0,6866.0,6824.0,6866.0,target,False,1395.5,700.0
2026-02-19,ESH6,failed_break|vwap_flow_rvol|2,-1,56,57,63,6876.25,6888.0,6887.75,6853.25,stop,False,-592.0,575.0
2026-02-20,ESH6,failed_break|vwap_flow_rvol|2,-1,36,37,38,6878.0,6896.75,6896.5,6841.0,stop,False,-942.0,925.0
2026-03-03,ESH6,failed_break|vwap_flow_rvol|2,1,94,95,135,6757.5,6797.5,6737.5,6797.5,target,False,1995.5,1000.0
2026-03-19,ESM6,failed_break|vwap_flow_rvol|2,-1,85,86,95,6634.25,6647.25,6647.0,6608.75,stop,False,-654.5,637.5
2026-03-27,ESM6,failed_break|vwap_flow_rvol|2,1,79,80,175,6471.0,6456.0,6456.25,6500.5,stop,False,-754.5,737.5
2026-05-01,ESM6,failed_break|vwap_flow_rvol|2,-1,67,68,77,7275.5,7285.25,7285.0,7256.5,stop,False,-492.0,475.0
2026-05-21,ESM6,failed_break|vwap_flow_rvol|2,-1,45,46,47,7422.750000000001,7429.750000000001,7429.500000000001,7409.250000000001,stop,False,-354.5,337.5
2026-06-03,ESM6,failed_break|vwap_flow_rvol|2,1,40,41,112,7594.250000000001,7582.500000000001,7582.750000000001,7617.250000000001,stop,False,-592.0,575.0
2026-06-05,ESM6,failed_break|vwap_flow_rvol|2,1,64,65,77,7528.500000000001,7515.000000000001,7515.250000000001,7555.000000000001,stop,False,-679.5,662.5
2026-06-10,ESM6,failed_break|vwap_flow_rvol|2,-1,74,75,102,7376.250000000001,7328.750000000001,7400.000000000001,7328.750000000001,target,False,2370.5,1187.5
2026-06-11,ESM6,failed_break|vwap_flow_rvol|2,-1,40,41,86,7306.750000000001,7278.250000000001,7321.000000000001,7278.250000000001,target,False,1420.5,712.5
2026-06-23,ESU6,failed_break|vwap_flow_rvol|2,-1,108,109,154,7445.500000000001,7461.750000000001,7461.500000000001,7413.500000000001,stop,False,-817.0,800.0
2026-06-25,ESU6,failed_break|vwap_flow_rvol|2,1,47,48,273,7436.750000000001,7409.250000000001,7409.500000000001,7491.250000000001,stop,False,-1379.5,1362.5
2026-07-30,ESU6,failed_break|vwap_flow_rvol|2,-1,82,83,152,7419.500000000001,7430.750000000001,7430.500000000001,7397.500000000001,stop,False,-567.0,550.0
2026-07-31,ESU6,failed_break|vwap_flow_rvol|2,1,83,84,114,7480.250000000001,7462.000000000001,7462.250000000001,7516.250000000001,stop,False,-917.0,900.0
2025-12-16,ESH6,failed_break|vwap_flow_rvol|3,-1,39,40,201,6865.5,6829.5,6877.5,6829.5,target,False,1795.5,600.0
2025-12-19,ESH6,failed_break|vwap_flow_rvol|3,-1,77,78,120,6871.0,6886.5,6886.25,6825.25,stop,False,-779.5,762.5
2026-01-22,ESH6,failed_break|vwap_flow_rvol|3,1,72,73,359,6948.25,6938.75,6939.0,6976.0,stop,False,-479.5,462.5
2026-02-04,ESH6,failed_break|vwap_flow_rvol|3,1,53,54,63,6946.0,6934.25,6934.5,6980.5,stop,False,-592.0,575.0
2026-02-05,ESH6,failed_break|vwap_flow_rvol|3,1,116,117,377,6833.5,6810.0,6810.25,6903.25,stop,False,-1179.5,1162.5
2026-02-17,ESH6,failed_break|vwap_flow_rvol|3,1,95,96,265,6838.0,6880.0,6824.0,6880.0,target,False,2095.5,700.0
2026-02-19,ESH6,failed_break|vwap_flow_rvol|3,-1,56,57,63,6876.25,6888.0,6887.75,6841.75,stop,False,-592.0,575.0
2026-02-20,ESH6,failed_break|vwap_flow_rvol|3,-1,36,37,38,6878.0,6896.75,6896.5,6822.5,stop,False,-942.0,925.0
2026-03-03,ESH6,failed_break|vwap_flow_rvol|3,1,94,95,230,6757.5,6817.5,6737.5,6817.5,target,False,2995.5,1000.0
2026-03-19,ESM6,failed_break|vwap_flow_rvol|3,-1,85,86,95,6634.25,6647.25,6647.0,6596.0,stop,False,-654.5,637.5
2026-03-27,ESM6,failed_break|vwap_flow_rvol|3,1,79,80,175,6471.0,6456.0,6456.25,6515.25,stop,False,-754.5,737.5
2026-05-01,ESM6,failed_break|vwap_flow_rvol|3,-1,67,68,77,7275.5,7285.25,7285.0,7247.0,stop,False,-492.0,475.0
2026-05-21,ESM6,failed_break|vwap_flow_rvol|3,-1,45,46,47,7422.750000000001,7429.750000000001,7429.500000000001,7402.500000000001,stop,False,-354.5,337.5
2026-06-03,ESM6,failed_break|vwap_flow_rvol|3,1,40,41,112,7594.250000000001,7582.500000000001,7582.750000000001,7628.750000000001,stop,False,-592.0,575.0
2026-06-05,ESM6,failed_break|vwap_flow_rvol|3,1,64,65,77,7528.500000000001,7515.000000000001,7515.250000000001,7568.250000000001,stop,False,-679.5,662.5
2026-06-10,ESM6,failed_break|vwap_flow_rvol|3,-1,74,75,242,7376.250000000001,7305.000000000001,7400.000000000001,7305.000000000001,target,False,3558.0,1187.5
2026-06-11,ESM6,failed_break|vwap_flow_rvol|3,-1,40,41,91,7306.750000000001,7264.000000000001,7321.000000000001,7264.000000000001,target,False,2133.0,712.5
2026-06-23,ESU6,failed_break|vwap_flow_rvol|3,-1,108,109,154,7445.500000000001,7461.750000000001,7461.500000000001,7397.500000000001,stop,False,-817.0,800.0
2026-06-25,ESU6,failed_break|vwap_flow_rvol|3,1,47,48,273,7436.750000000001,7409.250000000001,7409.500000000001,7518.500000000001,stop,False,-1379.5,1362.5
2026-07-30,ESU6,failed_break|vwap_flow_rvol|3,-1,82,83,152,7419.500000000001,7430.750000000001,7430.500000000001,7386.500000000001,stop,False,-567.0,550.0
2026-07-31,ESU6,failed_break|vwap_flow_rvol|3,1,83,84,114,7480.250000000001,7462.000000000001,7462.250000000001,7534.250000000001,stop,False,-917.0,900.0
2025-12-02,ESZ5,open_retest|none|2,1,16,17,59,6846.25,6839.25,6839.5,6859.75,stop,False,-354.5,337.5
2025-12-11,ESZ5,open_retest|none|2,1,95,96,119,6868.5,6861.25,6861.5,6882.5,stop,False,-367.0,350.0
2025-12-26,ESH6,open_retest|none|2,-1,50,51,388,6982.75,6981.25,6989.75,6968.75,flatten,False,70.5,350.0
2025-12-30,ESH6,open_retest|none|2,1,39,40,42,6950.75,6946.5,6946.75,6958.75,stop,False,-217.0,200.0
2026-01-07,ESH6,open_retest|none|2,-1,70,71,90,6988.25,6994.0,6993.75,6977.25,stop,False,-292.0,275.0
2026-01-16,ESH6,open_retest|none|2,-1,15,16,27,6995.0,6983.0,7001.0,6983.0,target,False,595.5,300.0
2026-01-20,ESH6,open_retest|none|2,1,37,38,55,6873.5,6892.5,6864.0,6892.5,target,False,945.5,475.0
2026-01-28,ESH6,open_retest|none|2,1,17,18,37,7023.5,7019.0,7019.25,7032.0,stop,False,-229.5,212.5
2026-02-12,ESH6,open_retest|none|2,-1,17,18,38,6976.0,6962.0,6983.0,6962.0,target,False,695.5,350.0
2026-03-11,ESH6,open_retest|none|2,-1,23,24,28,6787.25,6794.25,6794.0,6773.75,stop,False,-354.5,337.5
2026-03-13,ESH6,open_retest|none|2,-1,67,68,86,6704.25,6673.75,6719.5,6673.75,target,False,1520.5,762.5
2026-03-17,ESM6,open_retest|none|2,1,68,69,123,6789.0,6778.25,6778.5,6810.0,stop,False,-542.0,525.0
2026-03-25,ESM6,open_retest|none|2,-1,55,56,106,6656.0,6632.0,6668.0,6632.0,target,False,1195.5,600.0
2026-04-02,ESM6,open_retest|none|2,-1,15,16,21,6527.0,6539.5,6539.25,6502.5,stop,False,-629.5,612.5
2026-04-09,ESM6,open_retest|none|2,1,43,44,46,6813.0,6806.25,6806.5,6826.0,stop,False,-342.0,325.0
2026-04-17,ESM6,open_retest|none|2,1,17,18,26,7123.25,7139.75,7115.0,7139.75,target,False,820.5,412.5
2026-04-24,ESM6,open_retest|none|2,-1,68,69,76,7161.25,7169.5,7169.25,7145.25,stop,False,-417.0,400.0
2026-05-04,ESM6,open_retest|none|2,1,38,39,49,7253.0,7264.0,7247.5,7264.0,target,False,545.5,275.0
2026-05-05,ESM6,open_retest|none|2,1,48,49,54,7270.0,7280.0,7265.0,7280.0,target,False,495.5,250.0
2026-05-07,ESM6,open_retest|none|2,1,78,79,116,7401.250000000001,7395.750000000001,7396.000000000001,7411.750000000001,stop,False,-279.5,262.5
2026-05-18,ESM6,open_retest|none|2,1,30,31,32,7440.750000000001,7429.750000000001,7430.000000000001,7462.250000000001,stop,False,-554.5,537.5
2026-05-20,ESM6,open_retest|none|2,1,24,25,33,7398.500000000001,7388.500000000001,7388.750000000001,7418.000000000001,stop,False,-504.5,487.5
2026-05-21,ESM6,open_retest|none|2,-1,59,60,60,7422.000000000001,7429.000000000001,7428.750000000001,7408.500000000001,stop,False,-354.5,337.5
2026-05-28,ESM6,open_retest|none|2,1,40,41,42,7536.000000000001,7548.000000000001,7530.000000000001,7548.000000000001,target,False,595.5,300.0
2026-05-29,ESM6,open_retest|none|2,-1,81,82,83,7588.500000000001,7598.500000000001,7598.250000000001,7569.000000000001,stop,False,-504.5,487.5
2026-06-08,ESM6,open_retest|none|2,-1,75,76,89,7456.750000000001,7472.750000000001,7472.500000000001,7425.250000000001,stop,False,-804.5,787.5
2026-06-11,ESM6,open_retest|none|2,-1,15,16,20,7307.500000000001,7322.000000000001,7321.750000000001,7279.000000000001,stop,False,-729.5,712.5
2026-06-12,ESM6,open_retest|none|2,-1,82,83,90,7419.500000000001,7445.250000000001,7445.000000000001,7368.500000000001,stop,False,-1292.0,1275.0
2026-07-07,ESU6,open_retest|none|2,-1,18,19,38,7577.750000000001,7559.250000000001,7587.000000000001,7559.250000000001,target,False,920.5,462.5
2026-07-08,ESU6,open_retest|none|2,1,58,59,70,7507.750000000001,7496.750000000001,7497.000000000001,7529.250000000001,stop,False,-554.5,537.5
2026-07-13,ESU6,open_retest|none|2,-1,79,80,167,7594.500000000001,7579.000000000001,7602.250000000001,7579.000000000001,target,False,770.5,387.5
2026-07-14,ESU6,open_retest|none|2,-1,56,57,64,7577.250000000001,7588.250000000001,7588.000000000001,7555.750000000001,stop,False,-554.5,537.5
2026-07-15,ESU6,open_retest|none|2,1,61,62,68,7612.750000000001,7605.250000000001,7605.500000000001,7627.250000000001,stop,False,-379.5,362.5
2026-07-17,ESU6,open_retest|none|2,-1,15,16,18,7484.250000000001,7494.250000000001,7494.000000000001,7464.750000000001,stop,False,-504.5,487.5
2026-07-23,ESU6,open_retest|none|2,1,38,39,95,7454.250000000001,7433.250000000001,7433.500000000001,7495.750000000001,stop,False,-1054.5,1037.5
2026-07-24,ESU6,open_retest|none|2,1,20,21,21,7448.500000000001,7441.750000000001,7442.000000000001,7461.500000000001,stop,False,-342.0,325.0
2026-07-30,ESU6,open_retest|none|2,-1,111,112,134,7411.750000000001,7423.000000000001,7422.750000000001,7389.750000000001,stop,False,-567.0,550.0
2025-12-02,ESZ5,open_retest|none|3,1,16,17,59,6846.25,6839.25,6839.5,6866.5,stop,False,-354.5,337.5
2025-12-11,ESZ5,open_retest|none|3,1,95,96,119,6868.5,6861.25,6861.5,6889.5,stop,False,-367.0,350.0
2025-12-26,ESH6,open_retest|none|3,-1,50,51,388,6982.75,6981.25,6989.75,6961.75,flatten,False,70.5,350.0
2025-12-30,ESH6,open_retest|none|3,1,39,40,42,6950.75,6946.5,6946.75,6962.75,stop,False,-217.0,200.0
2026-01-07,ESH6,open_retest|none|3,-1,70,71,90,6988.25,6994.0,6993.75,6971.75,stop,False,-292.0,275.0
2026-01-16,ESH6,open_retest|none|3,-1,15,16,31,6995.0,6977.0,7001.0,6977.0,target,False,895.5,300.0
2026-01-20,ESH6,open_retest|none|3,1,37,38,64,6873.5,6902.0,6864.0,6902.0,target,False,1420.5,475.0
2026-01-28,ESH6,open_retest|none|3,1,17,18,37,7023.5,7019.0,7019.25,7036.25,stop,False,-229.5,212.5
2026-02-12,ESH6,open_retest|none|3,-1,17,18,67,6976.0,6955.0,6983.0,6955.0,target,False,1045.5,350.0
2026-03-11,ESH6,open_retest|none|3,-1,23,24,28,6787.25,6794.25,6794.0,6767.0,stop,False,-354.5,337.5
2026-03-13,ESH6,open_retest|none|3,-1,67,68,117,6704.25,6658.5,6719.5,6658.5,target,False,2283.0,762.5
2026-03-17,ESM6,open_retest|none|3,1,68,69,123,6789.0,6778.25,6778.5,6820.5,stop,False,-542.0,525.0
2026-03-25,ESM6,open_retest|none|3,-1,55,56,107,6656.0,6620.0,6668.0,6620.0,target,False,1795.5,600.0
2026-04-02,ESM6,open_retest|none|3,-1,15,16,21,6527.0,6539.5,6539.25,6490.25,stop,False,-629.5,612.5
2026-04-09,ESM6,open_retest|none|3,1,43,44,46,6813.0,6806.25,6806.5,6832.5,stop,False,-342.0,325.0
2026-04-17,ESM6,open_retest|none|3,1,17,18,34,7123.25,7148.0,7115.0,7148.0,target,False,1233.0,412.5
2026-04-24,ESM6,open_retest|none|3,-1,68,69,76,7161.25,7169.5,7169.25,7137.25,stop,False,-417.0,400.0
2026-05-04,ESM6,open_retest|none|3,1,38,39,68,7253.0,7269.5,7247.5,7269.5,target,False,820.5,275.0
2026-05-05,ESM6,open_retest|none|3,1,48,49,55,7270.0,7285.0,7265.0,7285.0,target,False,745.5,250.0
2026-05-07,ESM6,open_retest|none|3,1,78,79,116,7401.250000000001,7395.750000000001,7396.000000000001,7417.000000000001,stop,False,-279.5,262.5
2026-05-18,ESM6,open_retest|none|3,1,30,31,32,7440.750000000001,7429.750000000001,7430.000000000001,7473.000000000001,stop,False,-554.5,537.5
2026-05-20,ESM6,open_retest|none|3,1,24,25,33,7398.500000000001,7388.500000000001,7388.750000000001,7427.750000000001,stop,False,-504.5,487.5
2026-05-21,ESM6,open_retest|none|3,-1,59,60,60,7422.000000000001,7429.000000000001,7428.750000000001,7401.750000000001,stop,False,-354.5,337.5
2026-05-28,ESM6,open_retest|none|3,1,40,41,42,7536.000000000001,7554.000000000001,7530.000000000001,7554.000000000001,target,False,895.5,300.0
2026-05-29,ESM6,open_retest|none|3,-1,81,82,83,7588.500000000001,7598.500000000001,7598.250000000001,7559.250000000001,stop,False,-504.5,487.5
2026-06-08,ESM6,open_retest|none|3,-1,75,76,89,7456.750000000001,7472.750000000001,7472.500000000001,7409.500000000001,stop,False,-804.5,787.5
2026-06-11,ESM6,open_retest|none|3,-1,15,16,20,7307.500000000001,7322.000000000001,7321.750000000001,7264.750000000001,stop,False,-729.5,712.5
2026-06-12,ESM6,open_retest|none|3,-1,82,83,90,7419.500000000001,7445.250000000001,7445.000000000001,7343.000000000001,stop,False,-1292.0,1275.0
2026-07-07,ESU6,open_retest|none|3,-1,18,19,44,7577.750000000001,7550.000000000001,7587.000000000001,7550.000000000001,target,False,1383.0,462.5
2026-07-08,ESU6,open_retest|none|3,1,58,59,70,7507.750000000001,7496.750000000001,7497.000000000001,7540.000000000001,stop,False,-554.5,537.5
2026-07-13,ESU6,open_retest|none|3,-1,79,80,179,7594.500000000001,7571.250000000001,7602.250000000001,7571.250000000001,target,False,1158.0,387.5
2026-07-14,ESU6,open_retest|none|3,-1,56,57,64,7577.250000000001,7588.250000000001,7588.000000000001,7545.000000000001,stop,False,-554.5,537.5
2026-07-15,ESU6,open_retest|none|3,1,61,62,68,7612.750000000001,7605.250000000001,7605.500000000001,7634.500000000001,stop,False,-379.5,362.5
2026-07-17,ESU6,open_retest|none|3,-1,15,16,18,7484.250000000001,7494.250000000001,7494.000000000001,7455.000000000001,stop,False,-504.5,487.5
2026-07-23,ESU6,open_retest|none|3,1,38,39,95,7454.250000000001,7433.250000000001,7433.500000000001,7516.500000000001,stop,False,-1054.5,1037.5
2026-07-24,ESU6,open_retest|none|3,1,20,21,21,7448.500000000001,7441.750000000001,7442.000000000001,7468.000000000001,stop,False,-342.0,325.0
2026-07-30,ESU6,open_retest|none|3,-1,111,112,134,7411.750000000001,7423.000000000001,7422.750000000001,7378.750000000001,stop,False,-567.0,550.0
2025-12-11,ESZ5,open_retest|vwap|2,1,95,96,119,6868.5,6861.25,6861.5,6882.5,stop,False,-367.0,350.0
2025-12-26,ESH6,open_retest|vwap|2,-1,50,51,388,6982.75,6981.25,6989.75,6968.75,flatten,False,70.5,350.0
2026-01-16,ESH6,open_retest|vwap|2,-1,15,16,27,6995.0,6983.0,7001.0,6983.0,target,False,595.5,300.0
2026-02-12,ESH6,open_retest|vwap|2,-1,17,18,38,6976.0,6962.0,6983.0,6962.0,target,False,695.5,350.0
2026-03-11,ESH6,open_retest|vwap|2,-1,23,24,28,6787.25,6794.25,6794.0,6773.75,stop,False,-354.5,337.5
2026-03-13,ESH6,open_retest|vwap|2,-1,67,68,86,6704.25,6673.75,6719.5,6673.75,target,False,1520.5,762.5
2026-03-25,ESM6,open_retest|vwap|2,-1,55,56,106,6656.0,6632.0,6668.0,6632.0,target,False,1195.5,600.0
2026-04-02,ESM6,open_retest|vwap|2,-1,15,16,21,6527.0,6539.5,6539.25,6502.5,stop,False,-629.5,612.5
2026-05-04,ESM6,open_retest|vwap|2,1,38,39,49,7253.0,7264.0,7247.5,7264.0,target,False,545.5,275.0
2026-05-07,ESM6,open_retest|vwap|2,1,78,79,116,7401.250000000001,7395.750000000001,7396.000000000001,7411.750000000001,stop,False,-279.5,262.5
2026-05-18,ESM6,open_retest|vwap|2,1,30,31,32,7440.750000000001,7429.750000000001,7430.000000000001,7462.250000000001,stop,False,-554.5,537.5
2026-05-20,ESM6,open_retest|vwap|2,1,24,25,33,7398.500000000001,7388.500000000001,7388.750000000001,7418.000000000001,stop,False,-504.5,487.5
2026-05-21,ESM6,open_retest|vwap|2,-1,59,60,60,7422.000000000001,7429.000000000001,7428.750000000001,7408.500000000001,stop,False,-354.5,337.5
2026-05-28,ESM6,open_retest|vwap|2,1,40,41,42,7536.000000000001,7548.000000000001,7530.000000000001,7548.000000000001,target,False,595.5,300.0
2026-05-29,ESM6,open_retest|vwap|2,-1,81,82,83,7588.500000000001,7598.500000000001,7598.250000000001,7569.000000000001,stop,False,-504.5,487.5
2026-07-13,ESU6,open_retest|vwap|2,-1,79,80,167,7594.500000000001,7579.000000000001,7602.250000000001,7579.000000000001,target,False,770.5,387.5
2026-07-24,ESU6,open_retest|vwap|2,-1,32,33,38,7440.750000000001,7447.500000000001,7447.250000000001,7427.750000000001,stop,False,-342.0,325.0
2026-07-30,ESU6,open_retest|vwap|2,-1,111,112,134,7411.750000000001,7423.000000000001,7422.750000000001,7389.750000000001,stop,False,-567.0,550.0
2025-12-11,ESZ5,open_retest|vwap|3,1,95,96,119,6868.5,6861.25,6861.5,6889.5,stop,False,-367.0,350.0
2025-12-26,ESH6,open_retest|vwap|3,-1,50,51,388,6982.75,6981.25,6989.75,6961.75,flatten,False,70.5,350.0
2026-01-16,ESH6,open_retest|vwap|3,-1,15,16,31,6995.0,6977.0,7001.0,6977.0,target,False,895.5,300.0
2026-02-12,ESH6,open_retest|vwap|3,-1,17,18,67,6976.0,6955.0,6983.0,6955.0,target,False,1045.5,350.0
2026-03-11,ESH6,open_retest|vwap|3,-1,23,24,28,6787.25,6794.25,6794.0,6767.0,stop,False,-354.5,337.5
2026-03-13,ESH6,open_retest|vwap|3,-1,67,68,117,6704.25,6658.5,6719.5,6658.5,target,False,2283.0,762.5
2026-03-25,ESM6,open_retest|vwap|3,-1,55,56,107,6656.0,6620.0,6668.0,6620.0,target,False,1795.5,600.0
2026-04-02,ESM6,open_retest|vwap|3,-1,15,16,21,6527.0,6539.5,6539.25,6490.25,stop,False,-629.5,612.5
2026-05-04,ESM6,open_retest|vwap|3,1,38,39,68,7253.0,7269.5,7247.5,7269.5,target,False,820.5,275.0
2026-05-07,ESM6,open_retest|vwap|3,1,78,79,116,7401.250000000001,7395.750000000001,7396.000000000001,7417.000000000001,stop,False,-279.5,262.5
2026-05-18,ESM6,open_retest|vwap|3,1,30,31,32,7440.750000000001,7429.750000000001,7430.000000000001,7473.000000000001,stop,False,-554.5,537.5
2026-05-20,ESM6,open_retest|vwap|3,1,24,25,33,7398.500000000001,7388.500000000001,7388.750000000001,7427.750000000001,stop,False,-504.5,487.5
2026-05-21,ESM6,open_retest|vwap|3,-1,59,60,60,7422.000000000001,7429.000000000001,7428.750000000001,7401.750000000001,stop,False,-354.5,337.5
2026-05-28,ESM6,open_retest|vwap|3,1,40,41,42,7536.000000000001,7554.000000000001,7530.000000000001,7554.000000000001,target,False,895.5,300.0
2026-05-29,ESM6,open_retest|vwap|3,-1,81,82,83,7588.500000000001,7598.500000000001,7598.250000000001,7559.250000000001,stop,False,-504.5,487.5
2026-07-13,ESU6,open_retest|vwap|3,-1,79,80,179,7594.500000000001,7571.250000000001,7602.250000000001,7571.250000000001,target,False,1158.0,387.5
2026-07-24,ESU6,open_retest|vwap|3,-1,32,33,38,7440.750000000001,7447.500000000001,7447.250000000001,7421.250000000001,stop,False,-342.0,325.0
2026-07-30,ESU6,open_retest|vwap|3,-1,111,112,134,7411.750000000001,7423.000000000001,7422.750000000001,7378.750000000001,stop,False,-567.0,550.0
2026-01-20,ESH6,open_retest|flow|2,1,37,38,55,6873.5,6892.5,6864.0,6892.5,target,False,945.5,475.0
2026-01-20,ESH6,open_retest|flow|3,1,37,38,64,6873.5,6902.0,6864.0,6902.0,target,False,1420.5,475.0
