sizing,slippage_ticks,horizon,start,window_end,status,end,closed_net_before_breach,trades,skipped,max_qty,minimum_cushion_usd,best_day_usd,required_profit_usd,sessions_elapsed,calendar_days_elapsed
1_ES_baseline,1,20,2025-12-01,2025-12-30,breached,2025-12-10,-1906.4,6,0,1,-372.68,0.0,3000.0,8,10
1_ES_baseline,1,20,2025-12-02,2025-12-31,breached,2025-12-10,-1906.4,6,0,1,-372.68,0.0,3000.0,7,9
1_ES_baseline,1,20,2025-12-03,2026-01-02,breached,2025-12-10,-1552.62,5,0,1,-18.9,0.0,3000.0,6,8
1_ES_baseline,1,20,2025-12-04,2026-01-05,breached,2025-12-31,-1190.42,15,0,1,-305.24,1796.22,3592.44,18,28
1_ES_baseline,1,20,2025-12-05,2026-01-06,breached,2025-12-31,-736.64,14,0,1,-305.24,1796.22,3592.44,17,27
1_ES_baseline,1,20,2025-12-08,2026-01-07,breached,2025-12-31,-407.86,13,0,1,-305.24,1796.22,3592.44,16,24
1_ES_baseline,1,20,2025-12-09,2026-01-08,breached,2025-12-31,-407.86,13,0,1,-305.24,1796.22,3592.44,15,23
1_ES_baseline,1,20,2025-12-10,2026-01-09,breached,2025-12-31,-54.08,12,0,1,-305.24,1796.22,3592.44,14,22
1_ES_baseline,1,20,2025-12-11,2026-01-12,breached,2025-12-31,412.2,11,0,1,-54.08,1796.22,3592.44,13,21
1_ES_baseline,1,20,2025-12-12,2026-01-13,breached,2025-12-31,-634.02,10,0,1,-305.24,1796.22,3592.44,12,20
1_ES_baseline,1,20,2025-12-15,2026-01-14,breached,2025-12-31,-634.02,10,0,1,-305.24,1796.22,3592.44,11,17
1_ES_baseline,1,20,2025-12-16,2026-01-15,breached,2025-12-31,-42.74,9,0,1,-305.24,1796.22,3592.44,10,16
1_ES_baseline,1,20,2025-12-17,2026-01-16,breached,2025-12-31,-1838.96,8,0,1,-305.24,1196.22,3000.0,9,15
1_ES_baseline,1,20,2025-12-18,2026-01-20,breached,2025-12-31,-1210.18,7,0,1,-93.9,1196.22,3000.0,8,14
1_ES_baseline,1,20,2025-12-19,2026-01-21,breached,2025-12-31,-1210.18,7,0,1,-93.9,1196.22,3000.0,7,13
1_ES_baseline,1,20,2025-12-22,2026-01-22,breached,2025-12-31,-431.4,6,0,1,-93.9,1196.22,3000.0,6,10
1_ES_baseline,1,20,2025-12-23,2026-01-23,breached,2025-12-31,-1627.62,5,0,1,-93.9,0.0,3000.0,5,9
1_ES_baseline,1,20,2025-12-26,2026-01-26,breached,2026-01-20,-449.14,14,0,1,-93.9,1571.22,3142.44,16,26
1_ES_baseline,1,20,2025-12-29,2026-01-27,breached,2026-01-20,-82.86,13,0,1,-93.9,1571.22,3142.44,15,23
1_ES_baseline,1,20,2025-12-30,2026-01-28,unfinished,2026-01-28,355.8,15,0,1,304.64,1571.22,3142.44,20,30
1_ES_baseline,1,20,2025-12-31,2026-01-29,breached,2026-01-29,572.08,15,0,1,-419.2,1571.22,3142.44,20,30
1_ES_baseline,1,20,2026-01-02,2026-01-30,breached,2026-01-30,47.08,15,0,1,-44.2,1571.22,3142.44,20,29
1_ES_baseline,1,20,2026-01-05,2026-02-02,breached,2026-01-20,-442.74,9,0,1,-93.9,1383.72,3000.0,11,16
1_ES_baseline,1,20,2026-01-06,2026-02-03,breached,2026-01-20,-442.74,9,0,1,-93.9,1383.72,3000.0,10,15
1_ES_baseline,1,20,2026-01-07,2026-02-04,breached,2026-01-20,-201.46,8,0,1,-93.9,1383.72,3000.0,9,14
1_ES_baseline,1,20,2026-01-08,2026-02-05,breached,2026-01-20,-1022.68,7,0,1,-93.9,1383.72,3000.0,8,13
1_ES_baseline,1,20,2026-01-09,2026-02-06,breached,2026-01-20,-568.9,6,0,1,-93.9,1383.72,3000.0,7,12
1_ES_baseline,1,20,2026-01-12,2026-02-09,breached,2026-01-20,-1952.62,5,0,1,-93.9,0.0,3000.0,6,9
1_ES_baseline,1,20,2026-01-13,2026-02-10,breached,2026-01-29,-1351.46,8,0,1,-502.62,1421.22,3000.0,12,17
1_ES_baseline,1,20,2026-01-14,2026-02-11,breached,2026-01-29,-1022.68,7,0,1,-502.62,1421.22,3000.0,11,16
1_ES_baseline,1,20,2026-01-15,2026-02-12,breached,2026-01-29,-406.4,6,0,1,-502.62,1421.22,3000.0,10,15
1_ES_baseline,1,20,2026-01-16,2026-02-13,breached,2026-01-29,-90.12,5,0,1,-502.62,1421.22,3000.0,9,14
1_ES_baseline,1,20,2026-01-20,2026-02-17,breached,2026-01-29,-90.12,5,0,1,-502.62,1421.22,3000.0,8,10
1_ES_baseline,1,20,2026-01-21,2026-02-18,breached,2026-01-29,-1511.34,4,0,1,-502.62,0.0,3000.0,7,9
1_ES_baseline,1,20,2026-01-22,2026-02-19,breached,2026-01-29,-1511.34,4,0,1,-502.62,0.0,3000.0,6,8
1_ES_baseline,1,20,2026-01-23,2026-02-20,breached,2026-01-29,-1032.56,3,0,1,-23.84,0.0,3000.0,5,7
1_ES_baseline,1,20,2026-01-26,2026-02-23,breached,2026-02-06,-97.68,7,0,1,-382.56,1833.72,3667.44,10,12
1_ES_baseline,1,20,2026-01-27,2026-02-24,breached,2026-02-06,531.1,6,0,1,-382.56,1833.72,3667.44,9,11
1_ES_baseline,1,20,2026-01-28,2026-02-25,breached,2026-02-06,531.1,6,0,1,-382.56,1833.72,3667.44,8,10
1_ES_baseline,1,20,2026-01-29,2026-02-26,breached,2026-02-06,531.1,6,0,1,-382.56,1833.72,3667.44,7,9
1_ES_baseline,1,20,2026-01-30,2026-02-27,breached,2026-02-10,318.6,6,0,1,-235.18,1833.72,3667.44,8,12
1_ES_baseline,1,20,2026-02-02,2026-03-02,breached,2026-02-06,-311.34,4,0,1,-382.56,1721.22,3442.44,5,5
1_ES_baseline,1,20,2026-02-03,2026-03-03,breached,2026-02-06,542.44,3,0,1,-382.56,1721.22,3442.44,4,4
1_ES_baseline,1,20,2026-02-04,2026-03-04,breached,2026-02-06,542.44,3,0,1,-382.56,1721.22,3442.44,3,3
1_ES_baseline,1,20,2026-02-05,2026-03-05,breached,2026-02-06,-1178.78,2,0,1,-382.56,0.0,3000.0,2,2
1_ES_baseline,1,20,2026-02-06,2026-03-06,breached,2026-02-13,-1757.56,3,0,1,-1048.84,0.0,3000.0,6,8
1_ES_baseline,1,20,2026-02-09,2026-03-09,breached,2026-02-17,-1845.06,3,0,1,-461.34,0.0,3000.0,6,9
1_ES_baseline,1,20,2026-02-10,2026-03-10,breached,2026-02-17,-1845.06,3,0,1,-461.34,0.0,3000.0,5,8
1_ES_baseline,1,20,2026-02-11,2026-03-11,breached,2026-02-23,-727.62,5,0,1,-198.84,2096.22,4192.44,8,13
1_ES_baseline,1,20,2026-02-12,2026-03-12,breached,2026-02-23,-727.62,5,0,1,-198.84,2096.22,4192.44,7,12
1_ES_baseline,1,20,2026-02-13,2026-03-13,breached,2026-02-23,-727.62,5,0,1,-198.84,2096.22,4192.44,6,11
1_ES_baseline,1,20,2026-02-17,2026-03-16,breached,2026-02-23,563.66,4,0,1,-102.62,2096.22,4192.44,5,7
1_ES_baseline,1,20,2026-02-18,2026-03-17,breached,2026-02-23,-1532.56,3,0,1,-198.84,0.0,3000.0,4,6
1_ES_baseline,1,20,2026-02-19,2026-03-18,breached,2026-02-23,-1532.56,3,0,1,-198.84,0.0,3000.0,3,5
1_ES_baseline,1,20,2026-02-20,2026-03-19,breached,2026-02-24,-1607.56,3,0,1,-736.34,0.0,3000.0,3,5
1_ES_baseline,1,20,2026-02-23,2026-03-20,breached,2026-02-25,-1795.06,3,0,1,-148.84,0.0,3000.0,3,3
1_ES_baseline,1,20,2026-02-24,2026-03-23,breached,2026-02-27,-1482.56,3,0,1,-148.84,0.0,3000.0,4,4
1_ES_baseline,1,20,2026-02-25,2026-03-24,breached,2026-03-02,-1020.06,3,0,1,-148.84,0.0,3000.0,4,6
1_ES_baseline,1,20,2026-02-26,2026-03-25,breached,2026-03-03,-1795.06,3,0,1,-811.34,0.0,3000.0,4,6
1_ES_baseline,1,20,2026-02-27,2026-03-26,breached,2026-03-03,-1795.06,3,0,1,-811.34,0.0,3000.0,3,5
1_ES_baseline,1,20,2026-03-02,2026-03-27,breached,2026-03-03,-1128.78,2,0,1,-145.06,0.0,3000.0,2,2
1_ES_baseline,1,20,2026-03-03,2026-03-30,passed_numeric_rules,2026-03-09,7656.1,5,0,1,729.94,2996.22,5992.44,5,7
1_ES_baseline,1,20,2026-03-04,2026-03-31,passed_numeric_rules,2026-03-06,5676.16,3,0,1,1746.22,2621.22,5242.44,3,3
1_ES_baseline,1,20,2026-03-05,2026-04-01,passed_numeric_rules,2026-03-09,6051.16,3,0,1,1883.72,2996.22,5992.44,3,5
1_ES_baseline,1,20,2026-03-06,2026-04-02,passed_numeric_rules,2026-03-10,6351.16,3,0,1,1621.22,2996.22,5992.44,3,5
1_ES_baseline,1,20,2026-03-09,2026-04-06,passed_numeric_rules,2026-03-11,6288.66,3,0,1,1621.22,2996.22,5992.44,3,3
1_ES_baseline,1,20,2026-03-10,2026-04-07,passed_numeric_rules,2026-03-13,5109.88,4,0,1,1921.22,2283.72,4567.44,4,4
1_ES_baseline,1,20,2026-03-11,2026-04-08,breached,2026-03-31,513.36,14,0,1,-65.42,2283.72,4567.44,15,21
1_ES_baseline,1,20,2026-03-12,2026-04-09,breached,2026-03-25,7.26,9,0,1,-609.02,2283.72,4567.44,10,14
1_ES_baseline,1,20,2026-03-13,2026-04-10,breached,2026-03-25,473.54,8,0,1,-142.74,2283.72,4567.44,9,13
1_ES_baseline,1,20,2026-03-16,2026-04-13,breached,2026-03-23,-65.12,5,0,1,-11.34,1571.22,3142.44,6,8
1_ES_baseline,1,20,2026-03-17,2026-04-14,breached,2026-03-23,476.16,4,0,1,-11.34,1571.22,3142.44,5,7
1_ES_baseline,1,20,2026-03-18,2026-04-15,breached,2026-03-23,-1095.06,3,0,1,-11.34,0.0,3000.0,4,6
1_ES_baseline,1,20,2026-03-19,2026-04-16,breached,2026-03-24,-1570.06,3,0,1,-398.84,0.0,3000.0,4,6
1_ES_baseline,1,20,2026-03-20,2026-04-17,breached,2026-03-25,-1745.06,3,0,1,-361.34,0.0,3000.0,4,6
1_ES_baseline,1,20,2026-03-23,2026-04-20,breached,2026-03-25,-1745.06,3,0,1,-361.34,0.0,3000.0,3,3
1_ES_baseline,1,20,2026-03-24,2026-04-21,breached,2026-03-31,-1331.4,6,0,1,-261.34,1796.22,3592.44,6,8
1_ES_baseline,1,20,2026-03-25,2026-04-22,breached,2026-03-31,-502.62,5,0,1,-261.34,1796.22,3592.44,5,7
1_ES_baseline,1,20,2026-03-26,2026-04-23,breached,2026-03-31,113.66,4,0,1,-261.34,1796.22,3592.44,4,6
1_ES_baseline,1,20,2026-03-27,2026-04-24,breached,2026-03-31,-1682.56,3,0,1,-261.34,0.0,3000.0,3,5
1_ES_baseline,1,20,2026-03-30,2026-04-27,breached,2026-04-06,-1507.56,3,0,1,-136.34,0.0,3000.0,5,8
1_ES_baseline,1,20,2026-03-31,2026-04-28,breached,2026-04-09,-1923.84,4,0,1,-265.12,0.0,3000.0,7,10
1_ES_baseline,1,20,2026-04-01,2026-04-29,breached,2026-04-10,-1686.34,4,0,1,-77.62,0.0,3000.0,7,10
1_ES_baseline,1,20,2026-04-02,2026-04-30,breached,2026-04-10,-1686.34,4,0,1,-77.62,0.0,3000.0,6,9
1_ES_baseline,1,20,2026-04-06,2026-05-01,breached,2026-04-10,-1686.34,4,0,1,-77.62,0.0,3000.0,5,5
1_ES_baseline,1,20,2026-04-07,2026-05-04,breached,2026-04-16,-1990.12,5,0,1,-256.4,0.0,3000.0,8,10
1_ES_baseline,1,20,2026-04-08,2026-05-05,passed_numeric_rules,2026-04-27,3512.2,10,0,1,459.88,1271.22,3000.0,14,20
1_ES_baseline,1,20,2026-04-09,2026-05-06,passed_numeric_rules,2026-04-27,3512.2,10,0,1,459.88,1271.22,3000.0,13,19
1_ES_baseline,1,20,2026-04-10,2026-05-07,passed_numeric_rules,2026-04-27,3853.48,9,0,1,801.16,1271.22,3000.0,12,18
1_ES_baseline,1,20,2026-04-13,2026-05-08,passed_numeric_rules,2026-04-24,3086.04,7,0,1,1192.44,1271.22,3000.0,10,12
1_ES_baseline,1,20,2026-04-14,2026-05-11,passed_numeric_rules,2026-04-24,3086.04,7,0,1,1192.44,1271.22,3000.0,9,11
1_ES_baseline,1,20,2026-04-15,2026-05-12,passed_numeric_rules,2026-04-24,3086.04,7,0,1,1192.44,1271.22,3000.0,8,10
1_ES_baseline,1,20,2026-04-16,2026-05-13,passed_numeric_rules,2026-04-21,3101.16,3,0,1,1721.22,1271.22,3000.0,4,6
1_ES_baseline,1,20,2026-04-17,2026-05-14,passed_numeric_rules,2026-04-27,3889.82,6,0,1,1218.6,1271.22,3000.0,7,11
1_ES_baseline,1,20,2026-04-20,2026-05-15,passed_numeric_rules,2026-04-27,3889.82,6,0,1,1218.6,1271.22,3000.0,6,8
1_ES_baseline,1,20,2026-04-21,2026-05-18,passed_numeric_rules,2026-04-29,3336.04,7,0,1,1013.66,1271.22,3000.0,7,9
1_ES_baseline,1,20,2026-04-22,2026-05-19,passed_numeric_rules,2026-05-15,5135.74,17,0,1,1013.66,2546.22,5092.44,18,24
1_ES_baseline,1,20,2026-04-23,2026-05-20,passed_numeric_rules,2026-05-15,5439.52,16,0,1,1304.94,2546.22,5092.44,17,23
1_ES_baseline,1,20,2026-04-24,2026-05-21,passed_numeric_rules,2026-04-30,5281.1,5,0,1,1659.88,2546.22,5092.44,5,7
1_ES_baseline,1,20,2026-04-27,2026-05-22,passed_numeric_rules,2026-05-18,6218.3,15,0,1,1304.94,2546.22,5092.44,16,22
1_ES_baseline,1,20,2026-04-28,2026-05-26,passed_numeric_rules,2026-05-19,6743.3,15,0,1,1070.92,2546.22,5092.44,16,22
1_ES_baseline,1,20,2026-04-29,2026-05-27,passed_numeric_rules,2026-05-18,5613.36,13,0,1,1346.22,2546.22,5092.44,14,20
1_ES_baseline,1,20,2026-04-30,2026-05-28,passed_numeric_rules,2026-05-19,6363.36,13,0,1,690.98,2546.22,5092.44,14,20
1_ES_baseline,1,20,2026-05-01,2026-05-29,passed_numeric_rules,2026-05-19,3817.14,12,0,1,144.76,1683.72,3367.44,13,19
1_ES_baseline,1,20,2026-05-04,2026-06-01,passed_numeric_rules,2026-05-19,4308.42,11,0,1,604.94,1683.72,3367.44,12,16
1_ES_baseline,1,20,2026-05-05,2026-06-02,passed_numeric_rules,2026-05-19,4599.7,10,0,1,604.94,1683.72,3367.44,11,15
1_ES_baseline,1,20,2026-05-06,2026-06-03,passed_numeric_rules,2026-05-19,4865.98,9,0,1,604.94,1683.72,3367.44,10,14
1_ES_baseline,1,20,2026-05-07,2026-06-04,passed_numeric_rules,2026-05-18,3648.54,7,0,1,604.94,1608.72,3217.44,8,12
1_ES_baseline,1,20,2026-05-08,2026-06-05,passed_numeric_rules,2026-05-19,4548.54,7,0,1,604.94,1683.72,3367.44,8,12
1_ES_baseline,1,20,2026-05-11,2026-06-08,passed_numeric_rules,2026-05-19,4548.54,7,0,1,604.94,1683.72,3367.44,7,9
1_ES_baseline,1,20,2026-05-12,2026-06-09,passed_numeric_rules,2026-05-18,3368.6,5,0,1,604.94,1608.72,3217.44,5,7
1_ES_baseline,1,20,2026-05-13,2026-06-10,passed_numeric_rules,2026-05-18,3822.38,4,0,1,604.94,1608.72,3217.44,4,6
1_ES_baseline,1,20,2026-05-14,2026-06-11,passed_numeric_rules,2026-05-19,4009.88,4,0,1,604.94,1683.72,3367.44,4,6
1_ES_baseline,1,20,2026-05-15,2026-06-12,passed_numeric_rules,2026-05-19,4551.16,3,0,1,1146.22,1683.72,3367.44,3,5
1_ES_baseline,1,20,2026-05-18,2026-06-15,breached,2026-06-05,317.14,13,0,1,-361.64,1683.72,3367.44,14,19
1_ES_baseline,1,20,2026-05-19,2026-06-16,breached,2026-05-28,-10.18,7,0,1,-10.18,1683.72,3367.44,7,10
1_ES_baseline,1,20,2026-05-20,2026-06-17,breached,2026-05-28,-1693.9,6,0,1,-10.18,121.22,3000.0,6,9
1_ES_baseline,1,20,2026-05-21,2026-06-18,breached,2026-06-04,-1955.24,9,0,1,-471.52,408.72,3000.0,10,15
1_ES_baseline,1,20,2026-05-22,2026-06-22,breached,2026-06-04,-1601.46,8,0,1,-238.96,408.72,3000.0,9,14
1_ES_baseline,1,20,2026-05-26,2026-06-23,breached,2026-06-04,-1722.68,7,0,1,-238.96,408.72,3000.0,8,10
1_ES_baseline,1,20,2026-05-27,2026-06-24,breached,2026-06-05,-1822.68,7,0,1,-501.46,408.72,3000.0,8,10
1_ES_baseline,1,20,2026-05-28,2026-06-25,breached,2026-06-05,-1281.4,6,0,1,-52.62,408.72,3000.0,7,9
1_ES_baseline,1,20,2026-05-29,2026-06-26,breached,2026-06-05,-965.12,5,0,1,-52.62,408.72,3000.0,6,8
1_ES_baseline,1,20,2026-06-01,2026-06-29,breached,2026-06-05,-1373.84,4,0,1,-52.62,0.0,3000.0,5,5
1_ES_baseline,1,20,2026-06-02,2026-06-30,breached,2026-06-05,-1373.84,4,0,1,-52.62,0.0,3000.0,4,4
1_ES_baseline,1,20,2026-06-03,2026-07-01,breached,2026-06-08,-1786.34,4,0,1,-590.12,0.0,3000.0,4,6
1_ES_baseline,1,20,2026-06-04,2026-07-02,breached,2026-06-09,-1998.84,4,0,1,-177.62,0.0,3000.0,4,6
1_ES_baseline,1,20,2026-06-05,2026-07-06,unfinished,2026-07-06,5493.3,15,0,1,117.44,3821.22,7642.44,20,32
1_ES_baseline,1,20,2026-06-08,2026-07-07,unfinished,2026-07-07,6172.08,14,0,1,117.44,3821.22,7642.44,20,30
1_ES_baseline,1,20,2026-06-09,2026-07-08,unfinished,2026-07-08,6422.08,14,0,1,117.44,3821.22,7642.44,20,30
1_ES_baseline,1,20,2026-06-10,2026-07-09,unfinished,2026-07-09,4109.58,14,0,1,62.2,3821.22,7642.44,20,30
1_ES_baseline,1,20,2026-06-11,2026-07-10,unfinished,2026-07-10,4934.58,14,0,1,1265.98,3821.22,7642.44,20,30
1_ES_baseline,1,20,2026-06-12,2026-07-13,breached,2026-06-25,1064.82,7,0,1,-313.96,3821.22,7642.44,9,14
1_ES_baseline,1,20,2026-06-15,2026-07-14,breached,2026-06-24,-1990.12,5,0,1,-756.4,0.0,3000.0,7,10
1_ES_baseline,1,20,2026-06-16,2026-07-15,breached,2026-06-24,-1536.34,4,0,1,-302.62,0.0,3000.0,6,9
1_ES_baseline,1,20,2026-06-17,2026-07-16,breached,2026-06-25,-1973.84,4,0,1,-1352.62,0.0,3000.0,6,9
1_ES_baseline,1,20,2026-06-18,2026-07-17,breached,2026-06-25,-1582.56,3,0,1,-961.34,0.0,3000.0,5,8
1_ES_baseline,1,20,2026-06-22,2026-07-20,breached,2026-06-25,-1582.56,3,0,1,-961.34,0.0,3000.0,4,4
1_ES_baseline,1,20,2026-06-23,2026-07-21,breached,2026-06-25,-1582.56,3,0,1,-961.34,0.0,3000.0,3,3
1_ES_baseline,1,20,2026-06-24,2026-07-22,breached,2026-06-25,-766.28,2,0,1,-145.06,0.0,3000.0,2,2
1_ES_baseline,1,20,2026-06-25,2026-07-23,unfinished,2026-07-23,925.86,13,0,1,67.44,2921.22,5842.44,20,29
1_ES_baseline,1,20,2026-06-26,2026-07-24,unfinished,2026-07-24,1963.36,13,0,1,1446.22,2921.22,5842.44,20,29
1_ES_baseline,1,20,2026-06-29,2026-07-27,unfinished,2026-07-27,1963.36,13,0,1,1446.22,2921.22,5842.44,20,29
1_ES_baseline,1,20,2026-06-30,2026-07-28,breached,2026-07-13,193.6,6,0,1,-210.18,2396.22,4792.44,9,14
1_ES_baseline,1,20,2026-07-01,2026-07-29,breached,2026-07-13,193.6,6,0,1,-210.18,2396.22,4792.44,8,13
1_ES_baseline,1,20,2026-07-02,2026-07-30,breached,2026-07-13,193.6,6,0,1,-210.18,2396.22,4792.44,7,12
1_ES_baseline,1,20,2026-07-06,2026-07-31,breached,2026-07-10,-1823.84,4,0,1,-202.62,0.0,3000.0,5,5
1_ES_baseline,1,60,2025-12-01,2026-02-27,breached,2025-12-10,-1906.4,6,0,1,-372.68,0.0,3000.0,8,10
1_ES_baseline,1,60,2025-12-02,2026-03-02,breached,2025-12-10,-1906.4,6,0,1,-372.68,0.0,3000.0,7,9
1_ES_baseline,1,60,2025-12-03,2026-03-03,breached,2025-12-10,-1552.62,5,0,1,-18.9,0.0,3000.0,6,8
1_ES_baseline,1,60,2025-12-04,2026-03-04,breached,2025-12-31,-1190.42,15,0,1,-305.24,1796.22,3592.44,18,28
1_ES_baseline,1,60,2025-12-05,2026-03-05,breached,2025-12-31,-736.64,14,0,1,-305.24,1796.22,3592.44,17,27
1_ES_baseline,1,60,2025-12-08,2026-03-06,breached,2025-12-31,-407.86,13,0,1,-305.24,1796.22,3592.44,16,24
1_ES_baseline,1,60,2025-12-09,2026-03-09,breached,2025-12-31,-407.86,13,0,1,-305.24,1796.22,3592.44,15,23
1_ES_baseline,1,60,2025-12-10,2026-03-10,breached,2025-12-31,-54.08,12,0,1,-305.24,1796.22,3592.44,14,22
1_ES_baseline,1,60,2025-12-11,2026-03-11,breached,2025-12-31,412.2,11,0,1,-54.08,1796.22,3592.44,13,21
1_ES_baseline,1,60,2025-12-12,2026-03-12,breached,2025-12-31,-634.02,10,0,1,-305.24,1796.22,3592.44,12,20
1_ES_baseline,1,60,2025-12-15,2026-03-13,breached,2025-12-31,-634.02,10,0,1,-305.24,1796.22,3592.44,11,17
1_ES_baseline,1,60,2025-12-16,2026-03-16,breached,2025-12-31,-42.74,9,0,1,-305.24,1796.22,3592.44,10,16
1_ES_baseline,1,60,2025-12-17,2026-03-17,breached,2025-12-31,-1838.96,8,0,1,-305.24,1196.22,3000.0,9,15
1_ES_baseline,1,60,2025-12-18,2026-03-18,breached,2025-12-31,-1210.18,7,0,1,-93.9,1196.22,3000.0,8,14
1_ES_baseline,1,60,2025-12-19,2026-03-19,breached,2025-12-31,-1210.18,7,0,1,-93.9,1196.22,3000.0,7,13
1_ES_baseline,1,60,2025-12-22,2026-03-20,breached,2025-12-31,-431.4,6,0,1,-93.9,1196.22,3000.0,6,10
1_ES_baseline,1,60,2025-12-23,2026-03-23,breached,2025-12-31,-1627.62,5,0,1,-93.9,0.0,3000.0,5,9
1_ES_baseline,1,60,2025-12-26,2026-03-24,breached,2026-01-20,-449.14,14,0,1,-93.9,1571.22,3142.44,16,26
1_ES_baseline,1,60,2025-12-29,2026-03-25,breached,2026-01-20,-82.86,13,0,1,-93.9,1571.22,3142.44,15,23
1_ES_baseline,1,60,2025-12-30,2026-03-26,breached,2026-01-29,355.8,16,0,1,-635.48,1571.22,3142.44,21,31
1_ES_baseline,1,60,2025-12-31,2026-03-27,breached,2026-01-29,572.08,15,0,1,-419.2,1571.22,3142.44,20,30
1_ES_baseline,1,60,2026-01-02,2026-03-30,breached,2026-01-30,47.08,15,0,1,-44.2,1571.22,3142.44,20,29
1_ES_baseline,1,60,2026-01-05,2026-03-31,breached,2026-01-20,-442.74,9,0,1,-93.9,1383.72,3000.0,11,16
1_ES_baseline,1,60,2026-01-06,2026-04-01,breached,2026-01-20,-442.74,9,0,1,-93.9,1383.72,3000.0,10,15
1_ES_baseline,1,60,2026-01-07,2026-04-02,breached,2026-01-20,-201.46,8,0,1,-93.9,1383.72,3000.0,9,14
1_ES_baseline,1,60,2026-01-08,2026-04-06,breached,2026-01-20,-1022.68,7,0,1,-93.9,1383.72,3000.0,8,13
1_ES_baseline,1,60,2026-01-09,2026-04-07,breached,2026-01-20,-568.9,6,0,1,-93.9,1383.72,3000.0,7,12
1_ES_baseline,1,60,2026-01-12,2026-04-08,breached,2026-01-20,-1952.62,5,0,1,-93.9,0.0,3000.0,6,9
1_ES_baseline,1,60,2026-01-13,2026-04-09,breached,2026-01-29,-1351.46,8,0,1,-502.62,1421.22,3000.0,12,17
1_ES_baseline,1,60,2026-01-14,2026-04-10,breached,2026-01-29,-1022.68,7,0,1,-502.62,1421.22,3000.0,11,16
1_ES_baseline,1,60,2026-01-15,2026-04-13,breached,2026-01-29,-406.4,6,0,1,-502.62,1421.22,3000.0,10,15
1_ES_baseline,1,60,2026-01-16,2026-04-14,breached,2026-01-29,-90.12,5,0,1,-502.62,1421.22,3000.0,9,14
1_ES_baseline,1,60,2026-01-20,2026-04-15,breached,2026-01-29,-90.12,5,0,1,-502.62,1421.22,3000.0,8,10
1_ES_baseline,1,60,2026-01-21,2026-04-16,breached,2026-01-29,-1511.34,4,0,1,-502.62,0.0,3000.0,7,9
1_ES_baseline,1,60,2026-01-22,2026-04-17,breached,2026-01-29,-1511.34,4,0,1,-502.62,0.0,3000.0,6,8
1_ES_baseline,1,60,2026-01-23,2026-04-20,breached,2026-01-29,-1032.56,3,0,1,-23.84,0.0,3000.0,5,7
1_ES_baseline,1,60,2026-01-26,2026-04-21,breached,2026-02-06,-97.68,7,0,1,-382.56,1833.72,3667.44,10,12
1_ES_baseline,1,60,2026-01-27,2026-04-22,breached,2026-02-06,531.1,6,0,1,-382.56,1833.72,3667.44,9,11
1_ES_baseline,1,60,2026-01-28,2026-04-23,breached,2026-02-06,531.1,6,0,1,-382.56,1833.72,3667.44,8,10
1_ES_baseline,1,60,2026-01-29,2026-04-24,breached,2026-02-06,531.1,6,0,1,-382.56,1833.72,3667.44,7,9
1_ES_baseline,1,60,2026-01-30,2026-04-27,breached,2026-02-10,318.6,6,0,1,-235.18,1833.72,3667.44,8,12
1_ES_baseline,1,60,2026-02-02,2026-04-28,breached,2026-02-06,-311.34,4,0,1,-382.56,1721.22,3442.44,5,5
1_ES_baseline,1,60,2026-02-03,2026-04-29,breached,2026-02-06,542.44,3,0,1,-382.56,1721.22,3442.44,4,4
1_ES_baseline,1,60,2026-02-04,2026-04-30,breached,2026-02-06,542.44,3,0,1,-382.56,1721.22,3442.44,3,3
1_ES_baseline,1,60,2026-02-05,2026-05-01,breached,2026-02-06,-1178.78,2,0,1,-382.56,0.0,3000.0,2,2
1_ES_baseline,1,60,2026-02-06,2026-05-04,breached,2026-02-13,-1757.56,3,0,1,-1048.84,0.0,3000.0,6,8
1_ES_baseline,1,60,2026-02-09,2026-05-05,breached,2026-02-17,-1845.06,3,0,1,-461.34,0.0,3000.0,6,9
1_ES_baseline,1,60,2026-02-10,2026-05-06,breached,2026-02-17,-1845.06,3,0,1,-461.34,0.0,3000.0,5,8
1_ES_baseline,1,60,2026-02-11,2026-05-07,breached,2026-02-23,-727.62,5,0,1,-198.84,2096.22,4192.44,8,13
1_ES_baseline,1,60,2026-02-12,2026-05-08,breached,2026-02-23,-727.62,5,0,1,-198.84,2096.22,4192.44,7,12
1_ES_baseline,1,60,2026-02-13,2026-05-11,breached,2026-02-23,-727.62,5,0,1,-198.84,2096.22,4192.44,6,11
1_ES_baseline,1,60,2026-02-17,2026-05-12,breached,2026-02-23,563.66,4,0,1,-102.62,2096.22,4192.44,5,7
1_ES_baseline,1,60,2026-02-18,2026-05-13,breached,2026-02-23,-1532.56,3,0,1,-198.84,0.0,3000.0,4,6
1_ES_baseline,1,60,2026-02-19,2026-05-14,breached,2026-02-23,-1532.56,3,0,1,-198.84,0.0,3000.0,3,5
1_ES_baseline,1,60,2026-02-20,2026-05-15,breached,2026-02-24,-1607.56,3,0,1,-736.34,0.0,3000.0,3,5
1_ES_baseline,1,60,2026-02-23,2026-05-18,breached,2026-02-25,-1795.06,3,0,1,-148.84,0.0,3000.0,3,3
1_ES_baseline,1,60,2026-02-24,2026-05-19,breached,2026-02-27,-1482.56,3,0,1,-148.84,0.0,3000.0,4,4
1_ES_baseline,1,60,2026-02-25,2026-05-20,breached,2026-03-02,-1020.06,3,0,1,-148.84,0.0,3000.0,4,6
1_ES_baseline,1,60,2026-02-26,2026-05-21,breached,2026-03-03,-1795.06,3,0,1,-811.34,0.0,3000.0,4,6
1_ES_baseline,1,60,2026-02-27,2026-05-22,breached,2026-03-03,-1795.06,3,0,1,-811.34,0.0,3000.0,3,5
1_ES_baseline,1,60,2026-03-02,2026-05-26,breached,2026-03-03,-1128.78,2,0,1,-145.06,0.0,3000.0,2,2
1_ES_baseline,1,60,2026-03-03,2026-05-27,passed_numeric_rules,2026-03-09,7656.1,5,0,1,729.94,2996.22,5992.44,5,7
1_ES_baseline,1,60,2026-03-04,2026-05-28,passed_numeric_rules,2026-03-06,5676.16,3,0,1,1746.22,2621.22,5242.44,3,3
1_ES_baseline,1,60,2026-03-05,2026-05-29,passed_numeric_rules,2026-03-09,6051.16,3,0,1,1883.72,2996.22,5992.44,3,5
1_ES_baseline,1,60,2026-03-06,2026-06-01,passed_numeric_rules,2026-03-10,6351.16,3,0,1,1621.22,2996.22,5992.44,3,5
1_ES_baseline,1,60,2026-03-09,2026-06-02,passed_numeric_rules,2026-03-11,6288.66,3,0,1,1621.22,2996.22,5992.44,3,3
1_ES_baseline,1,60,2026-03-10,2026-06-03,passed_numeric_rules,2026-03-13,5109.88,4,0,1,1921.22,2283.72,4567.44,4,4
1_ES_baseline,1,60,2026-03-11,2026-06-04,breached,2026-03-31,513.36,14,0,1,-65.42,2283.72,4567.44,15,21
1_ES_baseline,1,60,2026-03-12,2026-06-05,breached,2026-03-25,7.26,9,0,1,-609.02,2283.72,4567.44,10,14
1_ES_baseline,1,60,2026-03-13,2026-06-08,breached,2026-03-25,473.54,8,0,1,-142.74,2283.72,4567.44,9,13
1_ES_baseline,1,60,2026-03-16,2026-06-09,breached,2026-03-23,-65.12,5,0,1,-11.34,1571.22,3142.44,6,8
1_ES_baseline,1,60,2026-03-17,2026-06-10,breached,2026-03-23,476.16,4,0,1,-11.34,1571.22,3142.44,5,7
1_ES_baseline,1,60,2026-03-18,2026-06-11,breached,2026-03-23,-1095.06,3,0,1,-11.34,0.0,3000.0,4,6
1_ES_baseline,1,60,2026-03-19,2026-06-12,breached,2026-03-24,-1570.06,3,0,1,-398.84,0.0,3000.0,4,6
1_ES_baseline,1,60,2026-03-20,2026-06-15,breached,2026-03-25,-1745.06,3,0,1,-361.34,0.0,3000.0,4,6
1_ES_baseline,1,60,2026-03-23,2026-06-16,breached,2026-03-25,-1745.06,3,0,1,-361.34,0.0,3000.0,3,3
1_ES_baseline,1,60,2026-03-24,2026-06-17,breached,2026-03-31,-1331.4,6,0,1,-261.34,1796.22,3592.44,6,8
1_ES_baseline,1,60,2026-03-25,2026-06-18,breached,2026-03-31,-502.62,5,0,1,-261.34,1796.22,3592.44,5,7
1_ES_baseline,1,60,2026-03-26,2026-06-22,breached,2026-03-31,113.66,4,0,1,-261.34,1796.22,3592.44,4,6
1_ES_baseline,1,60,2026-03-27,2026-06-23,breached,2026-03-31,-1682.56,3,0,1,-261.34,0.0,3000.0,3,5
1_ES_baseline,1,60,2026-03-30,2026-06-24,breached,2026-04-06,-1507.56,3,0,1,-136.34,0.0,3000.0,5,8
1_ES_baseline,1,60,2026-03-31,2026-06-25,breached,2026-04-09,-1923.84,4,0,1,-265.12,0.0,3000.0,7,10
1_ES_baseline,1,60,2026-04-01,2026-06-26,breached,2026-04-10,-1686.34,4,0,1,-77.62,0.0,3000.0,7,10
1_ES_baseline,1,60,2026-04-02,2026-06-29,breached,2026-04-10,-1686.34,4,0,1,-77.62,0.0,3000.0,6,9
1_ES_baseline,1,60,2026-04-06,2026-06-30,breached,2026-04-10,-1686.34,4,0,1,-77.62,0.0,3000.0,5,5
1_ES_baseline,1,60,2026-04-07,2026-07-01,breached,2026-04-16,-1990.12,5,0,1,-256.4,0.0,3000.0,8,10
1_ES_baseline,1,60,2026-04-08,2026-07-02,passed_numeric_rules,2026-04-27,3512.2,10,0,1,459.88,1271.22,3000.0,14,20
1_ES_baseline,1,60,2026-04-09,2026-07-06,passed_numeric_rules,2026-04-27,3512.2,10,0,1,459.88,1271.22,3000.0,13,19
1_ES_baseline,1,60,2026-04-10,2026-07-07,passed_numeric_rules,2026-04-27,3853.48,9,0,1,801.16,1271.22,3000.0,12,18
1_ES_baseline,1,60,2026-04-13,2026-07-08,passed_numeric_rules,2026-04-24,3086.04,7,0,1,1192.44,1271.22,3000.0,10,12
1_ES_baseline,1,60,2026-04-14,2026-07-09,passed_numeric_rules,2026-04-24,3086.04,7,0,1,1192.44,1271.22,3000.0,9,11
1_ES_baseline,1,60,2026-04-15,2026-07-10,passed_numeric_rules,2026-04-24,3086.04,7,0,1,1192.44,1271.22,3000.0,8,10
1_ES_baseline,1,60,2026-04-16,2026-07-13,passed_numeric_rules,2026-04-21,3101.16,3,0,1,1721.22,1271.22,3000.0,4,6
1_ES_baseline,1,60,2026-04-17,2026-07-14,passed_numeric_rules,2026-04-27,3889.82,6,0,1,1218.6,1271.22,3000.0,7,11
1_ES_baseline,1,60,2026-04-20,2026-07-15,passed_numeric_rules,2026-04-27,3889.82,6,0,1,1218.6,1271.22,3000.0,6,8
1_ES_baseline,1,60,2026-04-21,2026-07-16,passed_numeric_rules,2026-04-29,3336.04,7,0,1,1013.66,1271.22,3000.0,7,9
1_ES_baseline,1,60,2026-04-22,2026-07-17,passed_numeric_rules,2026-05-15,5135.74,17,0,1,1013.66,2546.22,5092.44,18,24
1_ES_baseline,1,60,2026-04-23,2026-07-20,passed_numeric_rules,2026-05-15,5439.52,16,0,1,1304.94,2546.22,5092.44,17,23
1_ES_baseline,1,60,2026-04-24,2026-07-21,passed_numeric_rules,2026-04-30,5281.1,5,0,1,1659.88,2546.22,5092.44,5,7
1_ES_baseline,1,60,2026-04-27,2026-07-22,passed_numeric_rules,2026-05-18,6218.3,15,0,1,1304.94,2546.22,5092.44,16,22
1_ES_baseline,1,60,2026-04-28,2026-07-23,passed_numeric_rules,2026-05-19,6743.3,15,0,1,1070.92,2546.22,5092.44,16,22
1_ES_baseline,1,60,2026-04-29,2026-07-24,passed_numeric_rules,2026-05-18,5613.36,13,0,1,1346.22,2546.22,5092.44,14,20
1_ES_baseline,1,60,2026-04-30,2026-07-27,passed_numeric_rules,2026-05-19,6363.36,13,0,1,690.98,2546.22,5092.44,14,20
1_ES_baseline,1,60,2026-05-01,2026-07-28,passed_numeric_rules,2026-05-19,3817.14,12,0,1,144.76,1683.72,3367.44,13,19
1_ES_baseline,1,60,2026-05-04,2026-07-29,passed_numeric_rules,2026-05-19,4308.42,11,0,1,604.94,1683.72,3367.44,12,16
1_ES_baseline,1,60,2026-05-05,2026-07-30,passed_numeric_rules,2026-05-19,4599.7,10,0,1,604.94,1683.72,3367.44,11,15
1_ES_baseline,1,60,2026-05-06,2026-07-31,passed_numeric_rules,2026-05-19,4865.98,9,0,1,604.94,1683.72,3367.44,10,14
MES_proxy_risk_100,1,20,2025-12-01,2025-12-30,unfinished,2025-12-30,-334.16,16,0,4,1467.92,237.56,3000.0,20,30
MES_proxy_risk_100,1,20,2025-12-02,2025-12-31,unfinished,2025-12-31,-429.1,17,0,4,1467.92,237.56,3000.0,20,30
MES_proxy_risk_100,1,20,2025-12-03,2026-01-02,unfinished,2026-01-02,-200.38,17,0,4,1540.36,237.56,3000.0,20,31
MES_proxy_risk_100,1,20,2025-12-04,2026-01-05,unfinished,2026-01-05,-115.44,16,0,4,1594.08,237.56,3000.0,20,33
MES_proxy_risk_100,1,20,2025-12-05,2026-01-06,unfinished,2026-01-06,-122.88,16,0,4,1594.08,237.56,3000.0,20,33
MES_proxy_risk_100,1,20,2025-12-08,2026-01-07,unfinished,2026-01-07,188.4,16,0,4,1594.08,243.84,3000.0,20,31
MES_proxy_risk_100,1,20,2025-12-09,2026-01-08,unfinished,2026-01-08,95.96,17,0,4,1594.08,243.84,3000.0,20,31
MES_proxy_risk_100,1,20,2025-12-10,2026-01-09,unfinished,2026-01-09,443.46,17,0,4,1594.08,275.06,3000.0,20,31
MES_proxy_risk_100,1,20,2025-12-11,2026-01-12,unfinished,2026-01-12,468.43,17,0,4,1594.08,275.06,3000.0,20,33
MES_proxy_risk_100,1,20,2025-12-12,2026-01-13,unfinished,2026-01-13,193.43,17,0,4,1594.08,275.06,3000.0,20,33
MES_proxy_risk_100,1,20,2025-12-15,2026-01-14,unfinished,2026-01-14,130.96,18,0,4,1594.08,275.06,3000.0,20,31
MES_proxy_risk_100,1,20,2025-12-16,2026-01-15,unfinished,2026-01-15,93.52,18,0,4,1594.08,275.06,3000.0,20,31
MES_proxy_risk_100,1,20,2025-12-17,2026-01-16,unfinished,2026-01-16,-85.26,17,0,4,1594.08,275.06,3000.0,20,31
MES_proxy_risk_100,1,20,2025-12-18,2026-01-20,unfinished,2026-01-20,261.02,17,0,4,1594.08,282.56,3000.0,20,34
MES_proxy_risk_100,1,20,2025-12-19,2026-01-21,unfinished,2026-01-21,261.02,17,0,4,1594.08,282.56,3000.0,20,34
MES_proxy_risk_100,1,20,2025-12-22,2026-01-22,unfinished,2026-01-22,242.3,17,0,4,1594.08,282.56,3000.0,20,32
MES_proxy_risk_100,1,20,2025-12-23,2026-01-23,unfinished,2026-01-23,-77.7,17,0,4,1594.08,282.56,3000.0,20,32
MES_proxy_risk_100,1,20,2025-12-26,2026-01-26,unfinished,2026-01-26,-88.95,17,0,4,1646.55,282.56,3000.0,20,32
MES_proxy_risk_100,1,20,2025-12-29,2026-01-27,unfinished,2026-01-27,-14.01,16,0,4,1672.77,282.56,3000.0,20,30
MES_proxy_risk_100,1,20,2025-12-30,2026-01-28,unfinished,2026-01-28,39.71,15,0,4,1672.77,282.56,3000.0,20,30
MES_proxy_risk_100,1,20,2025-12-31,2026-01-29,unfinished,2026-01-29,29.62,15,0,4,1641.7,282.56,3000.0,20,30
MES_proxy_risk_100,1,20,2026-01-02,2026-01-30,unfinished,2026-01-30,307.09,15,0,4,1631.73,282.56,3000.0,20,29
MES_proxy_risk_100,1,20,2026-01-05,2026-02-02,unfinished,2026-02-02,64.59,15,0,4,1631.73,282.56,3000.0,20,29
MES_proxy_risk_100,1,20,2026-01-06,2026-02-03,unfinished,2026-02-03,64.59,15,0,4,1631.73,282.56,3000.0,20,29
MES_proxy_risk_100,1,20,2026-01-07,2026-02-04,unfinished,2026-02-04,335.75,15,0,3,1631.73,282.56,3000.0,20,29
MES_proxy_risk_100,1,20,2026-01-08,2026-02-05,unfinished,2026-02-05,91.91,14,1,3,1631.73,282.56,3000.0,20,29
MES_proxy_risk_100,1,20,2026-01-09,2026-02-06,unfinished,2026-02-06,184.35,13,2,3,1631.73,282.56,3000.0,20,29
MES_proxy_risk_100,1,20,2026-01-12,2026-02-09,unfinished,2026-02-09,-90.71,12,2,3,1631.73,282.56,3000.0,20,29
MES_proxy_risk_100,1,20,2026-01-13,2026-02-10,unfinished,2026-02-10,-76.96,12,2,3,1646.46,282.56,3000.0,20,29
MES_proxy_risk_100,1,20,2026-01-14,2026-02-11,unfinished,2026-02-11,-9.52,11,2,3,1646.46,282.56,3000.0,20,29
MES_proxy_risk_100,1,20,2026-01-15,2026-02-12,unfinished,2026-02-12,52.95,10,2,3,1646.46,282.56,3000.0,20,29
MES_proxy_risk_100,1,20,2026-01-16,2026-02-13,unfinished,2026-02-13,150.36,9,3,2,1646.46,282.56,3000.0,20,29
MES_proxy_risk_100,1,20,2026-01-20,2026-02-17,unfinished,2026-02-17,359.14,10,3,2,1646.46,282.56,3000.0,20,29
MES_proxy_risk_100,1,20,2026-01-21,2026-02-18,unfinished,2026-02-18,76.58,9,3,2,1646.46,208.78,3000.0,20,29
MES_proxy_risk_100,1,20,2026-01-22,2026-02-19,unfinished,2026-02-19,16.61,10,3,2,1646.46,208.78,3000.0,20,29
MES_proxy_risk_100,1,20,2026-01-23,2026-02-20,unfinished,2026-02-20,19.08,10,3,2,1743.9,208.78,3000.0,20,29
MES_proxy_risk_100,1,20,2026-01-26,2026-02-23,unfinished,2026-02-23,34.05,10,3,1,1777.59,208.78,3000.0,20,29
MES_proxy_risk_100,1,20,2026-01-27,2026-02-24,unfinished,2026-02-24,97.77,9,4,1,1777.59,208.78,3000.0,20,29
MES_proxy_risk_100,1,20,2026-01-28,2026-02-25,unfinished,2026-02-25,25.33,10,4,2,1705.15,208.78,3000.0,20,29
MES_proxy_risk_100,1,20,2026-01-29,2026-02-26,unfinished,2026-02-26,25.33,10,4,2,1705.15,208.78,3000.0,20,29
MES_proxy_risk_100,1,20,2026-01-30,2026-02-27,unfinished,2026-02-27,57.83,10,4,2,1637.68,208.78,3000.0,20,29
MES_proxy_risk_100,1,20,2026-02-02,2026-03-02,unfinished,2026-03-02,-124.7,9,5,2,1637.68,208.78,3000.0,20,29
MES_proxy_risk_100,1,20,2026-02-03,2026-03-03,unfinished,2026-03-03,-38.48,8,6,2,1637.68,208.78,3000.0,20,29
MES_proxy_risk_100,1,20,2026-02-04,2026-03-04,unfinished,2026-03-04,222.8,9,6,2,1611.46,261.28,3000.0,20,29
MES_proxy_risk_100,1,20,2026-02-05,2026-03-05,unfinished,2026-03-05,249.05,9,6,2,1611.46,261.28,3000.0,20,29
MES_proxy_risk_100,1,20,2026-02-06,2026-03-06,unfinished,2026-03-06,355.33,10,5,2,1611.46,261.28,3000.0,20,29
MES_proxy_risk_100,1,20,2026-02-09,2026-03-09,unfinished,2026-03-09,355.33,10,5,2,1611.46,261.28,3000.0,20,29
MES_proxy_risk_100,1,20,2026-02-10,2026-03-10,unfinished,2026-03-10,582.86,11,5,2,1611.46,261.28,3000.0,20,29
MES_proxy_risk_100,1,20,2026-02-11,2026-03-11,unfinished,2026-03-11,839.14,11,5,2,1611.46,261.28,3000.0,20,29
MES_proxy_risk_100,1,20,2026-02-12,2026-03-12,unfinished,2026-03-12,744.2,12,5,2,1611.46,261.28,3000.0,20,29
MES_proxy_risk_100,1,20,2026-02-13,2026-03-13,unfinished,2026-03-13,971.73,13,5,2,1611.46,261.28,3000.0,20,29
MES_proxy_risk_100,1,20,2026-02-17,2026-03-16,unfinished,2026-03-16,916.76,14,4,2,1611.46,261.28,3000.0,20,28
MES_proxy_risk_100,1,20,2026-02-18,2026-03-17,unfinished,2026-03-17,864.26,14,4,2,1611.46,261.28,3000.0,20,28
MES_proxy_risk_100,1,20,2026-02-19,2026-03-18,unfinished,2026-03-18,774.32,15,4,2,1611.46,261.28,3000.0,20,28
MES_proxy_risk_100,1,20,2026-02-20,2026-03-19,unfinished,2026-03-19,768.07,15,4,2,1671.43,261.28,3000.0,20,28
MES_proxy_risk_100,1,20,2026-02-23,2026-03-20,unfinished,2026-03-20,863.04,14,4,2,1766.4,261.28,3000.0,20,26
MES_proxy_risk_100,1,20,2026-02-24,2026-03-23,unfinished,2026-03-23,838.04,14,4,2,1751.37,261.28,3000.0,20,28
MES_proxy_risk_100,1,20,2026-02-25,2026-03-24,unfinished,2026-03-24,754.32,15,3,2,1667.65,261.28,3000.0,20,28
MES_proxy_risk_100,1,20,2026-02-26,2026-03-25,unfinished,2026-03-25,764.29,15,3,2,1605.18,261.28,3000.0,20,28
MES_proxy_risk_100,1,20,2026-02-27,2026-03-26,unfinished,2026-03-26,943.07,16,3,2,1590.21,261.28,3000.0,20,28
MES_proxy_risk_100,1,20,2026-03-02,2026-03-27,unfinished,2026-03-27,934.32,16,3,2,1590.21,261.28,3000.0,20,26
MES_proxy_risk_100,1,20,2026-03-03,2026-03-30,unfinished,2026-03-30,840.6,17,2,2,1590.21,261.28,3000.0,20,28
MES_proxy_risk_100,1,20,2026-03-04,2026-03-31,unfinished,2026-03-31,781.88,18,1,2,1555.3,261.28,3000.0,20,28
MES_proxy_risk_100,1,20,2026-03-05,2026-04-01,unfinished,2026-04-01,520.6,17,1,2,1555.3,227.53,3000.0,20,28
MES_proxy_risk_100,1,20,2026-03-06,2026-04-02,unfinished,2026-04-02,323.07,16,1,2,1555.3,227.53,3000.0,20,28
MES_proxy_risk_100,1,20,2026-03-09,2026-04-06,unfinished,2026-04-06,153.07,16,1,2,1491.58,227.53,3000.0,20,29
MES_proxy_risk_100,1,20,2026-03-10,2026-04-07,unfinished,2026-04-07,80.6,17,0,2,1419.11,227.53,3000.0,20,29
MES_proxy_risk_100,1,20,2026-03-11,2026-04-08,unfinished,2026-04-08,-146.93,16,0,2,1419.11,227.53,3000.0,20,29
MES_proxy_risk_100,1,20,2026-03-12,2026-04-09,unfinished,2026-04-09,-416.93,16,0,2,1349.17,227.53,3000.0,20,29
MES_proxy_risk_100,1,20,2026-03-13,2026-04-10,unfinished,2026-04-10,-401.93,16,0,2,1269.23,227.53,3000.0,20,29
MES_proxy_risk_100,1,20,2026-03-16,2026-04-13,unfinished,2026-04-13,-629.46,15,0,2,1269.23,178.78,3000.0,20,29
MES_proxy_risk_100,1,20,2026-03-17,2026-04-14,unfinished,2026-04-14,-574.49,14,0,2,1269.23,178.78,3000.0,20,29
MES_proxy_risk_100,1,20,2026-03-18,2026-04-15,unfinished,2026-04-15,-785.74,14,0,2,1214.26,178.78,3000.0,20,29
MES_proxy_risk_100,1,20,2026-03-19,2026-04-16,unfinished,2026-04-16,-429.46,14,0,3,1221.79,266.34,3000.0,20,29
MES_proxy_risk_100,1,20,2026-03-20,2026-04-17,unfinished,2026-04-17,-363.24,13,0,3,1288.01,266.34,3000.0,20,29
MES_proxy_risk_100,1,20,2026-03-23,2026-04-20,unfinished,2026-04-20,-178.18,14,0,3,1288.01,266.34,3000.0,20,29
MES_proxy_risk_100,1,20,2026-03-24,2026-04-21,unfinished,2026-04-21,166.85,14,0,3,1347.89,266.34,3000.0,20,29
MES_proxy_risk_100,1,20,2026-03-25,2026-04-22,unfinished,2026-04-22,156.91,14,0,3,1347.89,266.34,3000.0,20,29
MES_proxy_risk_100,1,20,2026-03-26,2026-04-23,unfinished,2026-04-23,144.44,14,0,3,1347.89,266.34,3000.0,20,29
MES_proxy_risk_100,1,20,2026-03-27,2026-04-24,unfinished,2026-04-24,203.22,14,0,3,1347.89,266.34,3000.0,20,29
MES_proxy_risk_100,1,20,2026-03-30,2026-04-27,unfinished,2026-04-27,509.5,14,0,3,1424.11,266.34,3000.0,20,29
MES_proxy_risk_100,1,20,2026-03-31,2026-04-28,unfinished,2026-04-28,547.0,14,0,3,1517.83,266.34,3000.0,20,29
MES_proxy_risk_100,1,20,2026-04-01,2026-04-29,unfinished,2026-04-29,790.78,14,0,3,1576.55,266.34,3000.0,20,29
MES_proxy_risk_100,1,20,2026-04-02,2026-04-30,unfinished,2026-04-30,1044.56,15,0,3,1576.55,266.34,3000.0,20,29
MES_proxy_risk_100,1,20,2026-04-06,2026-05-01,unfinished,2026-05-01,944.62,16,0,3,1576.55,266.34,3000.0,20,26
MES_proxy_risk_100,1,20,2026-04-07,2026-05-04,unfinished,2026-05-04,918.43,16,0,3,1640.27,266.34,3000.0,20,28
MES_proxy_risk_100,1,20,2026-04-08,2026-05-05,unfinished,2026-05-05,908.49,16,0,3,1712.74,266.34,3000.0,20,28
MES_proxy_risk_100,1,20,2026-04-09,2026-05-06,unfinished,2026-05-06,813.55,17,0,3,1632.8,266.34,3000.0,20,28
MES_proxy_risk_100,1,20,2026-04-10,2026-05-07,unfinished,2026-05-07,1116.08,17,0,3,1557.89,266.34,3000.0,20,28
MES_proxy_risk_100,1,20,2026-04-13,2026-05-08,unfinished,2026-05-08,1196.02,16,0,3,1557.89,266.34,3000.0,20,26
MES_proxy_risk_100,1,20,2026-04-14,2026-05-11,unfinished,2026-05-11,1144.8,17,0,3,1557.89,266.34,3000.0,20,28
MES_proxy_risk_100,1,20,2026-04-15,2026-05-12,unfinished,2026-05-12,1052.36,18,0,3,1557.89,266.34,3000.0,20,28
MES_proxy_risk_100,1,20,2026-04-16,2026-05-13,unfinished,2026-05-13,1256.11,18,0,3,1557.89,266.34,3000.0,20,28
MES_proxy_risk_100,1,20,2026-04-17,2026-05-14,unfinished,2026-05-14,934.8,18,0,3,1557.89,253.78,3000.0,20,28
MES_proxy_risk_100,1,20,2026-04-20,2026-05-15,unfinished,2026-05-15,1059.83,19,0,3,1557.89,253.78,3000.0,20,26
MES_proxy_risk_100,1,20,2026-04-21,2026-05-18,unfinished,2026-05-18,1034.8,19,0,3,1557.89,253.78,3000.0,20,28
MES_proxy_risk_100,1,20,2026-04-22,2026-05-19,unfinished,2026-05-19,949.77,19,0,3,1557.89,253.78,3000.0,20,28
MES_proxy_risk_100,1,20,2026-04-23,2026-05-20,unfinished,2026-05-20,992.21,19,0,3,1557.89,253.78,3000.0,20,28
MES_proxy_risk_100,1,20,2026-04-24,2026-05-21,unfinished,2026-05-21,994.71,19,0,3,1557.89,253.78,3000.0,20,28
MES_proxy_risk_100,1,20,2026-04-27,2026-05-22,unfinished,2026-05-22,768.43,19,0,3,1557.89,253.78,3000.0,20,26
MES_proxy_risk_100,1,20,2026-04-28,2026-05-26,unfinished,2026-05-26,453.43,19,0,3,1557.89,253.78,3000.0,20,29
MES_proxy_risk_100,1,20,2026-04-29,2026-05-27,unfinished,2026-05-27,454.68,19,0,3,1557.89,253.78,3000.0,20,29
MES_proxy_risk_100,1,20,2026-04-30,2026-05-28,unfinished,2026-05-28,172.21,19,0,3,1557.89,253.78,3000.0,20,29
MES_proxy_risk_100,1,20,2026-05-01,2026-05-29,unfinished,2026-05-29,-41.54,19,0,3,1557.89,232.59,3000.0,20,29
MES_proxy_risk_100,1,20,2026-05-04,2026-06-01,unfinished,2026-06-01,58.4,18,0,3,1622.83,232.59,3000.0,20,29
MES_proxy_risk_100,1,20,2026-05-05,2026-06-02,unfinished,2026-06-02,65.9,18,0,3,1607.92,232.59,3000.0,20,29
MES_proxy_risk_100,1,20,2026-05-06,2026-06-03,unfinished,2026-06-03,88.34,18,0,3,1547.95,232.59,3000.0,20,29
MES_proxy_risk_100,1,20,2026-05-07,2026-06-04,unfinished,2026-06-04,130.81,18,0,3,1495.48,232.59,3000.0,20,29
MES_proxy_risk_100,1,20,2026-05-08,2026-06-05,unfinished,2026-06-05,-170.5,18,0,3,1426.76,167.53,3000.0,20,29
MES_proxy_risk_100,1,20,2026-05-11,2026-06-08,unfinished,2026-06-08,-251.72,19,0,3,1345.54,167.53,3000.0,20,29
MES_proxy_risk_100,1,20,2026-05-12,2026-06-09,unfinished,2026-06-09,-44.22,19,0,3,1326.82,167.53,3000.0,20,29
MES_proxy_risk_100,1,20,2026-05-13,2026-06-10,unfinished,2026-06-10,48.22,18,1,3,1326.82,167.53,3000.0,20,29
MES_proxy_risk_100,1,20,2026-05-14,2026-06-11,unfinished,2026-06-11,111.97,18,1,3,1326.82,212.53,3000.0,20,29
MES_proxy_risk_100,1,20,2026-05-15,2026-06-12,unfinished,2026-06-12,166.94,17,2,3,1326.82,212.53,3000.0,20,29
MES_proxy_risk_100,1,20,2026-05-18,2026-06-15,unfinished,2026-06-15,-50.53,17,2,3,1326.82,212.53,3000.0,20,29
MES_proxy_risk_100,1,20,2026-05-19,2026-06-16,unfinished,2026-06-16,-278.0,17,2,3,1326.82,212.53,3000.0,20,29
MES_proxy_risk_100,1,20,2026-05-20,2026-06-17,unfinished,2026-06-17,-525.47,17,2,3,1326.82,212.53,3000.0,20,29
MES_proxy_risk_100,1,20,2026-05-21,2026-06-18,unfinished,2026-06-18,-474.25,16,2,3,1378.04,212.53,3000.0,20,29
MES_proxy_risk_100,1,20,2026-05-22,2026-06-22,unfinished,2026-06-22,-401.81,15,2,3,1439.2,212.53,3000.0,20,32
MES_proxy_risk_100,1,20,2026-05-26,2026-06-23,unfinished,2026-06-23,-495.56,15,2,3,1439.2,212.53,3000.0,20,29
MES_proxy_risk_100,1,20,2026-05-27,2026-06-24,unfinished,2026-06-24,-488.09,15,2,3,1511.91,212.53,3000.0,20,29
MES_proxy_risk_100,1,20,2026-05-28,2026-06-25,unfinished,2026-06-25,-433.12,14,3,3,1566.88,212.53,3000.0,20,29
MES_proxy_risk_100,1,20,2026-05-29,2026-06-26,unfinished,2026-06-26,-335.71,13,3,3,1600.24,212.53,3000.0,20,29
MES_proxy_risk_100,1,20,2026-06-01,2026-06-29,unfinished,2026-06-29,-84.46,13,3,3,1544.02,291.28,3000.0,20,29
MES_proxy_risk_100,1,20,2026-06-02,2026-06-30,unfinished,2026-06-30,-84.46,13,3,3,1544.02,291.28,3000.0,20,29
MES_proxy_risk_100,1,20,2026-06-03,2026-07-01,unfinished,2026-07-01,-2.05,12,3,2,1544.02,291.28,3000.0,20,29
MES_proxy_risk_100,1,20,2026-06-04,2026-07-02,unfinished,2026-07-02,296.7,12,3,2,1544.02,291.28,3000.0,20,29
MES_proxy_risk_100,1,20,2026-06-05,2026-07-06,unfinished,2026-07-06,295.45,12,3,2,1544.02,291.28,3000.0,20,32
MES_proxy_risk_100,1,20,2026-06-08,2026-07-07,unfinished,2026-07-07,364.17,11,3,2,1544.02,291.28,3000.0,20,30
MES_proxy_risk_100,1,20,2026-06-09,2026-07-08,unfinished,2026-07-08,389.17,11,3,2,1544.02,291.28,3000.0,20,30
MES_proxy_risk_100,1,20,2026-06-10,2026-07-09,unfinished,2026-07-09,157.92,11,3,2,1544.02,291.28,3000.0,20,30
MES_proxy_risk_100,1,20,2026-06-11,2026-07-10,unfinished,2026-07-10,80.48,12,2,2,1544.02,291.28,3000.0,20,30
MES_proxy_risk_100,1,20,2026-06-12,2026-07-13,unfinished,2026-07-13,-214.49,12,2,2,1544.02,291.28,3000.0,20,32
MES_proxy_risk_100,1,20,2026-06-15,2026-07-14,unfinished,2026-07-14,-54.46,13,1,2,1544.02,291.28,3000.0,20,30
MES_proxy_risk_100,1,20,2026-06-16,2026-07-15,unfinished,2026-07-15,-39.46,13,1,2,1636.46,291.28,3000.0,20,30
MES_proxy_risk_100,1,20,2026-06-17,2026-07-16,unfinished,2026-07-16,-35.74,13,1,2,1652.74,291.28,3000.0,20,30
MES_proxy_risk_100,1,20,2026-06-18,2026-07-17,unfinished,2026-07-17,44.2,12,1,2,1652.74,291.28,3000.0,20,30
MES_proxy_risk_100,1,20,2026-06-22,2026-07-20,unfinished,2026-07-20,44.2,12,1,2,1652.74,291.28,3000.0,20,29
MES_proxy_risk_100,1,20,2026-06-23,2026-07-21,unfinished,2026-07-21,-20.77,13,1,2,1609.11,291.28,3000.0,20,29
MES_proxy_risk_100,1,20,2026-06-24,2026-07-22,unfinished,2026-07-22,-13.24,13,1,2,1534.17,291.28,3000.0,20,29
MES_proxy_risk_100,1,20,2026-06-25,2026-07-23,unfinished,2026-07-23,64.23,12,1,2,1534.17,291.28,3000.0,20,29
MES_proxy_risk_100,1,20,2026-06-26,2026-07-24,unfinished,2026-07-24,-5.71,13,0,2,1464.23,291.28,3000.0,20,29
MES_proxy_risk_100,1,20,2026-06-29,2026-07-27,unfinished,2026-07-27,-5.71,13,0,2,1464.23,291.28,3000.0,20,29
MES_proxy_risk_100,1,20,2026-06-30,2026-07-28,unfinished,2026-07-28,-373.21,13,0,2,1388.01,238.78,3000.0,20,29
MES_proxy_risk_100,1,20,2026-07-01,2026-07-29,unfinished,2026-07-29,-373.21,13,0,2,1388.01,238.78,3000.0,20,29
MES_proxy_risk_100,1,20,2026-07-02,2026-07-30,unfinished,2026-07-30,-430.68,14,0,2,1330.54,238.78,3000.0,20,29
MES_proxy_risk_100,1,20,2026-07-06,2026-07-31,unfinished,2026-07-31,-761.93,14,0,2,1238.07,160.03,3000.0,20,26
MES_proxy_risk_100,1,60,2025-12-01,2026-02-27,unfinished,2026-02-27,-246.71,41,4,4,1467.92,282.56,3000.0,60,89
MES_proxy_risk_100,1,60,2025-12-02,2026-03-02,unfinished,2026-03-02,-246.71,41,5,4,1467.92,282.56,3000.0,60,91
MES_proxy_risk_100,1,60,2025-12-03,2026-03-03,unfinished,2026-03-03,-174.27,40,6,4,1540.36,282.56,3000.0,60,91
MES_proxy_risk_100,1,60,2025-12-04,2026-03-04,unfinished,2026-03-04,171.95,40,6,4,1594.08,282.56,3000.0,60,91
MES_proxy_risk_100,1,60,2025-12-05,2026-03-05,unfinished,2026-03-05,461.92,40,6,4,1594.08,282.56,3000.0,60,91
MES_proxy_risk_100,1,60,2025-12-08,2026-03-06,unfinished,2026-03-06,635.64,40,6,4,1594.08,282.56,3000.0,60,89
MES_proxy_risk_100,1,60,2025-12-09,2026-03-09,unfinished,2026-03-09,635.64,40,7,4,1594.08,282.56,3000.0,60,91
MES_proxy_risk_100,1,60,2025-12-10,2026-03-10,unfinished,2026-03-10,935.61,40,7,4,1594.08,282.56,3000.0,60,91
MES_proxy_risk_100,1,60,2025-12-11,2026-03-11,unfinished,2026-03-11,1230.61,40,7,4,1594.08,282.56,3000.0,60,91
MES_proxy_risk_100,1,60,2025-12-12,2026-03-12,unfinished,2026-03-12,928.11,40,7,4,1594.08,282.56,3000.0,60,91
MES_proxy_risk_100,1,60,2025-12-15,2026-03-13,unfinished,2026-03-13,1155.64,41,7,4,1594.08,282.56,3000.0,60,89
MES_proxy_risk_100,1,60,2025-12-16,2026-03-16,unfinished,2026-03-16,1160.64,41,7,4,1594.08,282.56,3000.0,60,91
MES_proxy_risk_100,1,60,2025-12-17,2026-03-17,unfinished,2026-03-17,1138.14,41,7,4,1594.08,282.56,3000.0,60,91
MES_proxy_risk_100,1,60,2025-12-18,2026-03-18,unfinished,2026-03-18,1111.92,41,7,4,1594.08,282.56,3000.0,60,91
MES_proxy_risk_100,1,60,2025-12-19,2026-03-19,unfinished,2026-03-19,1045.7,42,7,4,1594.08,282.56,3000.0,60,91
MES_proxy_risk_100,1,60,2025-12-22,2026-03-20,unfinished,2026-03-20,1124.42,41,7,4,1594.08,282.56,3000.0,60,89
MES_proxy_risk_100,1,60,2025-12-23,2026-03-23,unfinished,2026-03-23,794.39,41,7,4,1594.08,282.56,3000.0,60,91
MES_proxy_risk_100,1,60,2025-12-26,2026-03-24,unfinished,2026-03-24,763.14,41,7,4,1611.46,282.56,3000.0,60,89
MES_proxy_risk_100,1,60,2025-12-29,2026-03-25,unfinished,2026-03-25,775.61,41,7,4,1605.18,282.56,3000.0,60,87
MES_proxy_risk_100,1,60,2025-12-30,2026-03-26,unfinished,2026-03-26,1008.11,41,7,4,1590.21,282.56,3000.0,60,87
MES_proxy_risk_100,1,60,2025-12-31,2026-03-27,unfinished,2026-03-27,1021.77,41,7,4,1590.21,282.56,3000.0,60,87
MES_proxy_risk_100,1,60,2026-01-02,2026-03-30,unfinished,2026-03-30,1022.99,41,7,4,1590.21,282.56,3000.0,60,88
MES_proxy_risk_100,1,60,2026-01-05,2026-03-31,unfinished,2026-03-31,807.99,41,7,4,1555.3,282.56,3000.0,60,86
MES_proxy_risk_100,1,60,2026-01-06,2026-04-01,unfinished,2026-04-01,807.99,41,7,4,1555.3,282.56,3000.0,60,86
MES_proxy_risk_100,1,60,2026-01-07,2026-04-02,unfinished,2026-04-02,907.87,40,7,3,1555.3,282.56,3000.0,60,86
MES_proxy_risk_100,1,60,2026-01-08,2026-04-06,unfinished,2026-04-06,600.31,40,7,3,1491.58,282.56,3000.0,60,89
MES_proxy_risk_100,1,60,2026-01-09,2026-04-07,unfinished,2026-04-07,620.28,40,7,3,1419.11,282.56,3000.0,60,89
MES_proxy_risk_100,1,60,2026-01-12,2026-04-08,unfinished,2026-04-08,345.22,39,7,3,1419.11,282.56,3000.0,60,87
MES_proxy_risk_100,1,60,2026-01-13,2026-04-09,unfinished,2026-04-09,345.25,39,7,3,1349.17,282.56,3000.0,60,87
MES_proxy_risk_100,1,60,2026-01-14,2026-04-10,unfinished,2026-04-10,332.75,39,7,3,1269.23,282.56,3000.0,60,87
MES_proxy_risk_100,1,60,2026-01-15,2026-04-13,unfinished,2026-04-13,395.22,38,7,3,1269.23,282.56,3000.0,60,89
MES_proxy_risk_100,1,60,2026-01-16,2026-04-14,unfinished,2026-04-14,492.63,37,7,2,1269.23,282.56,3000.0,60,89
MES_proxy_risk_100,1,60,2026-01-20,2026-04-15,unfinished,2026-04-15,437.66,38,7,2,1214.26,282.56,3000.0,60,86
MES_proxy_risk_100,1,60,2026-01-21,2026-04-16,unfinished,2026-04-16,421.44,38,7,3,1131.85,266.34,3000.0,60,86
MES_proxy_risk_100,1,60,2026-01-22,2026-04-17,unfinished,2026-04-17,421.44,38,7,3,1131.85,266.34,3000.0,60,86
MES_proxy_risk_100,1,60,2026-01-23,2026-04-20,unfinished,2026-04-20,703.94,38,7,3,1131.85,266.34,3000.0,60,88
MES_proxy_risk_100,1,60,2026-01-26,2026-04-21,unfinished,2026-04-21,1038.94,38,7,3,1131.85,266.34,3000.0,60,86
MES_proxy_risk_100,1,60,2026-01-27,2026-04-22,unfinished,2026-04-22,1009.0,38,7,3,1131.85,266.34,3000.0,60,86
MES_proxy_risk_100,1,60,2026-01-28,2026-04-23,unfinished,2026-04-23,934.06,39,7,3,1131.85,266.34,3000.0,60,86
MES_proxy_risk_100,1,60,2026-01-29,2026-04-24,unfinished,2026-04-24,1171.62,40,7,3,1131.85,266.34,3000.0,60,86
MES_proxy_risk_100,1,60,2026-01-30,2026-04-27,unfinished,2026-04-27,1501.65,40,7,3,1131.85,266.34,3000.0,60,88
MES_proxy_risk_100,1,60,2026-02-02,2026-04-28,unfinished,2026-04-28,1262.9,40,7,3,1131.85,266.34,3000.0,60,86
MES_proxy_risk_100,1,60,2026-02-03,2026-04-29,unfinished,2026-04-29,1534.18,40,7,3,1131.85,266.34,3000.0,60,86
MES_proxy_risk_100,1,60,2026-02-04,2026-04-30,unfinished,2026-04-30,1787.96,41,7,3,1131.85,266.34,3000.0,60,86
MES_proxy_risk_100,1,60,2026-02-05,2026-05-01,unfinished,2026-05-01,1516.74,41,7,3,1131.85,266.34,3000.0,60,86
MES_proxy_risk_100,1,60,2026-02-06,2026-05-04,unfinished,2026-05-04,1426.83,42,6,3,1131.85,266.34,3000.0,60,88
MES_proxy_risk_100,1,60,2026-02-09,2026-05-05,unfinished,2026-05-05,1344.42,43,5,3,1131.85,266.34,3000.0,60,86
MES_proxy_risk_100,1,60,2026-02-10,2026-05-06,unfinished,2026-05-06,1249.48,44,5,3,1131.85,266.34,3000.0,60,86
MES_proxy_risk_100,1,60,2026-02-11,2026-05-07,unfinished,2026-05-07,1538.29,44,5,3,1131.85,266.34,3000.0,60,86
MES_proxy_risk_100,1,60,2026-02-12,2026-05-08,unfinished,2026-05-08,1538.29,44,5,3,1131.85,266.34,3000.0,60,86
MES_proxy_risk_100,1,60,2026-02-13,2026-05-11,unfinished,2026-05-11,1487.07,45,5,3,1131.85,266.34,3000.0,60,88
MES_proxy_risk_100,1,60,2026-02-17,2026-05-12,unfinished,2026-05-12,1394.63,46,4,3,1131.85,266.34,3000.0,60,85
MES_proxy_risk_100,1,60,2026-02-18,2026-05-13,unfinished,2026-05-13,1334.63,46,4,3,1131.85,266.34,3000.0,60,85
MES_proxy_risk_100,1,60,2026-02-19,2026-05-14,unfinished,2026-05-14,1279.66,47,4,3,1131.85,266.34,3000.0,60,85
MES_proxy_risk_100,1,60,2026-02-20,2026-05-15,unfinished,2026-05-15,1464.66,47,4,3,1131.85,266.34,3000.0,60,85
MES_proxy_risk_100,1,60,2026-02-23,2026-05-18,unfinished,2026-05-18,1719.66,47,4,3,1131.85,266.34,3000.0,60,85
MES_proxy_risk_100,1,60,2026-02-24,2026-05-19,unfinished,2026-05-19,1954.66,47,4,3,1131.85,266.34,3000.0,60,85
MES_proxy_risk_100,1,60,2026-02-25,2026-05-20,unfinished,2026-05-20,1903.44,48,3,3,1131.85,266.34,3000.0,60,85
MES_proxy_risk_100,1,60,2026-02-26,2026-05-21,unfinished,2026-05-21,1903.44,48,3,3,1131.85,266.34,3000.0,60,85
MES_proxy_risk_100,1,60,2026-02-27,2026-05-22,unfinished,2026-05-22,1914.72,49,3,3,1131.85,266.34,3000.0,60,85
MES_proxy_risk_100,1,60,2026-03-02,2026-05-26,unfinished,2026-05-26,1897.25,49,3,3,1131.85,266.34,3000.0,60,86
MES_proxy_risk_100,1,60,2026-03-03,2026-05-27,unfinished,2026-05-27,1842.28,50,2,3,1131.85,266.34,3000.0,60,86
MES_proxy_risk_100,1,60,2026-03-04,2026-05-28,unfinished,2026-05-28,1744.87,51,1,3,1131.85,266.34,3000.0,60,86
MES_proxy_risk_100,1,60,2026-03-05,2026-05-29,unfinished,2026-05-29,1523.62,51,1,3,1131.85,266.34,3000.0,60,86
MES_proxy_risk_100,1,60,2026-03-06,2026-06-01,unfinished,2026-06-01,1326.09,50,1,3,1131.85,266.34,3000.0,60,88
MES_proxy_risk_100,1,60,2026-03-09,2026-06-02,unfinished,2026-06-02,1137.4,50,1,3,1131.85,266.34,3000.0,60,86
MES_proxy_risk_100,1,60,2026-03-10,2026-06-03,unfinished,2026-06-03,1077.43,51,0,3,1131.85,266.34,3000.0,60,86
MES_proxy_risk_100,1,60,2026-03-11,2026-06-04,unfinished,2026-06-04,797.43,51,0,3,1131.85,266.34,3000.0,60,86
MES_proxy_risk_100,1,60,2026-03-12,2026-06-05,unfinished,2026-06-05,528.65,51,0,3,1131.85,266.34,3000.0,60,86
MES_proxy_risk_100,1,60,2026-03-13,2026-06-08,unfinished,2026-06-08,542.37,51,0,3,1131.85,266.34,3000.0,60,88
MES_proxy_risk_100,1,60,2026-03-16,2026-06-09,unfinished,2026-06-09,471.12,51,0,3,1131.85,266.34,3000.0,60,86
MES_proxy_risk_100,1,60,2026-03-17,2026-06-10,unfinished,2026-06-10,526.09,50,1,3,1131.85,266.34,3000.0,60,86
MES_proxy_risk_100,1,60,2026-03-18,2026-06-11,unfinished,2026-06-11,582.34,50,1,3,1131.85,266.34,3000.0,60,86
MES_proxy_risk_100,1,60,2026-03-19,2026-06-12,unfinished,2026-06-12,672.28,49,2,3,1221.79,266.34,3000.0,60,86
MES_proxy_risk_100,1,60,2026-03-20,2026-06-15,unfinished,2026-06-15,646.06,49,2,3,1288.01,266.34,3000.0,60,88
MES_proxy_risk_100,1,60,2026-03-23,2026-06-16,unfinished,2026-06-16,578.62,50,2,3,1288.01,266.34,3000.0,60,86
MES_proxy_risk_100,1,60,2026-03-24,2026-06-17,unfinished,2026-06-17,591.15,50,2,3,1326.82,266.34,3000.0,60,86
MES_proxy_risk_100,1,60,2026-03-25,2026-06-18,unfinished,2026-06-18,674.87,49,2,3,1326.82,266.34,3000.0,60,86
MES_proxy_risk_100,1,60,2026-03-26,2026-06-22,unfinished,2026-06-22,737.34,48,2,3,1326.82,266.34,3000.0,60,89
MES_proxy_risk_100,1,60,2026-03-27,2026-06-23,unfinished,2026-06-23,476.09,48,2,3,1326.82,266.34,3000.0,60,89
MES_proxy_risk_100,1,60,2026-03-30,2026-06-24,unfinished,2026-06-24,474.84,48,2,3,1314.59,266.34,3000.0,60,87
MES_proxy_risk_100,1,60,2026-03-31,2026-06-25,unfinished,2026-06-25,568.56,47,3,3,1314.59,266.34,3000.0,60,87
MES_proxy_risk_100,1,60,2026-04-01,2026-06-26,unfinished,2026-06-26,627.28,46,3,3,1314.59,266.34,3000.0,60,87
MES_proxy_risk_100,1,60,2026-04-02,2026-06-29,unfinished,2026-06-29,918.56,47,3,3,1258.37,291.28,3000.0,60,89
MES_proxy_risk_100,1,60,2026-04-06,2026-06-30,unfinished,2026-06-30,918.56,47,3,3,1258.37,291.28,3000.0,60,86
MES_proxy_risk_100,1,60,2026-04-07,2026-07-01,unfinished,2026-07-01,982.28,46,3,3,1258.37,291.28,3000.0,60,86
MES_proxy_risk_100,1,60,2026-04-08,2026-07-02,unfinished,2026-07-02,1293.53,46,3,3,1258.37,291.28,3000.0,60,86
MES_proxy_risk_100,1,60,2026-04-09,2026-07-06,unfinished,2026-07-06,1239.81,47,3,3,1258.37,291.28,3000.0,60,89
MES_proxy_risk_100,1,60,2026-04-10,2026-07-07,unfinished,2026-07-07,1309.75,46,3,3,1258.37,291.28,3000.0,60,89
MES_proxy_risk_100,1,60,2026-04-13,2026-07-08,unfinished,2026-07-08,1333.47,46,3,3,1258.37,291.28,3000.0,60,87
MES_proxy_risk_100,1,60,2026-04-14,2026-07-09,unfinished,2026-07-09,1258.5,47,3,3,1258.37,291.28,3000.0,60,87
MES_proxy_risk_100,1,60,2026-04-15,2026-07-10,unfinished,2026-07-10,1181.06,48,3,3,1258.37,291.28,3000.0,60,87
MES_proxy_risk_100,1,60,2026-04-16,2026-07-13,unfinished,2026-07-13,1153.59,48,3,3,1258.37,291.28,3000.0,60,89
MES_proxy_risk_100,1,60,2026-04-17,2026-07-14,unfinished,2026-07-14,1047.28,48,3,3,1258.37,291.28,3000.0,60,89
MES_proxy_risk_100,1,60,2026-04-20,2026-07-15,unfinished,2026-07-15,969.84,49,3,3,1258.37,291.28,3000.0,60,87
MES_proxy_risk_100,1,60,2026-04-21,2026-07-16,unfinished,2026-07-16,721.06,49,3,3,1258.37,291.28,3000.0,60,87
MES_proxy_risk_100,1,60,2026-04-22,2026-07-17,unfinished,2026-07-17,468.5,48,3,3,1258.37,291.28,3000.0,60,87
MES_proxy_risk_100,1,60,2026-04-23,2026-07-20,unfinished,2026-07-20,562.16,47,3,3,1258.37,291.28,3000.0,60,89
MES_proxy_risk_100,1,60,2026-04-24,2026-07-21,unfinished,2026-07-21,572.13,47,3,3,1258.37,291.28,3000.0,60,89
MES_proxy_risk_100,1,60,2026-04-27,2026-07-22,unfinished,2026-07-22,259.63,47,3,3,1258.37,291.28,3000.0,60,87
MES_proxy_risk_100,1,60,2026-04-28,2026-07-23,unfinished,2026-07-23,29.57,46,3,3,1258.37,291.28,3000.0,60,87
MES_proxy_risk_100,1,60,2026-04-29,2026-07-24,unfinished,2026-07-24,15.85,46,3,3,1258.37,291.28,3000.0,60,87
MES_proxy_risk_100,1,60,2026-04-30,2026-07-27,unfinished,2026-07-27,-169.21,45,3,3,1258.37,291.28,3000.0,60,89
MES_proxy_risk_100,1,60,2026-05-01,2026-07-28,unfinished,2026-07-28,-499.21,45,3,3,1232.66,291.28,3000.0,60,89
MES_proxy_risk_100,1,60,2026-05-04,2026-07-29,unfinished,2026-07-29,-399.27,44,3,3,1232.66,291.28,3000.0,60,87
MES_proxy_risk_100,1,60,2026-05-05,2026-07-30,unfinished,2026-07-30,-366.83,44,3,3,1175.19,291.28,3000.0,60,87
MES_proxy_risk_100,1,60,2026-05-06,2026-07-31,unfinished,2026-07-31,-376.89,44,3,3,1082.72,291.28,3000.0,60,87
MES_proxy_risk_150,1,20,2025-12-01,2025-12-30,unfinished,2025-12-30,-583.59,16,0,6,1143.19,357.56,3000.0,20,30
MES_proxy_risk_150,1,20,2025-12-02,2025-12-31,unfinished,2025-12-31,-678.53,17,0,6,1143.19,357.56,3000.0,20,30
MES_proxy_risk_150,1,20,2025-12-03,2026-01-02,unfinished,2026-01-02,-316.03,17,0,6,1240.6,357.56,3000.0,20,31
MES_proxy_risk_150,1,20,2025-12-04,2026-01-05,unfinished,2026-01-05,-188.62,16,0,6,1280.57,357.56,3000.0,20,33
MES_proxy_risk_150,1,20,2025-12-05,2026-01-06,unfinished,2026-01-06,-96.0,16,0,6,1280.57,415.12,3000.0,20,33
MES_proxy_risk_150,1,20,2025-12-08,2026-01-07,unfinished,2026-01-07,445.28,16,0,6,1280.57,415.12,3000.0,20,31
MES_proxy_risk_150,1,20,2025-12-09,2026-01-08,unfinished,2026-01-08,306.62,17,0,6,1280.57,415.12,3000.0,20,31
MES_proxy_risk_150,1,20,2025-12-10,2026-01-09,unfinished,2026-01-09,864.09,17,0,6,1280.57,415.12,3000.0,20,31
MES_proxy_risk_150,1,20,2025-12-11,2026-01-12,unfinished,2026-01-12,866.56,17,0,6,1280.57,415.12,3000.0,20,33
MES_proxy_risk_150,1,20,2025-12-12,2026-01-13,unfinished,2026-01-13,316.56,17,0,6,1280.57,412.59,3000.0,20,33
MES_proxy_risk_150,1,20,2025-12-15,2026-01-14,unfinished,2026-01-14,191.62,18,0,6,1280.57,412.59,3000.0,20,31
MES_proxy_risk_150,1,20,2025-12-16,2026-01-15,unfinished,2026-01-15,181.68,18,0,6,1280.57,412.59,3000.0,20,31
MES_proxy_risk_150,1,20,2025-12-17,2026-01-16,unfinished,2026-01-16,-175.88,17,0,6,1280.57,412.59,3000.0,20,31
MES_proxy_risk_150,1,20,2025-12-18,2026-01-20,unfinished,2026-01-20,234.12,17,0,6,1280.57,412.59,3000.0,20,34
MES_proxy_risk_150,1,20,2025-12-19,2026-01-21,unfinished,2026-01-21,234.12,17,0,6,1280.57,412.59,3000.0,20,34
MES_proxy_risk_150,1,20,2025-12-22,2026-01-22,unfinished,2026-01-22,166.68,17,0,6,1280.57,412.59,3000.0,20,32
MES_proxy_risk_150,1,20,2025-12-23,2026-01-23,unfinished,2026-01-23,-313.32,17,0,6,1280.57,412.59,3000.0,20,32
MES_proxy_risk_150,1,20,2025-12-26,2026-01-26,unfinished,2026-01-26,-335.82,17,0,6,1355.66,412.59,3000.0,20,32
MES_proxy_risk_150,1,20,2025-12-29,2026-01-27,unfinished,2026-01-27,-185.94,16,0,6,1355.66,412.59,3000.0,20,30
MES_proxy_risk_150,1,20,2025-12-30,2026-01-28,unfinished,2026-01-28,-78.5,15,0,6,1355.66,412.59,3000.0,20,30
MES_proxy_risk_150,1,20,2025-12-31,2026-01-29,unfinished,2026-01-29,-43.65,15,0,6,1255.69,412.59,3000.0,20,30
MES_proxy_risk_150,1,20,2026-01-02,2026-01-30,unfinished,2026-01-30,281.29,15,0,6,1245.72,412.59,3000.0,20,29
MES_proxy_risk_150,1,20,2026-01-05,2026-02-02,unfinished,2026-02-02,-117.49,15,0,6,1245.72,412.59,3000.0,20,29
MES_proxy_risk_150,1,20,2026-01-06,2026-02-03,unfinished,2026-02-03,-117.49,15,0,6,1245.72,412.59,3000.0,20,29
MES_proxy_risk_150,1,20,2026-01-07,2026-02-04,unfinished,2026-02-04,374.89,15,0,5,1245.72,412.59,3000.0,20,29
MES_proxy_risk_150,1,20,2026-01-08,2026-02-05,unfinished,2026-02-05,-150.23,15,0,4,1245.72,412.59,3000.0,20,29
MES_proxy_risk_150,1,20,2026-01-09,2026-02-06,unfinished,2026-02-06,-132.79,15,0,4,1245.72,412.59,3000.0,20,29
MES_proxy_risk_150,1,20,2026-01-12,2026-02-09,unfinished,2026-02-09,-545.38,14,0,4,1245.72,342.56,3000.0,20,29
MES_proxy_risk_150,1,20,2026-01-13,2026-02-10,unfinished,2026-02-10,-194.07,14,0,4,1482.83,423.84,3000.0,20,29
MES_proxy_risk_150,1,20,2026-01-14,2026-02-11,unfinished,2026-02-11,-59.19,13,0,4,1482.83,423.84,3000.0,20,29
MES_proxy_risk_150,1,20,2026-01-15,2026-02-12,unfinished,2026-02-12,65.75,12,0,4,1482.83,423.84,3000.0,20,29
MES_proxy_risk_150,1,20,2026-01-16,2026-02-13,unfinished,2026-02-13,65.66,12,0,3,1482.83,423.84,3000.0,20,29
MES_proxy_risk_150,1,20,2026-01-20,2026-02-17,unfinished,2026-02-17,483.22,13,0,3,1392.71,423.84,3000.0,20,29
MES_proxy_risk_150,1,20,2026-01-21,2026-02-18,unfinished,2026-02-18,59.38,12,0,3,1392.71,417.56,3000.0,20,29
MES_proxy_risk_150,1,20,2026-01-22,2026-02-19,unfinished,2026-02-19,-60.56,13,0,3,1392.71,417.56,3000.0,20,29
MES_proxy_risk_150,1,20,2026-01-23,2026-02-20,unfinished,2026-02-20,-9.37,13,0,3,1392.71,417.56,3000.0,20,29
MES_proxy_risk_150,1,20,2026-01-26,2026-02-23,unfinished,2026-02-23,-20.65,13,0,2,1392.71,417.56,3000.0,20,29
MES_proxy_risk_150,1,20,2026-01-27,2026-02-24,unfinished,2026-02-24,-6.93,13,0,2,1392.71,417.56,3000.0,20,29
MES_proxy_risk_150,1,20,2026-01-28,2026-02-25,unfinished,2026-02-25,-151.81,14,0,4,1326.76,417.56,3000.0,20,29
MES_proxy_risk_150,1,20,2026-01-29,2026-02-26,unfinished,2026-02-26,-151.81,14,0,4,1326.76,417.56,3000.0,20,29
MES_proxy_risk_150,1,20,2026-01-30,2026-02-27,unfinished,2026-02-27,-119.31,14,0,4,1259.29,417.56,3000.0,20,29
MES_proxy_risk_150,1,20,2026-02-02,2026-03-02,unfinished,2026-03-02,-598.09,14,0,4,1145.57,417.56,3000.0,20,29
MES_proxy_risk_150,1,20,2026-02-03,2026-03-03,unfinished,2026-03-03,-614.34,14,0,4,1043.1,417.56,3000.0,20,29
MES_proxy_risk_150,1,20,2026-02-04,2026-03-04,unfinished,2026-03-04,-353.06,15,0,4,1016.88,417.56,3000.0,20,29
MES_proxy_risk_150,1,20,2026-02-05,2026-03-05,unfinished,2026-03-05,-498.09,15,0,4,1016.88,417.56,3000.0,20,29
MES_proxy_risk_150,1,20,2026-02-06,2026-03-06,unfinished,2026-03-06,-340.56,15,0,4,1014.2,417.56,3000.0,20,29
MES_proxy_risk_150,1,20,2026-02-09,2026-03-09,unfinished,2026-03-09,79.44,15,0,4,1014.2,417.56,3000.0,20,29
MES_proxy_risk_150,1,20,2026-02-10,2026-03-10,unfinished,2026-03-10,306.97,16,0,4,1014.2,417.56,3000.0,20,29
MES_proxy_risk_150,1,20,2026-02-11,2026-03-11,unfinished,2026-03-11,819.53,16,0,4,1014.2,417.56,3000.0,20,29
MES_proxy_risk_150,1,20,2026-02-12,2026-03-12,unfinished,2026-03-12,677.12,17,0,4,1014.2,417.56,3000.0,20,29
MES_proxy_risk_150,1,20,2026-02-13,2026-03-13,unfinished,2026-03-13,904.65,18,0,4,1014.2,417.56,3000.0,20,29
MES_proxy_risk_150,1,20,2026-02-17,2026-03-16,unfinished,2026-03-16,924.68,18,0,4,1014.2,417.56,3000.0,20,28
MES_proxy_risk_150,1,20,2026-02-18,2026-03-17,unfinished,2026-03-17,819.68,18,0,4,1014.2,400.12,3000.0,20,28
MES_proxy_risk_150,1,20,2026-02-19,2026-03-18,unfinished,2026-03-18,684.77,19,0,4,1014.2,400.12,3000.0,20,28
MES_proxy_risk_150,1,20,2026-02-20,2026-03-19,unfinished,2026-03-19,869.8,19,0,4,1134.14,400.12,3000.0,20,28
MES_proxy_risk_150,1,20,2026-02-23,2026-03-20,unfinished,2026-03-20,964.77,18,0,4,1229.11,400.12,3000.0,20,26
MES_proxy_risk_150,1,20,2026-02-24,2026-03-23,unfinished,2026-03-23,1007.24,18,0,4,1364.05,400.12,3000.0,20,28
MES_proxy_risk_150,1,20,2026-02-25,2026-03-24,unfinished,2026-03-24,1037.24,18,0,4,1477.77,400.12,3000.0,20,28
MES_proxy_risk_150,1,20,2026-02-26,2026-03-25,unfinished,2026-03-25,1057.18,18,0,4,1431.52,400.12,3000.0,20,28
MES_proxy_risk_150,1,20,2026-02-27,2026-03-26,unfinished,2026-03-26,1414.74,19,0,4,1401.58,400.12,3000.0,20,28
MES_proxy_risk_150,1,20,2026-03-02,2026-03-27,unfinished,2026-03-27,1473.46,19,0,4,1401.58,400.12,3000.0,20,26
MES_proxy_risk_150,1,20,2026-03-03,2026-03-30,unfinished,2026-03-30,1493.46,19,0,4,1401.58,400.12,3000.0,20,28
MES_proxy_risk_150,1,20,2026-03-04,2026-03-31,unfinished,2026-03-31,1478.49,19,0,4,1401.58,400.12,3000.0,20,28
MES_proxy_risk_150,1,20,2026-03-05,2026-04-01,unfinished,2026-04-01,1217.21,18,0,4,1401.58,400.12,3000.0,20,28
MES_proxy_risk_150,1,20,2026-03-06,2026-04-02,unfinished,2026-04-02,822.15,17,0,4,1401.58,400.12,3000.0,20,28
MES_proxy_risk_150,1,20,2026-03-09,2026-04-06,unfinished,2026-04-06,588.43,17,0,4,1374.26,400.12,3000.0,20,29
MES_proxy_risk_150,1,20,2026-03-10,2026-04-07,unfinished,2026-04-07,217.18,17,0,4,1301.79,400.12,3000.0,20,29
MES_proxy_risk_150,1,20,2026-03-11,2026-04-08,unfinished,2026-04-08,-10.35,16,0,4,1301.79,400.12,3000.0,20,29
MES_proxy_risk_150,1,20,2026-03-12,2026-04-09,unfinished,2026-04-09,-515.38,16,0,3,1196.88,357.56,3000.0,20,29
MES_proxy_risk_150,1,20,2026-03-13,2026-04-10,unfinished,2026-04-10,-452.91,16,0,3,1116.94,357.56,3000.0,20,29
MES_proxy_risk_150,1,20,2026-03-16,2026-04-13,unfinished,2026-04-13,-680.44,15,0,3,1116.94,357.56,3000.0,20,29
MES_proxy_risk_150,1,20,2026-03-17,2026-04-14,unfinished,2026-04-14,-570.5,14,0,3,1116.94,357.56,3000.0,20,29
MES_proxy_risk_150,1,20,2026-03-18,2026-04-15,unfinished,2026-04-15,-993.0,14,0,3,1007.0,357.56,3000.0,20,29
MES_proxy_risk_150,1,20,2026-03-19,2026-04-16,unfinished,2026-04-16,-704.19,14,0,3,947.06,357.56,3000.0,20,29
MES_proxy_risk_150,1,20,2026-03-20,2026-04-17,unfinished,2026-04-17,-606.72,13,0,4,988.1,357.56,3000.0,20,29
MES_proxy_risk_150,1,20,2026-03-23,2026-04-20,unfinished,2026-04-20,-329.13,14,0,4,988.1,357.56,3000.0,20,29
MES_proxy_risk_150,1,20,2026-03-24,2026-04-21,unfinished,2026-04-21,142.18,14,0,4,988.1,378.84,3000.0,20,29
MES_proxy_risk_150,1,20,2026-03-25,2026-04-22,unfinished,2026-04-22,101.02,14,0,4,988.1,378.84,3000.0,20,29
MES_proxy_risk_150,1,20,2026-03-26,2026-04-23,unfinished,2026-04-23,76.08,14,0,4,988.1,378.84,3000.0,20,29
MES_proxy_risk_150,1,20,2026-03-27,2026-04-24,unfinished,2026-04-24,74.86,14,0,4,988.1,378.84,3000.0,20,29
MES_proxy_risk_150,1,20,2026-03-30,2026-04-27,unfinished,2026-04-27,588.7,14,0,4,1064.32,378.84,3000.0,20,29
MES_proxy_risk_150,1,20,2026-03-31,2026-04-28,unfinished,2026-04-28,569.98,14,0,4,1158.04,378.84,3000.0,20,29
MES_proxy_risk_150,1,20,2026-04-01,2026-04-29,unfinished,2026-04-29,1146.32,14,0,4,1248.01,378.84,3000.0,20,29
MES_proxy_risk_150,1,20,2026-04-02,2026-04-30,unfinished,2026-04-30,1400.1,15,0,4,1248.01,378.84,3000.0,20,29
MES_proxy_risk_150,1,20,2026-04-06,2026-05-01,unfinished,2026-05-01,1250.19,16,0,4,1248.01,378.84,3000.0,20,26
MES_proxy_risk_150,1,20,2026-04-07,2026-05-04,unfinished,2026-05-04,1227.78,16,0,5,1375.45,378.84,3000.0,20,28
MES_proxy_risk_150,1,20,2026-04-08,2026-05-05,unfinished,2026-05-05,1235.37,16,0,5,1520.39,378.84,3000.0,20,28
MES_proxy_risk_150,1,20,2026-04-09,2026-05-06,unfinished,2026-05-06,1092.96,17,0,5,1420.48,378.84,3000.0,20,28
MES_proxy_risk_150,1,20,2026-04-10,2026-05-07,unfinished,2026-05-07,1542.96,17,0,5,1320.6,378.84,3000.0,20,28
MES_proxy_risk_150,1,20,2026-04-13,2026-05-08,unfinished,2026-05-08,1662.87,16,0,5,1320.6,378.84,3000.0,20,26
MES_proxy_risk_150,1,20,2026-04-14,2026-05-11,unfinished,2026-05-11,1560.43,17,0,5,1320.6,378.84,3000.0,20,28
MES_proxy_risk_150,1,20,2026-04-15,2026-05-12,unfinished,2026-05-12,1421.77,18,0,5,1320.6,378.84,3000.0,20,28
MES_proxy_risk_150,1,20,2026-04-16,2026-05-13,unfinished,2026-05-13,1906.8,18,0,5,1337.84,387.65,3000.0,20,28
MES_proxy_risk_150,1,20,2026-04-17,2026-05-14,unfinished,2026-05-14,1364.21,18,0,5,1320.6,378.84,3000.0,20,28
MES_proxy_risk_150,1,20,2026-04-20,2026-05-15,unfinished,2026-05-15,1489.24,19,0,5,1320.6,378.84,3000.0,20,26
MES_proxy_risk_150,1,20,2026-04-21,2026-05-18,unfinished,2026-05-18,1439.18,19,0,5,1320.6,378.84,3000.0,20,28
MES_proxy_risk_150,1,20,2026-04-22,2026-05-19,unfinished,2026-05-19,1395.4,19,0,5,1320.6,370.12,3000.0,20,28
MES_proxy_risk_150,1,20,2026-04-23,2026-05-20,unfinished,2026-05-20,1417.84,19,0,5,1320.6,370.12,3000.0,20,28
MES_proxy_risk_150,1,20,2026-04-24,2026-05-21,unfinished,2026-05-21,1422.84,19,0,5,1320.6,370.12,3000.0,20,28
MES_proxy_risk_150,1,20,2026-04-27,2026-05-22,unfinished,2026-05-22,1089.06,19,0,5,1320.6,370.12,3000.0,20,26
MES_proxy_risk_150,1,20,2026-04-28,2026-05-26,unfinished,2026-05-26,616.56,19,0,5,1320.6,370.12,3000.0,20,29
MES_proxy_risk_150,1,20,2026-04-29,2026-05-27,unfinished,2026-05-27,619.06,19,0,5,1320.6,370.12,3000.0,20,29
MES_proxy_risk_150,1,20,2026-04-30,2026-05-28,unfinished,2026-05-28,119.06,19,0,5,1320.6,335.06,3000.0,20,29
MES_proxy_risk_150,1,20,2026-05-01,2026-05-29,unfinished,2026-05-29,-54.66,19,0,5,1320.6,335.06,3000.0,20,29
MES_proxy_risk_150,1,20,2026-05-04,2026-06-01,unfinished,2026-06-01,172.78,18,0,5,1353.07,387.65,3000.0,20,29
MES_proxy_risk_150,1,20,2026-05-05,2026-06-02,unfinished,2026-06-02,185.28,18,0,5,1350.72,387.65,3000.0,20,29
MES_proxy_risk_150,1,20,2026-05-06,2026-06-03,unfinished,2026-06-03,202.69,18,0,5,1230.78,387.65,3000.0,20,29
MES_proxy_risk_150,1,20,2026-05-07,2026-06-04,unfinished,2026-06-04,240.16,18,0,5,1125.84,387.65,3000.0,20,29
MES_proxy_risk_150,1,20,2026-05-08,2026-06-05,unfinished,2026-06-05,-216.21,18,0,5,1057.12,335.06,3000.0,20,29
MES_proxy_risk_150,1,20,2026-05-11,2026-06-08,unfinished,2026-06-08,-297.43,19,0,5,975.9,335.06,3000.0,20,29
MES_proxy_risk_150,1,20,2026-05-12,2026-06-09,unfinished,2026-06-09,-38.71,19,0,5,957.18,335.06,3000.0,20,29
MES_proxy_risk_150,1,20,2026-05-13,2026-06-10,unfinished,2026-06-10,99.95,18,1,5,957.18,335.06,3000.0,20,29
MES_proxy_risk_150,1,20,2026-05-14,2026-06-11,unfinished,2026-06-11,14.92,18,1,5,957.18,335.06,3000.0,20,29
MES_proxy_risk_150,1,20,2026-05-15,2026-06-12,unfinished,2026-06-12,506.14,18,1,5,957.18,381.28,3000.0,20,29
MES_proxy_risk_150,1,20,2026-05-18,2026-06-15,unfinished,2026-06-15,242.45,18,1,5,957.18,381.28,3000.0,20,29
MES_proxy_risk_150,1,20,2026-05-19,2026-06-16,unfinished,2026-06-16,-212.49,18,1,5,957.18,381.28,3000.0,20,29
MES_proxy_risk_150,1,20,2026-05-20,2026-06-17,unfinished,2026-06-17,-667.46,18,1,5,957.18,381.28,3000.0,20,29
MES_proxy_risk_150,1,20,2026-05-21,2026-06-18,unfinished,2026-06-18,-686.24,18,0,5,1044.68,381.28,3000.0,20,29
MES_proxy_risk_150,1,20,2026-05-22,2026-06-22,unfinished,2026-06-22,-385.08,17,0,5,1163.22,381.28,3000.0,20,32
MES_proxy_risk_150,1,20,2026-05-26,2026-06-23,unfinished,2026-06-23,-490.11,17,0,5,1163.22,381.28,3000.0,20,29
MES_proxy_risk_150,1,20,2026-05-27,2026-06-24,unfinished,2026-06-24,-508.89,17,0,5,1221.91,381.28,3000.0,20,29
MES_proxy_risk_150,1,20,2026-05-28,2026-06-25,unfinished,2026-06-25,-325.14,17,0,5,1307.89,425.06,3000.0,20,29
MES_proxy_risk_150,1,20,2026-05-29,2026-06-26,unfinished,2026-06-26,-195.26,16,0,5,1307.89,425.06,3000.0,20,29
MES_proxy_risk_150,1,20,2026-06-01,2026-06-29,unfinished,2026-06-29,15.96,16,0,5,1251.67,425.06,3000.0,20,29
MES_proxy_risk_150,1,20,2026-06-02,2026-06-30,unfinished,2026-06-30,15.96,16,0,5,1251.67,425.06,3000.0,20,29
MES_proxy_risk_150,1,20,2026-06-03,2026-07-01,unfinished,2026-07-01,153.31,15,0,4,1251.67,425.06,3000.0,20,29
MES_proxy_risk_150,1,20,2026-06-04,2026-07-02,unfinished,2026-07-02,512.03,15,0,4,1251.67,425.06,3000.0,20,29
MES_proxy_risk_150,1,20,2026-06-05,2026-07-06,unfinished,2026-07-06,509.53,15,0,4,1251.67,425.06,3000.0,20,32
MES_proxy_risk_150,1,20,2026-06-08,2026-07-07,unfinished,2026-07-07,646.97,14,0,4,1251.67,425.06,3000.0,20,30
MES_proxy_risk_150,1,20,2026-06-09,2026-07-08,unfinished,2026-07-08,615.75,14,0,4,1251.67,425.06,3000.0,20,30
MES_proxy_risk_150,1,20,2026-06-10,2026-07-09,unfinished,2026-07-09,153.25,14,0,4,1251.67,425.06,3000.0,20,30
MES_proxy_risk_150,1,20,2026-06-11,2026-07-10,unfinished,2026-07-10,158.31,14,0,4,1251.67,425.06,3000.0,20,30
MES_proxy_risk_150,1,20,2026-06-12,2026-07-13,unfinished,2026-07-13,-390.41,14,0,4,1228.31,381.28,3000.0,20,32
MES_proxy_risk_150,1,20,2026-06-15,2026-07-14,unfinished,2026-07-14,-451.63,14,0,4,1223.37,320.06,3000.0,20,30
MES_proxy_risk_150,1,20,2026-06-16,2026-07-15,unfinished,2026-07-15,-429.13,14,0,4,1362.03,320.06,3000.0,20,30
MES_proxy_risk_150,1,20,2026-06-17,2026-07-16,unfinished,2026-07-16,-421.69,14,0,3,1385.42,320.06,3000.0,20,30
MES_proxy_risk_150,1,20,2026-06-18,2026-07-17,unfinished,2026-07-17,-301.78,13,0,3,1385.42,320.06,3000.0,20,30
MES_proxy_risk_150,1,20,2026-06-22,2026-07-20,unfinished,2026-07-20,-301.78,13,0,3,1385.42,320.06,3000.0,20,29
MES_proxy_risk_150,1,20,2026-06-23,2026-07-21,unfinished,2026-07-21,-431.72,14,0,3,1336.88,320.06,3000.0,20,29
MES_proxy_risk_150,1,20,2026-06-24,2026-07-22,unfinished,2026-07-22,-461.66,14,0,3,1224.47,320.06,3000.0,20,29
MES_proxy_risk_150,1,20,2026-06-25,2026-07-23,unfinished,2026-07-23,-384.19,13,0,3,1224.47,320.06,3000.0,20,29
MES_proxy_risk_150,1,20,2026-06-26,2026-07-24,unfinished,2026-07-24,-350.38,13,0,3,1119.56,320.06,3000.0,20,29
MES_proxy_risk_150,1,20,2026-06-29,2026-07-27,unfinished,2026-07-27,-350.38,13,0,3,1119.56,320.06,3000.0,20,29
MES_proxy_risk_150,1,20,2026-06-30,2026-07-28,unfinished,2026-07-28,-717.88,13,0,3,1043.34,320.06,3000.0,20,29
MES_proxy_risk_150,1,20,2026-07-01,2026-07-29,unfinished,2026-07-29,-717.88,13,0,3,1043.34,320.06,3000.0,20,29
MES_proxy_risk_150,1,20,2026-07-02,2026-07-30,unfinished,2026-07-30,-775.35,14,0,3,985.87,320.06,3000.0,20,29
MES_proxy_risk_150,1,20,2026-07-06,2026-07-31,unfinished,2026-07-31,-1106.6,14,0,3,893.4,320.06,3000.0,20,26
MES_proxy_risk_150,1,60,2025-12-01,2026-02-27,unfinished,2026-02-27,-1031.76,45,0,6,884.98,412.59,3000.0,60,89
MES_proxy_risk_150,1,60,2025-12-02,2026-03-02,unfinished,2026-03-02,-1031.76,45,1,6,884.98,412.59,3000.0,60,91
MES_proxy_risk_150,1,60,2025-12-03,2026-03-03,unfinished,2026-03-03,-900.54,44,2,6,884.98,412.59,3000.0,60,91
MES_proxy_risk_150,1,60,2025-12-04,2026-03-04,unfinished,2026-03-04,-773.13,43,3,6,884.98,412.59,3000.0,60,91
MES_proxy_risk_150,1,60,2025-12-05,2026-03-05,unfinished,2026-03-05,-333.16,43,3,6,872.51,415.12,3000.0,60,91
MES_proxy_risk_150,1,60,2025-12-08,2026-03-06,unfinished,2026-03-06,-92.0,43,3,6,872.51,415.12,3000.0,60,89
MES_proxy_risk_150,1,60,2025-12-09,2026-03-09,unfinished,2026-03-09,206.78,44,3,6,872.51,415.12,3000.0,60,91
MES_proxy_risk_150,1,60,2025-12-10,2026-03-10,unfinished,2026-03-10,579.19,44,3,6,872.51,415.12,3000.0,60,91
MES_proxy_risk_150,1,60,2025-12-11,2026-03-11,unfinished,2026-03-11,1121.72,44,3,6,872.51,415.12,3000.0,60,91
MES_proxy_risk_150,1,60,2025-12-12,2026-03-12,unfinished,2026-03-12,564.19,44,3,6,872.51,412.59,3000.0,60,91
MES_proxy_risk_150,1,60,2025-12-15,2026-03-13,unfinished,2026-03-13,791.72,45,3,6,872.51,412.59,3000.0,60,89
MES_proxy_risk_150,1,60,2025-12-16,2026-03-16,unfinished,2026-03-16,801.72,45,3,6,872.51,412.59,3000.0,60,91
MES_proxy_risk_150,1,60,2025-12-17,2026-03-17,unfinished,2026-03-17,756.72,45,3,6,872.51,412.59,3000.0,60,91
MES_proxy_risk_150,1,60,2025-12-18,2026-03-18,unfinished,2026-03-18,749.25,45,3,6,872.51,412.59,3000.0,60,91
MES_proxy_risk_150,1,60,2025-12-19,2026-03-19,unfinished,2026-03-19,616.81,46,3,6,872.51,412.59,3000.0,60,91
MES_proxy_risk_150,1,60,2025-12-22,2026-03-20,unfinished,2026-03-20,695.53,45,3,6,872.51,412.59,3000.0,60,89
MES_proxy_risk_150,1,60,2025-12-23,2026-03-23,unfinished,2026-03-23,246.72,45,3,6,872.51,412.59,3000.0,60,91
MES_proxy_risk_150,1,60,2025-12-26,2026-03-24,unfinished,2026-03-24,267.94,45,3,6,872.51,412.59,3000.0,60,89
MES_proxy_risk_150,1,60,2025-12-29,2026-03-25,unfinished,2026-03-25,292.88,45,3,6,872.51,412.59,3000.0,60,87
MES_proxy_risk_150,1,60,2025-12-30,2026-03-26,unfinished,2026-03-26,757.88,45,3,6,872.51,412.59,3000.0,60,87
MES_proxy_risk_150,1,60,2025-12-31,2026-03-27,unfinished,2026-03-27,816.48,45,3,6,872.51,412.59,3000.0,60,87
MES_proxy_risk_150,1,60,2026-01-02,2026-03-30,unfinished,2026-03-30,865.17,45,3,6,872.51,412.59,3000.0,60,88
MES_proxy_risk_150,1,60,2026-01-05,2026-03-31,unfinished,2026-03-31,435.17,45,3,6,872.51,412.59,3000.0,60,86
MES_proxy_risk_150,1,60,2026-01-06,2026-04-01,unfinished,2026-04-01,435.17,45,3,6,872.51,412.59,3000.0,60,86
MES_proxy_risk_150,1,60,2026-01-07,2026-04-02,unfinished,2026-04-02,584.99,44,3,5,872.51,412.59,3000.0,60,86
MES_proxy_risk_150,1,60,2026-01-08,2026-04-06,unfinished,2026-04-06,51.15,44,3,4,872.51,412.59,3000.0,60,89
MES_proxy_risk_150,1,60,2026-01-09,2026-04-07,unfinished,2026-04-07,117.34,44,3,4,872.51,412.59,3000.0,60,89
MES_proxy_risk_150,1,60,2026-01-12,2026-04-08,unfinished,2026-04-08,-295.25,43,3,4,872.51,400.12,3000.0,60,87
MES_proxy_risk_150,1,60,2026-01-13,2026-04-09,unfinished,2026-04-09,177.55,46,0,4,1016.88,423.84,3000.0,60,87
MES_proxy_risk_150,1,60,2026-01-14,2026-04-10,unfinished,2026-04-10,232.49,46,0,4,1016.88,423.84,3000.0,60,87
MES_proxy_risk_150,1,60,2026-01-15,2026-04-13,unfinished,2026-04-13,357.43,45,0,4,1016.88,423.84,3000.0,60,89
MES_proxy_risk_150,1,60,2026-01-16,2026-04-14,unfinished,2026-04-14,487.31,44,0,4,1016.88,423.84,3000.0,60,89
MES_proxy_risk_150,1,60,2026-01-20,2026-04-15,unfinished,2026-04-15,377.37,45,0,4,1007.0,423.84,3000.0,60,86
MES_proxy_risk_150,1,60,2026-01-21,2026-04-16,unfinished,2026-04-16,219.87,45,0,4,924.59,417.56,3000.0,60,86
MES_proxy_risk_150,1,60,2026-01-22,2026-04-17,unfinished,2026-04-17,219.87,45,0,4,924.59,417.56,3000.0,60,86
MES_proxy_risk_150,1,60,2026-01-23,2026-04-20,unfinished,2026-04-20,643.62,45,0,4,924.59,417.56,3000.0,60,88
MES_proxy_risk_150,1,60,2026-01-26,2026-04-21,unfinished,2026-04-21,1146.12,45,0,4,924.59,417.56,3000.0,60,86
MES_proxy_risk_150,1,60,2026-01-27,2026-04-22,unfinished,2026-04-22,1148.68,45,0,4,924.59,417.56,3000.0,60,86
MES_proxy_risk_150,1,60,2026-01-28,2026-04-23,unfinished,2026-04-23,998.8,46,0,4,924.59,417.56,3000.0,60,86
MES_proxy_risk_150,1,60,2026-01-29,2026-04-24,unfinished,2026-04-24,1355.14,47,0,4,924.59,417.56,3000.0,60,86
MES_proxy_risk_150,1,60,2026-01-30,2026-04-27,unfinished,2026-04-27,1800.2,47,0,4,924.59,417.56,3000.0,60,88
MES_proxy_risk_150,1,60,2026-02-02,2026-04-28,unfinished,2026-04-28,1322.7,47,0,4,924.59,417.56,3000.0,60,86
MES_proxy_risk_150,1,60,2026-02-03,2026-04-29,unfinished,2026-04-29,1779.04,47,0,4,924.59,417.56,3000.0,60,86
MES_proxy_risk_150,1,60,2026-02-04,2026-04-30,unfinished,2026-04-30,2032.82,48,0,4,924.59,417.56,3000.0,60,86
MES_proxy_risk_150,1,60,2026-02-05,2026-05-01,unfinished,2026-05-01,1540.35,48,0,4,924.59,417.56,3000.0,60,86
MES_proxy_risk_150,1,60,2026-02-06,2026-05-04,unfinished,2026-05-04,1441.75,48,0,5,924.59,417.56,3000.0,60,88
MES_proxy_risk_150,1,60,2026-02-09,2026-05-05,unfinished,2026-05-05,1425.62,48,0,5,924.59,417.56,3000.0,60,86
MES_proxy_risk_150,1,60,2026-02-10,2026-05-06,unfinished,2026-05-06,1283.21,49,0,5,924.59,417.56,3000.0,60,86
MES_proxy_risk_150,1,60,2026-02-11,2026-05-07,unfinished,2026-05-07,1705.77,49,0,5,924.59,417.56,3000.0,60,86
MES_proxy_risk_150,1,60,2026-02-12,2026-05-08,unfinished,2026-05-08,1705.77,49,0,5,924.59,417.56,3000.0,60,86
MES_proxy_risk_150,1,60,2026-02-13,2026-05-11,unfinished,2026-05-11,1603.33,50,0,5,924.59,417.56,3000.0,60,88
MES_proxy_risk_150,1,60,2026-02-17,2026-05-12,unfinished,2026-05-12,1672.17,50,0,5,924.59,417.56,3000.0,60,85
MES_proxy_risk_150,1,60,2026-02-18,2026-05-13,unfinished,2026-05-13,1474.64,50,0,5,924.59,400.12,3000.0,60,85
MES_proxy_risk_150,1,60,2026-02-19,2026-05-14,unfinished,2026-05-14,1364.7,51,0,5,924.59,400.12,3000.0,60,85
MES_proxy_risk_150,1,60,2026-02-20,2026-05-15,unfinished,2026-05-15,1807.2,51,0,5,924.59,400.12,3000.0,60,85
MES_proxy_risk_150,1,60,2026-02-23,2026-05-18,unfinished,2026-05-18,2299.76,51,0,5,924.59,400.12,3000.0,60,85
MES_proxy_risk_150,1,60,2026-02-24,2026-05-19,unfinished,2026-05-19,2769.76,51,0,5,924.59,400.12,3000.0,60,85
MES_proxy_risk_150,1,60,2026-02-25,2026-05-20,unfinished,2026-05-20,2781.04,51,0,5,924.59,400.12,3000.0,60,85
MES_proxy_risk_150,1,60,2026-02-26,2026-05-21,passed_numeric_rules,2026-05-19,3028.36,49,0,5,924.59,400.12,3000.0,58,83
MES_proxy_risk_150,1,60,2026-02-27,2026-05-22,passed_numeric_rules,2026-05-19,3028.36,49,0,5,924.59,400.12,3000.0,57,82
MES_proxy_risk_150,1,60,2026-03-02,2026-05-26,passed_numeric_rules,2026-05-19,3163.3,48,0,5,924.59,400.12,3000.0,56,79
MES_proxy_risk_150,1,60,2026-03-03,2026-05-27,passed_numeric_rules,2026-05-19,3277.02,47,0,5,924.59,400.12,3000.0,55,78
MES_proxy_risk_150,1,60,2026-03-04,2026-05-28,passed_numeric_rules,2026-05-18,3044.43,45,0,5,924.59,400.12,3000.0,53,76
MES_proxy_risk_150,1,60,2026-03-05,2026-05-29,passed_numeric_rules,2026-05-19,3118.21,45,0,5,924.59,400.12,3000.0,53,76
MES_proxy_risk_150,1,60,2026-03-06,2026-06-01,unfinished,2026-06-01,2211.22,51,0,5,924.59,400.12,3000.0,60,88
MES_proxy_risk_150,1,60,2026-03-09,2026-06-02,unfinished,2026-06-02,1967.59,51,0,5,924.59,400.12,3000.0,60,86
MES_proxy_risk_150,1,60,2026-03-10,2026-06-03,unfinished,2026-06-03,1471.34,51,0,5,924.59,400.12,3000.0,60,86
MES_proxy_risk_150,1,60,2026-03-11,2026-06-04,unfinished,2026-06-04,1138.87,51,0,5,924.59,400.12,3000.0,60,86
MES_proxy_risk_150,1,60,2026-03-12,2026-06-05,unfinished,2026-06-05,670.03,51,0,5,924.59,378.84,3000.0,60,86
MES_proxy_risk_150,1,60,2026-03-13,2026-06-08,unfinished,2026-06-08,731.22,51,0,5,924.59,378.84,3000.0,60,88
MES_proxy_risk_150,1,60,2026-03-16,2026-06-09,unfinished,2026-06-09,659.97,51,0,5,924.59,378.84,3000.0,60,86
MES_proxy_risk_150,1,60,2026-03-17,2026-06-10,unfinished,2026-06-10,769.91,50,1,5,924.59,378.84,3000.0,60,86
MES_proxy_risk_150,1,60,2026-03-18,2026-06-11,unfinished,2026-06-11,669.88,50,1,5,924.59,378.84,3000.0,60,86
MES_proxy_risk_150,1,60,2026-03-19,2026-06-12,unfinished,2026-06-12,1073.63,50,1,5,947.06,381.28,3000.0,60,86
MES_proxy_risk_150,1,60,2026-03-20,2026-06-15,unfinished,2026-06-15,1032.44,50,1,5,957.18,381.28,3000.0,60,88
MES_proxy_risk_150,1,60,2026-03-23,2026-06-16,unfinished,2026-06-16,897.56,51,1,5,957.18,381.28,3000.0,60,86
MES_proxy_risk_150,1,60,2026-03-24,2026-06-17,unfinished,2026-06-17,870.12,51,1,5,957.18,381.28,3000.0,60,86
MES_proxy_risk_150,1,60,2026-03-25,2026-06-18,unfinished,2026-06-18,953.84,50,1,5,957.18,381.28,3000.0,60,86
MES_proxy_risk_150,1,60,2026-03-26,2026-06-22,unfinished,2026-06-22,1078.78,49,1,5,957.18,381.28,3000.0,60,89
MES_proxy_risk_150,1,60,2026-03-27,2026-06-23,unfinished,2026-06-23,638.75,49,1,5,957.18,381.28,3000.0,60,89
MES_proxy_risk_150,1,60,2026-03-30,2026-06-24,unfinished,2026-06-24,730.03,49,1,5,957.18,381.28,3000.0,60,87
MES_proxy_risk_150,1,60,2026-03-31,2026-06-25,unfinished,2026-06-25,823.75,48,2,5,957.18,381.28,3000.0,60,87
MES_proxy_risk_150,1,60,2026-04-01,2026-06-26,unfinished,2026-06-26,1029.97,47,2,5,957.18,381.28,3000.0,60,87
MES_proxy_risk_150,1,60,2026-04-02,2026-06-29,unfinished,2026-06-29,1321.25,48,2,5,957.18,381.28,3000.0,60,89
MES_proxy_risk_150,1,60,2026-04-06,2026-06-30,unfinished,2026-06-30,1321.25,48,2,5,957.18,381.28,3000.0,60,86
MES_proxy_risk_150,1,60,2026-04-07,2026-07-01,unfinished,2026-07-01,1448.69,47,2,5,957.18,381.28,3000.0,60,86
MES_proxy_risk_150,1,60,2026-04-08,2026-07-02,unfinished,2026-07-02,1867.47,48,1,5,1068.21,381.28,3000.0,60,86
MES_proxy_risk_150,1,60,2026-04-09,2026-07-06,unfinished,2026-07-06,1760.03,49,1,5,1068.21,381.28,3000.0,60,89
MES_proxy_risk_150,1,60,2026-04-10,2026-07-07,unfinished,2026-07-07,1692.47,49,0,5,1139.37,381.28,3000.0,60,89
MES_proxy_risk_150,1,60,2026-04-13,2026-07-08,unfinished,2026-07-08,1912.47,49,0,5,1259.28,425.06,3000.0,60,87
MES_proxy_risk_150,1,60,2026-04-14,2026-07-09,unfinished,2026-07-09,1762.53,50,0,5,1259.28,425.06,3000.0,60,87
MES_proxy_risk_150,1,60,2026-04-15,2026-07-10,unfinished,2026-07-10,1646.37,51,0,5,1259.28,425.06,3000.0,60,87
MES_proxy_risk_150,1,60,2026-04-16,2026-07-13,unfinished,2026-07-13,1710.18,51,0,5,1337.84,425.06,3000.0,60,89
MES_proxy_risk_150,1,60,2026-04-17,2026-07-14,unfinished,2026-07-14,1592.5,50,1,5,1082.82,381.28,3000.0,60,89
MES_proxy_risk_150,1,60,2026-04-20,2026-07-15,unfinished,2026-07-15,1476.34,51,1,5,1082.82,381.28,3000.0,60,87
MES_proxy_risk_150,1,60,2026-04-21,2026-07-16,unfinished,2026-07-16,1018.69,50,2,5,957.18,381.28,3000.0,60,87
MES_proxy_risk_150,1,60,2026-04-22,2026-07-17,unfinished,2026-07-17,639.85,49,2,5,957.18,381.28,3000.0,60,87
MES_proxy_risk_150,1,60,2026-04-23,2026-07-20,unfinished,2026-07-20,764.73,48,2,5,957.18,381.28,3000.0,60,89
MES_proxy_risk_150,1,60,2026-04-24,2026-07-21,unfinished,2026-07-21,849.64,48,2,5,957.18,381.28,3000.0,60,89
MES_proxy_risk_150,1,60,2026-04-27,2026-07-22,unfinished,2026-07-22,380.89,48,2,5,957.18,381.28,3000.0,60,87
MES_proxy_risk_150,1,60,2026-04-28,2026-07-23,unfinished,2026-07-23,35.8,47,2,5,957.18,381.28,3000.0,60,87
MES_proxy_risk_150,1,60,2026-04-29,2026-07-24,unfinished,2026-07-24,43.33,47,2,5,957.18,381.28,3000.0,60,87
MES_proxy_risk_150,1,60,2026-04-30,2026-07-27,unfinished,2026-07-27,-326.79,46,2,5,957.18,381.28,3000.0,60,89
MES_proxy_risk_150,1,60,2026-05-01,2026-07-28,unfinished,2026-07-28,-656.79,46,2,5,885.94,381.28,3000.0,60,89
MES_proxy_risk_150,1,60,2026-05-04,2026-07-29,unfinished,2026-07-29,-429.35,45,2,5,885.94,387.65,3000.0,60,87
MES_proxy_risk_150,1,60,2026-05-05,2026-07-30,unfinished,2026-07-30,-336.97,45,2,5,828.47,387.65,3000.0,60,87
MES_proxy_risk_150,1,60,2026-05-06,2026-07-31,unfinished,2026-07-31,-199.62,44,3,5,828.47,387.65,3000.0,60,87
MES_proxy_risk_200,1,20,2025-12-01,2025-12-30,unfinished,2025-12-30,-757.25,16,0,6,1100.72,357.56,3000.0,20,30
MES_proxy_risk_200,1,20,2025-12-02,2025-12-31,unfinished,2025-12-31,-852.19,17,0,6,1100.72,357.56,3000.0,20,30
MES_proxy_risk_200,1,20,2025-12-03,2026-01-02,unfinished,2026-01-02,-428.47,17,0,6,1179.03,357.56,3000.0,20,31
MES_proxy_risk_200,1,20,2025-12-04,2026-01-05,unfinished,2026-01-05,-406.0,16,0,6,1201.5,357.56,3000.0,20,33
MES_proxy_risk_200,1,20,2025-12-05,2026-01-06,unfinished,2026-01-06,-427.07,16,0,6,1221.85,415.12,3000.0,20,33
MES_proxy_risk_200,1,20,2025-12-08,2026-01-07,unfinished,2026-01-07,66.65,16,0,6,1221.85,415.12,3000.0,20,31
MES_proxy_risk_200,1,20,2025-12-09,2026-01-08,unfinished,2026-01-08,-72.01,17,0,6,1221.85,415.12,3000.0,20,31
MES_proxy_risk_200,1,20,2025-12-10,2026-01-09,unfinished,2026-01-09,474.21,17,0,6,1221.85,415.12,3000.0,20,31
MES_proxy_risk_200,1,20,2025-12-11,2026-01-12,unfinished,2026-01-12,627.93,17,0,6,1221.85,518.9,3000.0,20,33
MES_proxy_risk_200,1,20,2025-12-12,2026-01-13,unfinished,2026-01-13,-59.57,17,0,6,1221.85,412.59,3000.0,20,33
MES_proxy_risk_200,1,20,2025-12-15,2026-01-14,unfinished,2026-01-14,-184.51,18,0,6,1221.85,412.59,3000.0,20,31
MES_proxy_risk_200,1,20,2025-12-16,2026-01-15,unfinished,2026-01-15,44.3,18,0,6,1221.85,536.34,3000.0,20,31
MES_proxy_risk_200,1,20,2025-12-17,2026-01-16,unfinished,2026-01-16,-492.04,17,0,6,1221.85,412.59,3000.0,20,31
MES_proxy_risk_200,1,20,2025-12-18,2026-01-20,unfinished,2026-01-20,100.46,17,0,6,1221.85,475.12,3000.0,20,34
MES_proxy_risk_200,1,20,2025-12-19,2026-01-21,unfinished,2026-01-21,100.46,17,0,6,1221.85,475.12,3000.0,20,34
MES_proxy_risk_200,1,20,2025-12-22,2026-01-22,unfinished,2026-01-22,111.74,17,0,6,1221.85,475.12,3000.0,20,32
MES_proxy_risk_200,1,20,2025-12-23,2026-01-23,unfinished,2026-01-23,-487.04,17,0,6,1221.85,412.59,3000.0,20,32
MES_proxy_risk_200,1,20,2025-12-26,2026-01-26,unfinished,2026-01-26,-529.42,17,0,7,1271.85,412.59,3000.0,20,32
MES_proxy_risk_200,1,20,2025-12-29,2026-01-27,unfinished,2026-01-27,-389.51,16,0,8,1321.94,412.59,3000.0,20,30
MES_proxy_risk_200,1,20,2025-12-30,2026-01-28,unfinished,2026-01-28,-15.76,15,0,8,1321.94,487.68,3000.0,20,30
MES_proxy_risk_200,1,20,2025-12-31,2026-01-29,unfinished,2026-01-29,16.56,15,0,8,1221.97,487.68,3000.0,20,30
MES_proxy_risk_200,1,20,2026-01-02,2026-01-30,unfinished,2026-01-30,388.97,15,0,8,1212.0,487.68,3000.0,20,29
MES_proxy_risk_200,1,20,2026-01-05,2026-02-02,unfinished,2026-02-02,-166.09,15,0,8,1212.0,487.68,3000.0,20,29
MES_proxy_risk_200,1,20,2026-01-06,2026-02-03,unfinished,2026-02-03,-166.09,15,0,8,1212.0,487.68,3000.0,20,29
MES_proxy_risk_200,1,20,2026-01-07,2026-02-04,unfinished,2026-02-04,376.23,15,0,6,1212.0,487.68,3000.0,20,29
MES_proxy_risk_200,1,20,2026-01-08,2026-02-05,unfinished,2026-02-05,-230.17,15,0,5,1212.0,412.59,3000.0,20,29
MES_proxy_risk_200,1,20,2026-01-09,2026-02-06,unfinished,2026-02-06,-28.98,15,0,5,1212.0,550.12,3000.0,20,29
MES_proxy_risk_200,1,20,2026-01-12,2026-02-09,unfinished,2026-02-09,-579.1,14,0,5,1212.0,342.56,3000.0,20,29
MES_proxy_risk_200,1,20,2026-01-13,2026-02-10,unfinished,2026-02-10,-436.42,14,0,5,1360.84,423.84,3000.0,20,29
MES_proxy_risk_200,1,20,2026-01-14,2026-02-11,unfinished,2026-02-11,-386.51,13,0,5,1392.89,423.84,3000.0,20,29
MES_proxy_risk_200,1,20,2026-01-15,2026-02-12,unfinished,2026-02-12,-231.57,12,0,6,1392.89,423.84,3000.0,20,29
MES_proxy_risk_200,1,20,2026-01-16,2026-02-13,unfinished,2026-02-13,-25.44,12,0,4,1392.89,565.12,3000.0,20,29
MES_proxy_risk_200,1,20,2026-01-20,2026-02-17,unfinished,2026-02-17,183.34,13,0,4,1346.97,565.12,3000.0,20,29
MES_proxy_risk_200,1,20,2026-01-21,2026-02-18,unfinished,2026-02-18,-381.78,12,0,4,1346.97,365.06,3000.0,20,29
MES_proxy_risk_200,1,20,2026-01-22,2026-02-19,unfinished,2026-02-19,-501.72,13,0,4,1346.97,365.06,3000.0,20,29
MES_proxy_risk_200,1,20,2026-01-23,2026-02-20,unfinished,2026-02-20,-81.72,13,0,4,1336.49,513.84,3000.0,20,29
MES_proxy_risk_200,1,20,2026-01-26,2026-02-23,unfinished,2026-02-23,-115.5,13,0,3,1336.49,513.84,3000.0,20,29
MES_proxy_risk_200,1,20,2026-01-27,2026-02-24,unfinished,2026-02-24,-138.03,13,0,3,1336.49,513.84,3000.0,20,29
MES_proxy_risk_200,1,20,2026-01-28,2026-02-25,unfinished,2026-02-25,-246.69,14,0,3,1246.79,513.84,3000.0,20,29
MES_proxy_risk_200,1,20,2026-01-29,2026-02-26,unfinished,2026-02-26,-246.69,14,0,3,1246.79,513.84,3000.0,20,29
MES_proxy_risk_200,1,20,2026-01-30,2026-02-27,unfinished,2026-02-27,68.31,14,0,3,1179.32,547.59,3000.0,20,29
MES_proxy_risk_200,1,20,2026-02-02,2026-03-02,unfinished,2026-03-02,-593.0,14,0,3,1065.6,513.84,3000.0,20,29
MES_proxy_risk_200,1,20,2026-02-03,2026-03-03,unfinished,2026-03-03,-523.03,14,0,3,963.13,513.84,3000.0,20,29
MES_proxy_risk_200,1,20,2026-02-04,2026-03-04,unfinished,2026-03-04,-261.75,15,0,3,936.91,513.84,3000.0,20,29
MES_proxy_risk_200,1,20,2026-02-05,2026-03-05,unfinished,2026-03-05,-578.06,15,0,3,936.91,417.56,3000.0,20,29
MES_proxy_risk_200,1,20,2026-02-06,2026-03-06,unfinished,2026-03-06,-389.28,15,0,4,1019.41,417.56,3000.0,20,29
MES_proxy_risk_200,1,20,2026-02-09,2026-03-09,unfinished,2026-03-09,30.72,15,0,4,1021.7,417.56,3000.0,20,29
MES_proxy_risk_200,1,20,2026-02-10,2026-03-10,unfinished,2026-03-10,485.78,16,0,4,1021.7,455.06,3000.0,20,29
MES_proxy_risk_200,1,20,2026-02-11,2026-03-11,unfinished,2026-03-11,1154.59,16,0,5,1021.7,500.15,3000.0,20,29
MES_proxy_risk_200,1,20,2026-02-12,2026-03-12,unfinished,2026-03-12,964.71,17,0,5,1021.7,500.15,3000.0,20,29
MES_proxy_risk_200,1,20,2026-02-13,2026-03-13,unfinished,2026-03-13,1419.77,18,0,5,1021.7,500.15,3000.0,20,29
MES_proxy_risk_200,1,20,2026-02-17,2026-03-16,unfinished,2026-03-16,1384.83,18,0,5,1021.7,500.15,3000.0,20,28
MES_proxy_risk_200,1,20,2026-02-18,2026-03-17,unfinished,2026-03-17,1436.11,18,0,5,1021.7,500.15,3000.0,20,28
MES_proxy_risk_200,1,20,2026-02-19,2026-03-18,unfinished,2026-03-18,1256.23,19,0,5,1021.7,500.15,3000.0,20,28
MES_proxy_risk_200,1,20,2026-02-20,2026-03-19,unfinished,2026-03-19,1141.26,19,0,5,1039.17,500.15,3000.0,20,28
MES_proxy_risk_200,1,20,2026-02-23,2026-03-20,unfinished,2026-03-20,1635.01,18,0,5,1229.11,500.15,3000.0,20,26
MES_proxy_risk_200,1,20,2026-02-24,2026-03-23,unfinished,2026-03-23,1641.26,18,0,5,1327.83,500.15,3000.0,20,28
MES_proxy_risk_200,1,20,2026-02-25,2026-03-24,unfinished,2026-03-24,1587.54,18,0,5,1441.55,500.15,3000.0,20,28
MES_proxy_risk_200,1,20,2026-02-26,2026-03-25,unfinished,2026-03-25,1485.01,18,0,5,1485.01,500.15,3000.0,20,28
MES_proxy_risk_200,1,20,2026-02-27,2026-03-26,unfinished,2026-03-26,1842.57,19,0,5,1455.07,500.15,3000.0,20,28
MES_proxy_risk_200,1,20,2026-03-02,2026-03-27,unfinished,2026-03-27,1825.07,19,0,5,1590.01,500.15,3000.0,20,26
MES_proxy_risk_200,1,20,2026-03-03,2026-03-30,unfinished,2026-03-30,2128.94,19,0,5,1845.09,536.34,3000.0,20,28
MES_proxy_risk_200,1,20,2026-03-04,2026-03-31,unfinished,2026-03-31,2055.25,19,0,5,1918.9,536.34,3000.0,20,28
MES_proxy_risk_200,1,20,2026-03-05,2026-04-01,unfinished,2026-04-01,1568.82,18,0,5,1544.92,500.15,3000.0,20,28
MES_proxy_risk_200,1,20,2026-03-06,2026-04-02,unfinished,2026-04-02,1416.17,17,0,5,1392.27,500.15,3000.0,20,28
MES_proxy_risk_200,1,20,2026-03-09,2026-04-06,unfinished,2026-04-06,1076.17,17,0,5,1253.07,500.15,3000.0,20,29
MES_proxy_risk_200,1,20,2026-03-10,2026-04-07,unfinished,2026-04-07,704.92,17,0,5,1180.6,500.15,3000.0,20,29
MES_proxy_risk_200,1,20,2026-03-11,2026-04-08,unfinished,2026-04-08,249.86,16,0,5,1180.6,500.15,3000.0,20,29
MES_proxy_risk_200,1,20,2026-03-12,2026-04-09,unfinished,2026-04-09,-355.2,16,0,4,1075.69,468.84,3000.0,20,29
MES_proxy_risk_200,1,20,2026-03-13,2026-04-10,unfinished,2026-04-10,-245.26,16,0,4,995.75,468.84,3000.0,20,29
MES_proxy_risk_200,1,20,2026-03-16,2026-04-13,unfinished,2026-04-13,-700.32,15,0,4,995.75,468.84,3000.0,20,29
MES_proxy_risk_200,1,20,2026-03-17,2026-04-14,unfinished,2026-04-14,-535.41,14,0,4,995.75,468.84,3000.0,20,29
MES_proxy_risk_200,1,20,2026-03-18,2026-04-15,unfinished,2026-04-15,-1059.22,14,0,4,940.78,357.56,3000.0,20,29
MES_proxy_risk_200,1,20,2026-03-19,2026-04-16,unfinished,2026-04-16,-851.72,14,0,3,915.78,357.56,3000.0,20,29
MES_proxy_risk_200,1,20,2026-03-20,2026-04-17,unfinished,2026-04-17,-696.72,13,0,3,954.53,357.56,3000.0,20,29
MES_proxy_risk_200,1,20,2026-03-23,2026-04-20,unfinished,2026-04-20,-419.13,14,0,3,954.53,357.56,3000.0,20,29
MES_proxy_risk_200,1,20,2026-03-24,2026-04-21,unfinished,2026-04-21,17.21,14,0,3,946.85,378.84,3000.0,20,29
MES_proxy_risk_200,1,20,2026-03-25,2026-04-22,unfinished,2026-04-22,-65.14,14,0,6,946.85,378.84,3000.0,20,29
MES_proxy_risk_200,1,20,2026-03-26,2026-04-23,unfinished,2026-04-23,151.17,14,0,6,946.85,536.34,3000.0,20,29
MES_proxy_risk_200,1,20,2026-03-27,2026-04-24,unfinished,2026-04-24,-28.83,14,0,6,946.85,378.84,3000.0,20,29
MES_proxy_risk_200,1,20,2026-03-30,2026-04-27,unfinished,2026-04-27,431.29,14,0,6,946.85,460.12,3000.0,20,29
MES_proxy_risk_200,1,20,2026-03-31,2026-04-28,unfinished,2026-04-28,633.91,14,0,6,1099.32,505.12,3000.0,20,29
MES_proxy_risk_200,1,20,2026-04-01,2026-04-29,unfinished,2026-04-29,1209.0,14,0,6,1211.76,505.12,3000.0,20,29
MES_proxy_risk_200,1,20,2026-04-02,2026-04-30,unfinished,2026-04-30,1716.56,15,0,6,1211.76,507.56,3000.0,20,29
MES_proxy_risk_200,1,20,2026-04-06,2026-05-01,unfinished,2026-05-01,1516.68,16,0,6,1211.76,507.56,3000.0,20,26
MES_proxy_risk_200,1,20,2026-04-07,2026-05-04,unfinished,2026-05-04,1634.39,16,0,6,1300.51,507.56,3000.0,20,28
MES_proxy_risk_200,1,20,2026-04-08,2026-05-05,unfinished,2026-05-05,1559.54,16,0,6,1390.48,507.56,3000.0,20,28
MES_proxy_risk_200,1,20,2026-04-09,2026-05-06,unfinished,2026-05-06,1417.13,17,0,6,1390.48,507.56,3000.0,20,28
MES_proxy_risk_200,1,20,2026-04-10,2026-05-07,unfinished,2026-05-07,2000.97,17,0,7,1488.47,507.56,3000.0,20,28
MES_proxy_risk_200,1,20,2026-04-13,2026-05-08,unfinished,2026-05-08,2230.88,16,0,7,1565.39,507.56,3000.0,20,26
MES_proxy_risk_200,1,20,2026-04-14,2026-05-11,unfinished,2026-05-11,2077.22,17,0,7,1565.39,507.56,3000.0,20,28
MES_proxy_risk_200,1,20,2026-04-15,2026-05-12,unfinished,2026-05-12,1892.34,18,0,7,1565.39,507.56,3000.0,20,28
MES_proxy_risk_200,1,20,2026-04-16,2026-05-13,unfinished,2026-05-13,2592.37,18,0,7,1565.39,532.68,3000.0,20,28
MES_proxy_risk_200,1,20,2026-04-17,2026-05-14,unfinished,2026-05-14,1938.41,18,0,6,1436.8,507.56,3000.0,20,28
MES_proxy_risk_200,1,20,2026-04-20,2026-05-15,unfinished,2026-05-15,2188.47,19,0,6,1436.8,507.56,3000.0,20,26
MES_proxy_risk_200,1,20,2026-04-21,2026-05-18,unfinished,2026-05-18,1722.01,19,0,6,1240.66,507.56,3000.0,20,28
MES_proxy_risk_200,1,20,2026-04-22,2026-05-19,unfinished,2026-05-19,1719.48,19,0,6,1240.66,507.56,3000.0,20,28
MES_proxy_risk_200,1,20,2026-04-23,2026-05-20,unfinished,2026-05-20,1834.45,19,0,6,1240.66,507.56,3000.0,20,28
MES_proxy_risk_200,1,20,2026-04-24,2026-05-21,unfinished,2026-05-21,1840.7,19,0,6,1240.66,507.56,3000.0,20,28
MES_proxy_risk_200,1,20,2026-04-27,2026-05-22,unfinished,2026-05-22,1388.14,19,0,6,1240.66,507.56,3000.0,20,26
MES_proxy_risk_200,1,20,2026-04-28,2026-05-26,unfinished,2026-05-26,800.61,19,0,6,1240.66,507.56,3000.0,20,29
MES_proxy_risk_200,1,20,2026-04-29,2026-05-27,unfinished,2026-05-27,859.33,19,0,6,1240.66,507.56,3000.0,20,29
MES_proxy_risk_200,1,20,2026-04-30,2026-05-28,unfinished,2026-05-28,266.8,19,0,6,1240.66,507.56,3000.0,20,29
MES_proxy_risk_200,1,20,2026-05-01,2026-05-29,unfinished,2026-05-29,-160.7,19,0,6,1240.66,502.59,3000.0,20,29
MES_proxy_risk_200,1,20,2026-05-04,2026-06-01,unfinished,2026-06-01,523.08,18,0,6,1265.63,502.59,3000.0,20,29
MES_proxy_risk_200,1,20,2026-05-05,2026-06-02,unfinished,2026-06-02,538.08,18,0,7,1263.28,502.59,3000.0,20,29
MES_proxy_risk_200,1,20,2026-05-06,2026-06-03,unfinished,2026-06-03,640.49,18,0,6,1143.34,502.59,3000.0,20,29
MES_proxy_risk_200,1,20,2026-05-07,2026-06-04,unfinished,2026-06-04,725.43,18,0,6,1038.4,502.59,3000.0,20,29
MES_proxy_risk_200,1,20,2026-05-08,2026-06-05,unfinished,2026-06-05,191.53,18,0,5,969.68,502.59,3000.0,20,29
MES_proxy_risk_200,1,20,2026-05-11,2026-06-08,unfinished,2026-06-08,110.31,19,0,5,888.46,502.59,3000.0,20,29
MES_proxy_risk_200,1,20,2026-05-12,2026-06-09,unfinished,2026-06-09,374.03,19,0,5,869.74,502.59,3000.0,20,29
MES_proxy_risk_200,1,20,2026-05-13,2026-06-10,unfinished,2026-06-10,558.91,18,1,5,869.74,502.59,3000.0,20,29
MES_proxy_risk_200,1,20,2026-05-14,2026-06-11,unfinished,2026-06-11,325.1,18,1,5,869.74,502.59,3000.0,20,29
MES_proxy_risk_200,1,20,2026-05-15,2026-06-12,unfinished,2026-06-12,490.01,17,2,5,869.74,502.59,3000.0,20,29
MES_proxy_risk_200,1,20,2026-05-18,2026-06-15,unfinished,2026-06-15,147.51,17,2,5,869.74,502.59,3000.0,20,29
MES_proxy_risk_200,1,20,2026-05-19,2026-06-16,unfinished,2026-06-16,-433.74,17,2,5,869.74,502.59,3000.0,20,29
MES_proxy_risk_200,1,20,2026-05-20,2026-06-17,unfinished,2026-06-17,-1016.27,17,2,5,869.74,212.53,3000.0,20,29
MES_proxy_risk_200,1,20,2026-05-21,2026-06-18,unfinished,2026-06-18,-698.68,17,1,5,925.96,381.28,3000.0,20,29
MES_proxy_risk_200,1,20,2026-05-22,2026-06-22,unfinished,2026-06-22,-659.99,17,0,5,1037.09,381.28,3000.0,20,32
MES_proxy_risk_200,1,20,2026-05-26,2026-06-23,unfinished,2026-06-23,-776.3,17,0,5,1037.09,381.28,3000.0,20,29
MES_proxy_risk_200,1,20,2026-05-27,2026-06-24,unfinished,2026-06-24,-703.68,17,0,6,1147.03,381.28,3000.0,20,29
MES_proxy_risk_200,1,20,2026-05-28,2026-06-25,unfinished,2026-06-25,-651.18,16,1,7,1199.53,381.28,3000.0,20,29
MES_proxy_risk_200,1,20,2026-05-29,2026-06-26,unfinished,2026-06-26,-516.33,15,1,7,1214.29,381.28,3000.0,20,29
MES_proxy_risk_200,1,20,2026-06-01,2026-06-29,unfinished,2026-06-29,-345.14,15,1,7,1214.29,381.28,3000.0,20,29
MES_proxy_risk_200,1,20,2026-06-02,2026-06-30,unfinished,2026-06-30,-345.14,15,1,7,1214.29,381.28,3000.0,20,29
MES_proxy_risk_200,1,20,2026-06-03,2026-07-01,unfinished,2026-07-01,59.68,14,1,5,1270.48,425.06,3000.0,20,29
MES_proxy_risk_200,1,20,2026-06-04,2026-07-02,unfinished,2026-07-02,397.15,14,1,5,1270.48,425.06,3000.0,20,29
MES_proxy_risk_200,1,20,2026-06-05,2026-07-06,unfinished,2026-07-06,549.68,14,1,5,1270.48,468.84,3000.0,20,32
MES_proxy_risk_200,1,20,2026-06-08,2026-07-07,unfinished,2026-07-07,687.12,13,1,5,1270.48,468.84,3000.0,20,30
MES_proxy_risk_200,1,20,2026-06-09,2026-07-08,unfinished,2026-07-08,680.9,13,1,5,1270.48,468.84,3000.0,20,30
MES_proxy_risk_200,1,20,2026-06-10,2026-07-09,unfinished,2026-07-09,62.12,13,1,5,1270.48,425.06,3000.0,20,30
MES_proxy_risk_200,1,20,2026-06-11,2026-07-10,unfinished,2026-07-10,67.18,13,1,5,1260.84,425.06,3000.0,20,30
MES_proxy_risk_200,1,20,2026-06-12,2026-07-13,unfinished,2026-07-13,-481.54,13,1,5,1137.18,381.28,3000.0,20,32
MES_proxy_risk_200,1,20,2026-06-15,2026-07-14,unfinished,2026-07-14,-542.76,13,1,5,1132.24,320.06,3000.0,20,30
MES_proxy_risk_200,1,20,2026-06-16,2026-07-15,unfinished,2026-07-15,-639.01,14,0,5,1152.15,320.06,3000.0,20,30
MES_proxy_risk_200,1,20,2026-06-17,2026-07-16,unfinished,2026-07-16,-771.51,14,0,5,1147.09,320.06,3000.0,20,30
MES_proxy_risk_200,1,20,2026-06-18,2026-07-17,unfinished,2026-07-17,-371.6,13,0,4,1275.48,477.56,3000.0,20,30
MES_proxy_risk_200,1,20,2026-06-22,2026-07-20,unfinished,2026-07-20,-371.6,13,0,4,1275.48,477.56,3000.0,20,29
MES_proxy_risk_200,1,20,2026-06-23,2026-07-21,unfinished,2026-07-21,-501.54,14,0,4,1188.22,477.56,3000.0,20,29
MES_proxy_risk_200,1,20,2026-06-24,2026-07-22,unfinished,2026-07-22,-449.01,14,0,4,1075.81,477.56,3000.0,20,29
MES_proxy_risk_200,1,20,2026-06-25,2026-07-23,unfinished,2026-07-23,-294.07,13,0,4,1075.81,477.56,3000.0,20,29
MES_proxy_risk_200,1,20,2026-06-26,2026-07-24,unfinished,2026-07-24,31.02,13,0,4,970.9,582.56,3000.0,20,29
MES_proxy_risk_200,1,20,2026-06-29,2026-07-27,unfinished,2026-07-27,31.02,13,0,4,970.9,582.56,3000.0,20,29
MES_proxy_risk_200,1,20,2026-06-30,2026-07-28,unfinished,2026-07-28,-627.76,13,0,4,894.68,477.56,3000.0,20,29
MES_proxy_risk_200,1,20,2026-07-01,2026-07-29,unfinished,2026-07-29,-627.76,13,0,4,894.68,477.56,3000.0,20,29
MES_proxy_risk_200,1,20,2026-07-02,2026-07-30,unfinished,2026-07-30,-685.23,14,0,4,837.21,477.56,3000.0,20,29
MES_proxy_risk_200,1,20,2026-07-06,2026-07-31,unfinished,2026-07-31,-1162.79,13,1,4,837.21,320.06,3000.0,20,26
MES_proxy_risk_200,1,60,2025-12-01,2026-02-27,unfinished,2026-02-27,-1084.2,44,1,6,915.8,412.59,3000.0,60,89
MES_proxy_risk_200,1,60,2025-12-02,2026-03-02,unfinished,2026-03-02,-1084.2,44,2,6,915.8,412.59,3000.0,60,91
MES_proxy_risk_200,1,60,2025-12-03,2026-03-03,unfinished,2026-03-03,-1050.48,43,3,6,928.76,412.59,3000.0,60,91
MES_proxy_risk_200,1,60,2025-12-04,2026-03-04,unfinished,2026-03-04,-766.73,43,3,6,902.54,412.59,3000.0,60,91
MES_proxy_risk_200,1,60,2025-12-05,2026-03-05,unfinished,2026-03-05,-440.45,43,3,6,902.54,415.12,3000.0,60,91
MES_proxy_risk_200,1,60,2025-12-08,2026-03-06,unfinished,2026-03-06,-165.57,43,3,6,902.54,415.12,3000.0,60,89
MES_proxy_risk_200,1,60,2025-12-09,2026-03-09,unfinished,2026-03-09,133.21,44,3,6,902.54,415.12,3000.0,60,91
MES_proxy_risk_200,1,60,2025-12-10,2026-03-10,unfinished,2026-03-10,721.9,44,3,6,902.54,455.06,3000.0,60,91
MES_proxy_risk_200,1,60,2025-12-11,2026-03-11,unfinished,2026-03-11,1515.71,44,3,6,902.54,518.9,3000.0,60,91
MES_proxy_risk_200,1,60,2025-12-12,2026-03-12,unfinished,2026-03-12,806.93,44,3,6,902.54,500.15,3000.0,60,91
MES_proxy_risk_200,1,60,2025-12-15,2026-03-13,unfinished,2026-03-13,1261.99,45,3,6,902.54,500.15,3000.0,60,89
MES_proxy_risk_200,1,60,2025-12-16,2026-03-16,unfinished,2026-03-16,1455.77,45,3,6,902.54,536.34,3000.0,60,91
MES_proxy_risk_200,1,60,2025-12-17,2026-03-17,unfinished,2026-03-17,1388.27,45,3,6,902.54,500.15,3000.0,60,91
MES_proxy_risk_200,1,60,2025-12-18,2026-03-18,unfinished,2026-03-18,1518.33,45,3,6,902.54,500.15,3000.0,60,91
MES_proxy_risk_200,1,60,2025-12-19,2026-03-19,unfinished,2026-03-19,1385.89,46,3,6,902.54,500.15,3000.0,60,91
MES_proxy_risk_200,1,60,2025-12-22,2026-03-20,unfinished,2026-03-20,1543.33,45,3,6,902.54,500.15,3000.0,60,89
MES_proxy_risk_200,1,60,2025-12-23,2026-03-23,unfinished,2026-03-23,975.74,45,3,6,902.54,500.15,3000.0,60,91
MES_proxy_risk_200,1,60,2025-12-26,2026-03-24,unfinished,2026-03-24,977.08,45,3,7,902.54,500.15,3000.0,60,89
MES_proxy_risk_200,1,60,2025-12-29,2026-03-25,unfinished,2026-03-25,992.05,45,3,8,902.54,500.15,3000.0,60,87
MES_proxy_risk_200,1,60,2025-12-30,2026-03-26,unfinished,2026-03-26,1723.36,45,3,8,902.54,500.15,3000.0,60,87
MES_proxy_risk_200,1,60,2025-12-31,2026-03-27,unfinished,2026-03-27,1619.49,45,3,8,902.54,500.15,3000.0,60,87
MES_proxy_risk_200,1,60,2026-01-02,2026-03-30,unfinished,2026-03-30,1556.96,45,3,8,902.54,500.15,3000.0,60,88
MES_proxy_risk_200,1,60,2026-01-05,2026-03-31,unfinished,2026-03-31,1213.09,45,3,8,902.54,500.15,3000.0,60,86
MES_proxy_risk_200,1,60,2026-01-06,2026-04-01,unfinished,2026-04-01,1213.09,45,3,8,902.54,500.15,3000.0,60,86
MES_proxy_risk_200,1,60,2026-01-07,2026-04-02,unfinished,2026-04-02,1412.85,44,3,6,902.54,500.15,3000.0,60,86
MES_proxy_risk_200,1,60,2026-01-08,2026-04-06,unfinished,2026-04-06,797.73,44,3,5,902.54,500.15,3000.0,60,89
MES_proxy_risk_200,1,60,2026-01-09,2026-04-07,unfinished,2026-04-07,1047.67,44,3,5,902.54,550.12,3000.0,60,89
MES_proxy_risk_200,1,60,2026-01-12,2026-04-08,unfinished,2026-04-08,497.55,43,3,5,902.54,500.15,3000.0,60,87
MES_proxy_risk_200,1,60,2026-01-13,2026-04-09,unfinished,2026-04-09,466.57,44,2,5,976.47,500.15,3000.0,60,87
MES_proxy_risk_200,1,60,2026-01-14,2026-04-10,unfinished,2026-04-10,436.54,44,2,5,952.3,500.15,3000.0,60,87
MES_proxy_risk_200,1,60,2026-01-15,2026-04-13,unfinished,2026-04-13,591.48,43,2,6,952.3,500.15,3000.0,60,89
MES_proxy_risk_200,1,60,2026-01-16,2026-04-14,unfinished,2026-04-14,927.58,42,2,5,952.3,565.12,3000.0,60,89
MES_proxy_risk_200,1,60,2026-01-20,2026-04-15,unfinished,2026-04-15,872.61,43,2,5,940.78,565.12,3000.0,60,86
MES_proxy_risk_200,1,60,2026-01-21,2026-04-16,unfinished,2026-04-16,485.05,43,2,5,885.84,500.15,3000.0,60,86
MES_proxy_risk_200,1,60,2026-01-22,2026-04-17,unfinished,2026-04-17,485.05,43,2,5,885.84,500.15,3000.0,60,86
MES_proxy_risk_200,1,60,2026-01-23,2026-04-20,unfinished,2026-04-20,1061.42,45,0,5,885.84,513.84,3000.0,60,88
MES_proxy_risk_200,1,60,2026-01-26,2026-04-21,unfinished,2026-04-21,1541.42,45,0,5,885.84,513.84,3000.0,60,86
MES_proxy_risk_200,1,60,2026-01-27,2026-04-22,unfinished,2026-04-22,1476.51,45,0,5,885.84,513.84,3000.0,60,86
MES_proxy_risk_200,1,60,2026-01-28,2026-04-23,unfinished,2026-04-23,1326.63,46,0,5,885.84,513.84,3000.0,60,86
MES_proxy_risk_200,1,60,2026-01-29,2026-04-24,unfinished,2026-04-24,1682.97,47,0,5,885.84,513.84,3000.0,60,86
MES_proxy_risk_200,1,60,2026-01-30,2026-04-27,unfinished,2026-04-27,2283.15,47,0,5,883.74,547.59,3000.0,60,88
MES_proxy_risk_200,1,60,2026-02-02,2026-04-28,unfinished,2026-04-28,1809.31,47,0,5,885.84,513.84,3000.0,60,86
MES_proxy_risk_200,1,60,2026-02-03,2026-04-29,unfinished,2026-04-29,2444.4,47,0,5,885.84,513.84,3000.0,60,86
MES_proxy_risk_200,1,60,2026-02-04,2026-04-30,unfinished,2026-04-30,2951.96,48,0,5,885.84,513.84,3000.0,60,86
MES_proxy_risk_200,1,60,2026-02-05,2026-05-01,unfinished,2026-05-01,2238.24,48,0,5,885.84,507.56,3000.0,60,86
MES_proxy_risk_200,1,60,2026-02-06,2026-05-04,unfinished,2026-05-04,2140.92,48,0,6,885.84,507.56,3000.0,60,88
MES_proxy_risk_200,1,60,2026-02-09,2026-05-05,unfinished,2026-05-05,2069.85,48,0,7,885.84,507.56,3000.0,60,86
MES_proxy_risk_200,1,60,2026-02-10,2026-05-06,unfinished,2026-05-06,1879.97,49,0,7,885.84,507.56,3000.0,60,86
MES_proxy_risk_200,1,60,2026-02-11,2026-05-07,unfinished,2026-05-07,2513.81,49,0,7,885.84,507.56,3000.0,60,86
MES_proxy_risk_200,1,60,2026-02-12,2026-05-08,unfinished,2026-05-08,2513.81,49,0,7,885.84,507.56,3000.0,60,86
MES_proxy_risk_200,1,60,2026-02-13,2026-05-11,unfinished,2026-05-11,2360.15,50,0,7,885.84,507.56,3000.0,60,88
MES_proxy_risk_200,1,60,2026-02-17,2026-05-12,unfinished,2026-05-12,2305.24,50,0,7,885.84,507.56,3000.0,60,85
MES_proxy_risk_200,1,60,2026-02-18,2026-05-13,unfinished,2026-05-13,2334.02,50,0,7,885.84,507.56,3000.0,60,85
MES_proxy_risk_200,1,60,2026-02-19,2026-05-14,unfinished,2026-05-14,2169.11,51,0,7,885.84,507.56,3000.0,60,85
MES_proxy_risk_200,1,60,2026-02-20,2026-05-15,unfinished,2026-05-15,2436.64,51,0,7,885.84,507.56,3000.0,60,85
MES_proxy_risk_200,1,60,2026-02-23,2026-05-18,passed_numeric_rules,2026-04-30,3034.13,40,0,5,885.84,507.56,3000.0,48,67
MES_proxy_risk_200,1,60,2026-02-24,2026-05-19,passed_numeric_rules,2026-04-30,3190.41,39,0,6,904.42,507.56,3000.0,47,66
MES_proxy_risk_200,1,60,2026-02-25,2026-05-20,passed_numeric_rules,2026-04-30,3220.41,38,0,6,934.42,507.56,3000.0,46,65
MES_proxy_risk_200,1,60,2026-02-26,2026-05-21,passed_numeric_rules,2026-04-30,3242.82,37,0,6,956.83,507.56,3000.0,45,64
MES_proxy_risk_200,1,60,2026-02-27,2026-05-22,passed_numeric_rules,2026-04-30,3242.82,37,0,6,956.83,507.56,3000.0,44,63
MES_proxy_risk_200,1,60,2026-03-02,2026-05-26,passed_numeric_rules,2026-04-30,3210.35,36,0,6,924.36,507.56,3000.0,43,60
MES_proxy_risk_200,1,60,2026-03-03,2026-05-27,passed_numeric_rules,2026-04-29,3243.09,34,0,6,1164.54,536.34,3000.0,41,58
MES_proxy_risk_200,1,60,2026-03-04,2026-05-28,passed_numeric_rules,2026-04-27,3232.88,31,0,6,1239.54,536.34,3000.0,38,55
MES_proxy_risk_200,1,60,2026-03-05,2026-05-29,passed_numeric_rules,2026-04-30,3237.73,33,0,6,951.74,507.56,3000.0,40,57
MES_proxy_risk_200,1,60,2026-03-06,2026-06-01,passed_numeric_rules,2026-04-30,3180.02,32,0,6,894.03,507.56,3000.0,39,56
MES_proxy_risk_200,1,60,2026-03-09,2026-06-02,passed_numeric_rules,2026-05-18,3286.25,42,0,7,885.84,507.56,3000.0,50,71
MES_proxy_risk_200,1,60,2026-03-10,2026-06-03,passed_numeric_rules,2026-05-19,3490.06,42,0,7,885.84,507.56,3000.0,50,71
MES_proxy_risk_200,1,60,2026-03-11,2026-06-04,unfinished,2026-06-04,1564.77,51,0,7,885.84,507.56,3000.0,60,86
MES_proxy_risk_200,1,60,2026-03-12,2026-06-05,unfinished,2026-06-05,1021.79,51,0,6,885.84,507.56,3000.0,60,86
MES_proxy_risk_200,1,60,2026-03-13,2026-06-08,unfinished,2026-06-08,1043.01,51,0,6,885.84,507.56,3000.0,60,88
MES_proxy_risk_200,1,60,2026-03-16,2026-06-09,unfinished,2026-06-09,874.14,51,0,6,869.74,507.56,3000.0,60,86
MES_proxy_risk_200,1,60,2026-03-17,2026-06-10,unfinished,2026-06-10,1039.05,50,1,6,869.74,507.56,3000.0,60,86
MES_proxy_risk_200,1,60,2026-03-18,2026-06-11,unfinished,2026-06-11,782.74,50,1,6,869.74,507.56,3000.0,60,86
MES_proxy_risk_200,1,60,2026-03-19,2026-06-12,unfinished,2026-06-12,812.68,49,2,6,869.74,507.56,3000.0,60,86
MES_proxy_risk_200,1,60,2026-03-20,2026-06-15,unfinished,2026-06-15,844.02,49,2,6,869.74,507.56,3000.0,60,88
MES_proxy_risk_200,1,60,2026-03-23,2026-06-16,unfinished,2026-06-16,742.86,50,2,6,869.74,507.56,3000.0,60,86
MES_proxy_risk_200,1,60,2026-03-24,2026-06-17,unfinished,2026-06-17,720.42,50,2,6,869.74,507.56,3000.0,60,86
MES_proxy_risk_200,1,60,2026-03-25,2026-06-18,unfinished,2026-06-18,825.39,49,2,6,869.74,507.56,3000.0,60,86
MES_proxy_risk_200,1,60,2026-03-26,2026-06-22,unfinished,2026-06-22,1355.51,49,1,6,946.85,536.34,3000.0,60,89
MES_proxy_risk_200,1,60,2026-03-27,2026-06-23,unfinished,2026-06-23,572.77,48,2,6,869.74,507.56,3000.0,60,89
MES_proxy_risk_200,1,60,2026-03-30,2026-06-24,unfinished,2026-06-24,495.3,48,2,6,823.79,507.56,3000.0,60,87
MES_proxy_risk_200,1,60,2026-03-31,2026-06-25,unfinished,2026-06-25,824.11,47,3,6,824.11,507.56,3000.0,60,87
MES_proxy_risk_200,1,60,2026-04-01,2026-06-26,unfinished,2026-06-26,1142.95,47,2,6,927.53,507.56,3000.0,60,87
MES_proxy_risk_200,1,60,2026-04-02,2026-06-29,unfinished,2026-06-29,1434.23,48,2,6,927.53,507.56,3000.0,60,89
MES_proxy_risk_200,1,60,2026-04-06,2026-06-30,unfinished,2026-06-30,1434.23,48,2,6,927.53,507.56,3000.0,60,86
MES_proxy_risk_200,1,60,2026-04-07,2026-07-01,unfinished,2026-07-01,1609.53,48,1,6,1128.99,507.56,3000.0,60,86
MES_proxy_risk_200,1,60,2026-04-08,2026-07-02,unfinished,2026-07-02,1779.74,49,0,7,1193.46,507.56,3000.0,60,86
MES_proxy_risk_200,1,60,2026-04-09,2026-07-06,unfinished,2026-07-06,1618.58,50,0,7,1193.46,507.56,3000.0,60,89
MES_proxy_risk_200,1,60,2026-04-10,2026-07-07,passed_numeric_rules,2026-05-19,3222.82,24,0,7,1488.47,507.56,3000.0,28,40
MES_proxy_risk_200,1,60,2026-04-13,2026-07-08,passed_numeric_rules,2026-05-19,3406.51,23,0,7,1565.39,507.56,3000.0,27,37
MES_proxy_risk_200,1,60,2026-04-14,2026-07-09,passed_numeric_rules,2026-05-19,3406.51,23,0,7,1565.39,507.56,3000.0,26,36
MES_proxy_risk_200,1,60,2026-04-15,2026-07-10,passed_numeric_rules,2026-05-19,3406.51,23,0,7,1565.39,507.56,3000.0,25,35
MES_proxy_risk_200,1,60,2026-04-16,2026-07-13,passed_numeric_rules,2026-05-18,3157.61,21,0,7,1565.39,532.68,3000.0,23,33
MES_proxy_risk_200,1,60,2026-04-17,2026-07-14,passed_numeric_rules,2026-05-19,3171.15,21,0,6,1436.8,507.56,3000.0,23,33
MES_proxy_risk_200,1,60,2026-04-20,2026-07-15,passed_numeric_rules,2026-05-19,3171.15,21,0,6,1436.8,507.56,3000.0,22,30
MES_proxy_risk_200,1,60,2026-04-21,2026-07-16,unfinished,2026-07-16,1230.45,50,2,6,996.9,507.56,3000.0,60,87
MES_proxy_risk_200,1,60,2026-04-22,2026-07-17,unfinished,2026-07-17,372.26,45,6,6,631.44,507.56,3000.0,60,87
MES_proxy_risk_200,1,60,2026-04-23,2026-07-20,unfinished,2026-07-20,640.89,44,6,6,631.44,507.56,3000.0,60,89
MES_proxy_risk_200,1,60,2026-04-24,2026-07-21,unfinished,2026-07-21,1157.56,48,2,6,947.76,507.56,3000.0,60,89
MES_proxy_risk_200,1,60,2026-04-27,2026-07-22,unfinished,2026-07-22,250.68,44,6,6,550.34,507.56,3000.0,60,87
MES_proxy_risk_200,1,60,2026-04-28,2026-07-23,unfinished,2026-07-23,-209.44,43,6,6,550.34,507.56,3000.0,60,87
MES_proxy_risk_200,1,60,2026-04-29,2026-07-24,unfinished,2026-07-24,-75.75,43,6,6,515.37,507.56,3000.0,60,87
MES_proxy_risk_200,1,60,2026-04-30,2026-07-27,unfinished,2026-07-27,-538.4,42,6,6,515.37,507.56,3000.0,60,89
MES_proxy_risk_200,1,60,2026-05-01,2026-07-28,unfinished,2026-07-28,-1045.96,41,7,6,515.37,502.59,3000.0,60,89
MES_proxy_risk_200,1,60,2026-05-04,2026-07-29,unfinished,2026-07-29,-362.18,40,7,6,515.37,502.59,3000.0,60,87
MES_proxy_risk_200,1,60,2026-05-05,2026-07-30,unfinished,2026-07-30,-209.83,39,8,7,515.37,502.59,3000.0,60,87
MES_proxy_risk_200,1,60,2026-05-06,2026-07-31,unfinished,2026-07-31,12.52,38,9,6,515.37,502.59,3000.0,60,87
1_ES_baseline,2,20,2025-12-01,2025-12-30,breached,2025-12-10,-1968.9,6,0,1,-447.68,0.0,3000.0,8,10
1_ES_baseline,2,20,2025-12-02,2025-12-31,breached,2025-12-10,-1968.9,6,0,1,-447.68,0.0,3000.0,7,9
1_ES_baseline,2,20,2025-12-03,2026-01-02,breached,2025-12-10,-1602.62,5,0,1,-81.4,0.0,3000.0,6,8
1_ES_baseline,2,20,2025-12-04,2026-01-05,breached,2025-12-30,-1374.14,14,0,1,-188.96,1796.22,3592.44,17,27
1_ES_baseline,2,20,2025-12-05,2026-01-06,breached,2025-12-30,-907.86,13,0,1,-188.96,1796.22,3592.44,16,26
1_ES_baseline,2,20,2025-12-08,2026-01-07,breached,2025-12-30,-566.58,12,0,1,-188.96,1796.22,3592.44,15,23
1_ES_baseline,2,20,2025-12-09,2026-01-08,breached,2025-12-30,-566.58,12,0,1,-188.96,1796.22,3592.44,14,22
1_ES_baseline,2,20,2025-12-10,2026-01-09,breached,2025-12-30,-200.3,11,0,1,-188.96,1796.22,3592.44,13,21
1_ES_baseline,2,20,2025-12-11,2026-01-12,breached,2025-12-31,49.7,11,0,1,-429.08,1796.22,3592.44,13,21
1_ES_baseline,2,20,2025-12-12,2026-01-13,breached,2025-12-30,-767.74,9,0,1,-188.96,1796.22,3592.44,11,19
1_ES_baseline,2,20,2025-12-15,2026-01-14,breached,2025-12-30,-767.74,9,0,1,-188.96,1796.22,3592.44,10,16
1_ES_baseline,2,20,2025-12-16,2026-01-15,breached,2025-12-30,-163.96,8,0,1,-188.96,1796.22,3592.44,9,15
1_ES_baseline,2,20,2025-12-17,2026-01-16,breached,2025-12-30,-1960.18,7,0,1,-188.96,921.22,3000.0,8,14
1_ES_baseline,2,20,2025-12-18,2026-01-20,breached,2025-12-31,-1547.68,7,0,1,-156.4,921.22,3000.0,8,14
1_ES_baseline,2,20,2025-12-19,2026-01-21,breached,2025-12-31,-1547.68,7,0,1,-156.4,921.22,3000.0,7,13
1_ES_baseline,2,20,2025-12-22,2026-01-22,breached,2025-12-31,-756.4,6,0,1,-156.4,921.22,3000.0,6,10
1_ES_baseline,2,20,2025-12-23,2026-01-23,breached,2025-12-31,-1677.62,5,0,1,-156.4,0.0,3000.0,5,9
1_ES_baseline,2,20,2025-12-26,2026-01-26,breached,2026-01-02,-1627.62,5,0,1,-31.4,0.0,3000.0,5,8
1_ES_baseline,2,20,2025-12-29,2026-01-27,breached,2026-01-15,133.42,12,0,1,-2.62,1571.22,3142.44,13,18
1_ES_baseline,2,20,2025-12-30,2026-01-28,unfinished,2026-01-28,218.3,15,0,1,192.14,1571.22,3142.44,20,30
1_ES_baseline,2,20,2025-12-31,2026-01-29,breached,2026-01-29,447.08,15,0,1,-556.7,1571.22,3142.44,20,30
1_ES_baseline,2,20,2026-01-02,2026-01-30,breached,2026-01-29,925.86,14,0,1,-77.92,1571.22,3142.44,19,28
1_ES_baseline,2,20,2026-01-05,2026-02-02,breached,2026-01-15,-188.96,8,0,1,-2.62,1383.72,3000.0,9,11
1_ES_baseline,2,20,2026-01-06,2026-02-03,breached,2026-01-15,-188.96,8,0,1,-2.62,1383.72,3000.0,8,10
1_ES_baseline,2,20,2026-01-07,2026-02-04,breached,2026-01-15,64.82,7,0,1,-2.62,1383.72,3000.0,7,9
1_ES_baseline,2,20,2026-01-08,2026-02-05,breached,2026-01-15,-756.4,6,0,1,-2.62,1383.72,3000.0,6,8
1_ES_baseline,2,20,2026-01-09,2026-02-06,breached,2026-01-15,-290.12,5,0,1,-2.62,1383.72,3000.0,5,7
1_ES_baseline,2,20,2026-01-12,2026-02-09,breached,2026-01-15,-1673.84,4,0,1,-2.62,0.0,3000.0,4,4
1_ES_baseline,2,20,2026-01-13,2026-02-10,breached,2026-01-29,-1426.46,8,0,1,-552.62,1421.22,3000.0,12,17
1_ES_baseline,2,20,2026-01-14,2026-02-11,breached,2026-01-29,-1085.18,7,0,1,-552.62,1421.22,3000.0,11,16
1_ES_baseline,2,20,2026-01-15,2026-02-12,breached,2026-01-29,-456.4,6,0,1,-552.62,1421.22,3000.0,10,15
1_ES_baseline,2,20,2026-01-16,2026-02-13,breached,2026-01-29,-127.62,5,0,1,-552.62,1421.22,3000.0,9,14
1_ES_baseline,2,20,2026-01-20,2026-02-17,breached,2026-01-29,-127.62,5,0,1,-552.62,1421.22,3000.0,8,10
1_ES_baseline,2,20,2026-01-21,2026-02-18,breached,2026-01-29,-1548.84,4,0,1,-552.62,0.0,3000.0,7,9
1_ES_baseline,2,20,2026-01-22,2026-02-19,breached,2026-01-29,-1548.84,4,0,1,-552.62,0.0,3000.0,6,8
1_ES_baseline,2,20,2026-01-23,2026-02-20,breached,2026-01-29,-1057.56,3,0,1,-61.34,0.0,3000.0,5,7
1_ES_baseline,2,20,2026-01-26,2026-02-23,breached,2026-02-06,-147.68,7,0,1,-407.56,1833.72,3667.44,10,12
1_ES_baseline,2,20,2026-01-27,2026-02-24,breached,2026-02-06,493.6,6,0,1,-407.56,1833.72,3667.44,9,11
1_ES_baseline,2,20,2026-01-28,2026-02-25,breached,2026-02-06,493.6,6,0,1,-407.56,1833.72,3667.44,8,10
1_ES_baseline,2,20,2026-01-29,2026-02-26,breached,2026-02-06,493.6,6,0,1,-407.56,1833.72,3667.44,7,9
1_ES_baseline,2,20,2026-01-30,2026-02-27,breached,2026-02-10,281.1,6,0,1,-285.18,1833.72,3667.44,8,12
1_ES_baseline,2,20,2026-02-02,2026-03-02,breached,2026-02-06,-336.34,4,0,1,-407.56,1721.22,3442.44,5,5
1_ES_baseline,2,20,2026-02-03,2026-03-03,breached,2026-02-06,529.94,3,0,1,-407.56,1721.22,3442.44,4,4
1_ES_baseline,2,20,2026-02-04,2026-03-04,breached,2026-02-06,529.94,3,0,1,-407.56,1721.22,3442.44,3,3
1_ES_baseline,2,20,2026-02-05,2026-03-05,breached,2026-02-06,-1191.28,2,0,1,-407.56,0.0,3000.0,2,2
1_ES_baseline,2,20,2026-02-06,2026-03-06,breached,2026-02-13,-1782.56,3,0,1,-1086.34,0.0,3000.0,6,8
1_ES_baseline,2,20,2026-02-09,2026-03-09,breached,2026-02-17,-1870.06,3,0,1,-498.84,0.0,3000.0,6,9
1_ES_baseline,2,20,2026-02-10,2026-03-10,breached,2026-02-17,-1870.06,3,0,1,-498.84,0.0,3000.0,5,8
1_ES_baseline,2,20,2026-02-11,2026-03-11,breached,2026-02-23,-765.12,5,0,1,-236.34,2096.22,4192.44,8,13
1_ES_baseline,2,20,2026-02-12,2026-03-12,breached,2026-02-23,-765.12,5,0,1,-236.34,2096.22,4192.44,7,12
1_ES_baseline,2,20,2026-02-13,2026-03-13,breached,2026-02-23,-765.12,5,0,1,-236.34,2096.22,4192.44,6,11
1_ES_baseline,2,20,2026-02-17,2026-03-16,breached,2026-02-23,538.66,4,0,1,-140.12,2096.22,4192.44,5,7
1_ES_baseline,2,20,2026-02-18,2026-03-17,breached,2026-02-23,-1557.56,3,0,1,-236.34,0.0,3000.0,4,6
1_ES_baseline,2,20,2026-02-19,2026-03-18,breached,2026-02-23,-1557.56,3,0,1,-236.34,0.0,3000.0,3,5
1_ES_baseline,2,20,2026-02-20,2026-03-19,breached,2026-02-24,-1632.56,3,0,1,-773.84,0.0,3000.0,3,5
1_ES_baseline,2,20,2026-02-23,2026-03-20,breached,2026-02-25,-1820.06,3,0,1,-186.34,0.0,3000.0,3,3
1_ES_baseline,2,20,2026-02-24,2026-03-23,breached,2026-02-27,-1507.56,3,0,1,-186.34,0.0,3000.0,4,4
1_ES_baseline,2,20,2026-02-25,2026-03-24,breached,2026-03-02,-1045.06,3,0,1,-186.34,0.0,3000.0,4,6
1_ES_baseline,2,20,2026-02-26,2026-03-25,breached,2026-03-03,-1820.06,3,0,1,-848.84,0.0,3000.0,4,6
1_ES_baseline,2,20,2026-02-27,2026-03-26,breached,2026-03-03,-1820.06,3,0,1,-848.84,0.0,3000.0,3,5
1_ES_baseline,2,20,2026-03-02,2026-03-27,breached,2026-03-03,-1141.28,2,0,1,-170.06,0.0,3000.0,2,2
1_ES_baseline,2,20,2026-03-03,2026-03-30,passed_numeric_rules,2026-03-09,7618.6,5,0,1,704.94,2996.22,5992.44,5,7
1_ES_baseline,2,20,2026-03-04,2026-03-31,passed_numeric_rules,2026-03-06,5651.16,3,0,1,1733.72,2621.22,5242.44,3,3
1_ES_baseline,2,20,2026-03-05,2026-04-01,passed_numeric_rules,2026-03-09,6026.16,3,0,1,1871.22,2996.22,5992.44,3,5
1_ES_baseline,2,20,2026-03-06,2026-04-02,passed_numeric_rules,2026-03-10,6326.16,3,0,1,1608.72,2996.22,5992.44,3,5
1_ES_baseline,2,20,2026-03-09,2026-04-06,passed_numeric_rules,2026-03-11,6288.66,3,0,1,1608.72,2996.22,5992.44,3,3
1_ES_baseline,2,20,2026-03-10,2026-04-07,passed_numeric_rules,2026-03-13,5097.38,4,0,1,1908.72,2283.72,4567.44,4,4
1_ES_baseline,2,20,2026-03-11,2026-04-08,breached,2026-03-31,400.86,14,0,1,-190.42,2283.72,4567.44,15,21
1_ES_baseline,2,20,2026-03-12,2026-04-09,breached,2026-03-24,773.54,8,0,1,-67.74,2283.72,4567.44,9,13
1_ES_baseline,2,20,2026-03-13,2026-04-10,breached,2026-03-25,411.04,8,0,1,-217.74,2283.72,4567.44,9,13
1_ES_baseline,2,20,2026-03-16,2026-04-13,breached,2026-03-23,-102.62,5,0,1,-48.84,1571.22,3142.44,6,8
1_ES_baseline,2,20,2026-03-17,2026-04-14,breached,2026-03-23,451.16,4,0,1,-48.84,1571.22,3142.44,5,7
1_ES_baseline,2,20,2026-03-18,2026-04-15,breached,2026-03-23,-1120.06,3,0,1,-48.84,0.0,3000.0,4,6
1_ES_baseline,2,20,2026-03-19,2026-04-16,breached,2026-03-24,-1595.06,3,0,1,-436.34,0.0,3000.0,4,6
1_ES_baseline,2,20,2026-03-20,2026-04-17,breached,2026-03-25,-1770.06,3,0,1,-398.84,0.0,3000.0,4,6
1_ES_baseline,2,20,2026-03-23,2026-04-20,breached,2026-03-25,-1770.06,3,0,1,-398.84,0.0,3000.0,3,3
1_ES_baseline,2,20,2026-03-24,2026-04-21,breached,2026-03-31,-1381.4,6,0,1,-298.84,1796.22,3592.44,6,8
1_ES_baseline,2,20,2026-03-25,2026-04-22,breached,2026-03-31,-540.12,5,0,1,-298.84,1796.22,3592.44,5,7
1_ES_baseline,2,20,2026-03-26,2026-04-23,breached,2026-03-31,88.66,4,0,1,-298.84,1796.22,3592.44,4,6
1_ES_baseline,2,20,2026-03-27,2026-04-24,breached,2026-03-31,-1707.56,3,0,1,-298.84,0.0,3000.0,3,5
1_ES_baseline,2,20,2026-03-30,2026-04-27,breached,2026-04-06,-1532.56,3,0,1,-173.84,0.0,3000.0,5,8
1_ES_baseline,2,20,2026-03-31,2026-04-28,breached,2026-04-09,-1961.34,4,0,1,-315.12,0.0,3000.0,7,10
1_ES_baseline,2,20,2026-04-01,2026-04-29,breached,2026-04-10,-1723.84,4,0,1,-127.62,0.0,3000.0,7,10
1_ES_baseline,2,20,2026-04-02,2026-04-30,breached,2026-04-10,-1723.84,4,0,1,-127.62,0.0,3000.0,6,9
1_ES_baseline,2,20,2026-04-06,2026-05-01,breached,2026-04-10,-1723.84,4,0,1,-127.62,0.0,3000.0,5,5
1_ES_baseline,2,20,2026-04-07,2026-05-04,breached,2026-04-15,-1486.34,4,0,1,-40.12,0.0,3000.0,7,9
1_ES_baseline,2,20,2026-04-08,2026-05-05,passed_numeric_rules,2026-04-27,3449.7,10,0,1,409.88,1271.22,3000.0,14,20
1_ES_baseline,2,20,2026-04-09,2026-05-06,passed_numeric_rules,2026-04-27,3449.7,10,0,1,409.88,1271.22,3000.0,13,19
1_ES_baseline,2,20,2026-04-10,2026-05-07,passed_numeric_rules,2026-04-27,3803.48,9,0,1,763.66,1271.22,3000.0,12,18
1_ES_baseline,2,20,2026-04-13,2026-05-08,passed_numeric_rules,2026-04-24,3048.54,7,0,1,1167.44,1271.22,3000.0,10,12
1_ES_baseline,2,20,2026-04-14,2026-05-11,passed_numeric_rules,2026-04-24,3048.54,7,0,1,1167.44,1271.22,3000.0,9,11
1_ES_baseline,2,20,2026-04-15,2026-05-12,passed_numeric_rules,2026-04-24,3048.54,7,0,1,1167.44,1271.22,3000.0,8,10
1_ES_baseline,2,20,2026-04-16,2026-05-13,passed_numeric_rules,2026-04-21,3101.16,3,0,1,1708.72,1271.22,3000.0,4,6
1_ES_baseline,2,20,2026-04-17,2026-05-14,passed_numeric_rules,2026-04-27,3864.82,6,0,1,1181.1,1271.22,3000.0,7,11
1_ES_baseline,2,20,2026-04-20,2026-05-15,passed_numeric_rules,2026-04-27,3864.82,6,0,1,1181.1,1271.22,3000.0,6,8
1_ES_baseline,2,20,2026-04-21,2026-05-18,passed_numeric_rules,2026-04-29,3298.54,7,0,1,976.16,1271.22,3000.0,7,9
1_ES_baseline,2,20,2026-04-22,2026-05-19,passed_numeric_rules,2026-05-18,6594.46,18,0,1,976.16,2546.22,5092.44,19,27
1_ES_baseline,2,20,2026-04-23,2026-05-20,passed_numeric_rules,2026-05-15,5302.02,16,0,1,1279.94,2546.22,5092.44,17,23
1_ES_baseline,2,20,2026-04-24,2026-05-21,passed_numeric_rules,2026-04-30,5268.6,5,0,1,1634.88,2546.22,5092.44,5,7
1_ES_baseline,2,20,2026-04-27,2026-05-22,passed_numeric_rules,2026-05-18,6093.3,15,0,1,1279.94,2546.22,5092.44,16,22
1_ES_baseline,2,20,2026-04-28,2026-05-26,passed_numeric_rules,2026-05-19,6618.3,15,0,1,970.92,2546.22,5092.44,16,22
1_ES_baseline,2,20,2026-04-29,2026-05-27,passed_numeric_rules,2026-05-18,5500.86,13,0,1,1333.72,2546.22,5092.44,14,20
1_ES_baseline,2,20,2026-04-30,2026-05-28,passed_numeric_rules,2026-05-19,6250.86,13,0,1,603.48,2546.22,5092.44,14,20
1_ES_baseline,2,20,2026-05-01,2026-05-29,passed_numeric_rules,2026-05-19,3704.64,12,0,1,57.26,1683.72,3367.44,13,19
1_ES_baseline,2,20,2026-05-04,2026-06-01,passed_numeric_rules,2026-05-19,4208.42,11,0,1,561.04,1683.72,3367.44,12,16
1_ES_baseline,2,20,2026-05-05,2026-06-02,passed_numeric_rules,2026-05-19,4512.2,10,0,1,579.94,1683.72,3367.44,11,15
1_ES_baseline,2,20,2026-05-06,2026-06-03,passed_numeric_rules,2026-05-19,4790.98,9,0,1,579.94,1683.72,3367.44,10,14
1_ES_baseline,2,20,2026-05-07,2026-06-04,passed_numeric_rules,2026-05-18,3586.04,7,0,1,579.94,1608.72,3217.44,8,12
1_ES_baseline,2,20,2026-05-08,2026-06-05,passed_numeric_rules,2026-05-19,4486.04,7,0,1,579.94,1683.72,3367.44,8,12
1_ES_baseline,2,20,2026-05-11,2026-06-08,passed_numeric_rules,2026-05-19,4486.04,7,0,1,579.94,1683.72,3367.44,7,9
1_ES_baseline,2,20,2026-05-12,2026-06-09,passed_numeric_rules,2026-05-18,3318.6,5,0,1,579.94,1608.72,3217.44,5,7
1_ES_baseline,2,20,2026-05-13,2026-06-10,passed_numeric_rules,2026-05-18,3784.88,4,0,1,579.94,1608.72,3217.44,4,6
1_ES_baseline,2,20,2026-05-14,2026-06-11,passed_numeric_rules,2026-05-19,3972.38,4,0,1,579.94,1683.72,3367.44,4,6
1_ES_baseline,2,20,2026-05-15,2026-06-12,passed_numeric_rules,2026-05-19,4526.16,3,0,1,1133.72,1683.72,3367.44,3,5
1_ES_baseline,2,20,2026-05-18,2026-06-15,breached,2026-06-05,167.14,13,0,1,-524.14,1683.72,3367.44,14,19
1_ES_baseline,2,20,2026-05-19,2026-06-16,breached,2026-05-28,-85.18,7,0,1,-97.68,1683.72,3367.44,7,10
1_ES_baseline,2,20,2026-05-20,2026-06-17,breached,2026-05-28,-1768.9,6,0,1,-97.68,96.22,3000.0,6,9
1_ES_baseline,2,20,2026-05-21,2026-06-18,breached,2026-06-03,-1476.46,8,0,1,-80.24,383.72,3000.0,9,14
1_ES_baseline,2,20,2026-05-22,2026-06-22,breached,2026-06-04,-1713.96,8,0,1,-338.96,383.72,3000.0,9,14
1_ES_baseline,2,20,2026-05-26,2026-06-23,breached,2026-06-04,-1810.18,7,0,1,-338.96,383.72,3000.0,8,10
1_ES_baseline,2,20,2026-05-27,2026-06-24,breached,2026-06-05,-1910.18,7,0,1,-601.46,383.72,3000.0,8,10
1_ES_baseline,2,20,2026-05-28,2026-06-25,breached,2026-06-05,-1356.4,6,0,1,-102.62,383.72,3000.0,7,9
1_ES_baseline,2,20,2026-05-29,2026-06-26,breached,2026-06-05,-1027.62,5,0,1,-102.62,383.72,3000.0,6,8
1_ES_baseline,2,20,2026-06-01,2026-06-29,breached,2026-06-05,-1411.34,4,0,1,-102.62,0.0,3000.0,5,5
1_ES_baseline,2,20,2026-06-02,2026-06-30,breached,2026-06-05,-1411.34,4,0,1,-102.62,0.0,3000.0,4,4
1_ES_baseline,2,20,2026-06-03,2026-07-01,breached,2026-06-08,-1823.84,4,0,1,-640.12,0.0,3000.0,4,6
1_ES_baseline,2,20,2026-06-04,2026-07-02,breached,2026-06-08,-1220.06,3,0,1,-36.34,0.0,3000.0,3,5
1_ES_baseline,2,20,2026-06-05,2026-07-06,unfinished,2026-07-06,5368.3,15,0,1,25.86,3821.22,7642.44,20,32
1_ES_baseline,2,20,2026-06-08,2026-07-07,unfinished,2026-07-07,6059.58,14,0,1,92.44,3821.22,7642.44,20,30
1_ES_baseline,2,20,2026-06-09,2026-07-08,unfinished,2026-07-08,6309.58,14,0,1,92.44,3821.22,7642.44,20,30
1_ES_baseline,2,20,2026-06-10,2026-07-09,breached,2026-06-29,528.48,10,0,1,-37.8,3821.22,7642.44,13,20
1_ES_baseline,2,20,2026-06-11,2026-07-10,unfinished,2026-07-10,4809.58,14,0,1,1178.48,3821.22,7642.44,20,30
1_ES_baseline,2,20,2026-06-12,2026-07-13,breached,2026-06-25,1002.32,7,0,1,-388.96,3821.22,7642.44,9,14
1_ES_baseline,2,20,2026-06-15,2026-07-14,breached,2026-06-23,-1211.34,4,0,1,-40.12,0.0,3000.0,6,9
1_ES_baseline,2,20,2026-06-16,2026-07-15,breached,2026-06-24,-1573.84,4,0,1,-352.62,0.0,3000.0,6,9
1_ES_baseline,2,20,2026-06-17,2026-07-16,breached,2026-06-24,-1232.56,3,0,1,-11.34,0.0,3000.0,5,8
1_ES_baseline,2,20,2026-06-18,2026-07-17,breached,2026-06-25,-1607.56,3,0,1,-998.84,0.0,3000.0,5,8
1_ES_baseline,2,20,2026-06-22,2026-07-20,breached,2026-06-25,-1607.56,3,0,1,-998.84,0.0,3000.0,4,4
1_ES_baseline,2,20,2026-06-23,2026-07-21,breached,2026-06-25,-1607.56,3,0,1,-998.84,0.0,3000.0,3,3
1_ES_baseline,2,20,2026-06-24,2026-07-22,breached,2026-06-25,-778.78,2,0,1,-170.06,0.0,3000.0,2,2
1_ES_baseline,2,20,2026-06-25,2026-07-23,unfinished,2026-07-23,800.86,13,0,1,42.44,2921.22,5842.44,20,29
1_ES_baseline,2,20,2026-06-26,2026-07-24,unfinished,2026-07-24,1838.36,13,0,1,1433.72,2921.22,5842.44,20,29
1_ES_baseline,2,20,2026-06-29,2026-07-27,unfinished,2026-07-27,1838.36,13,0,1,1433.72,2921.22,5842.44,20,29
1_ES_baseline,2,20,2026-06-30,2026-07-28,breached,2026-07-13,143.6,6,0,1,-272.68,2396.22,4792.44,9,14
1_ES_baseline,2,20,2026-07-01,2026-07-29,breached,2026-07-13,143.6,6,0,1,-272.68,2396.22,4792.44,8,13
1_ES_baseline,2,20,2026-07-02,2026-07-30,breached,2026-07-13,143.6,6,0,1,-272.68,2396.22,4792.44,7,12
1_ES_baseline,2,20,2026-07-06,2026-07-31,breached,2026-07-10,-1861.34,4,0,1,-252.62,0.0,3000.0,5,5
1_ES_baseline,2,60,2025-12-01,2026-02-27,breached,2025-12-10,-1968.9,6,0,1,-447.68,0.0,3000.0,8,10
1_ES_baseline,2,60,2025-12-02,2026-03-02,breached,2025-12-10,-1968.9,6,0,1,-447.68,0.0,3000.0,7,9
1_ES_baseline,2,60,2025-12-03,2026-03-03,breached,2025-12-10,-1602.62,5,0,1,-81.4,0.0,3000.0,6,8
1_ES_baseline,2,60,2025-12-04,2026-03-04,breached,2025-12-30,-1374.14,14,0,1,-188.96,1796.22,3592.44,17,27
1_ES_baseline,2,60,2025-12-05,2026-03-05,breached,2025-12-30,-907.86,13,0,1,-188.96,1796.22,3592.44,16,26
1_ES_baseline,2,60,2025-12-08,2026-03-06,breached,2025-12-30,-566.58,12,0,1,-188.96,1796.22,3592.44,15,23
1_ES_baseline,2,60,2025-12-09,2026-03-09,breached,2025-12-30,-566.58,12,0,1,-188.96,1796.22,3592.44,14,22
1_ES_baseline,2,60,2025-12-10,2026-03-10,breached,2025-12-30,-200.3,11,0,1,-188.96,1796.22,3592.44,13,21
1_ES_baseline,2,60,2025-12-11,2026-03-11,breached,2025-12-31,49.7,11,0,1,-429.08,1796.22,3592.44,13,21
1_ES_baseline,2,60,2025-12-12,2026-03-12,breached,2025-12-30,-767.74,9,0,1,-188.96,1796.22,3592.44,11,19
1_ES_baseline,2,60,2025-12-15,2026-03-13,breached,2025-12-30,-767.74,9,0,1,-188.96,1796.22,3592.44,10,16
1_ES_baseline,2,60,2025-12-16,2026-03-16,breached,2025-12-30,-163.96,8,0,1,-188.96,1796.22,3592.44,9,15
1_ES_baseline,2,60,2025-12-17,2026-03-17,breached,2025-12-30,-1960.18,7,0,1,-188.96,921.22,3000.0,8,14
1_ES_baseline,2,60,2025-12-18,2026-03-18,breached,2025-12-31,-1547.68,7,0,1,-156.4,921.22,3000.0,8,14
1_ES_baseline,2,60,2025-12-19,2026-03-19,breached,2025-12-31,-1547.68,7,0,1,-156.4,921.22,3000.0,7,13
1_ES_baseline,2,60,2025-12-22,2026-03-20,breached,2025-12-31,-756.4,6,0,1,-156.4,921.22,3000.0,6,10
1_ES_baseline,2,60,2025-12-23,2026-03-23,breached,2025-12-31,-1677.62,5,0,1,-156.4,0.0,3000.0,5,9
1_ES_baseline,2,60,2025-12-26,2026-03-24,breached,2026-01-02,-1627.62,5,0,1,-31.4,0.0,3000.0,5,8
1_ES_baseline,2,60,2025-12-29,2026-03-25,breached,2026-01-15,133.42,12,0,1,-2.62,1571.22,3142.44,13,18
1_ES_baseline,2,60,2025-12-30,2026-03-26,breached,2026-01-29,218.3,16,0,1,-785.48,1571.22,3142.44,21,31
1_ES_baseline,2,60,2025-12-31,2026-03-27,breached,2026-01-29,447.08,15,0,1,-556.7,1571.22,3142.44,20,30
1_ES_baseline,2,60,2026-01-02,2026-03-30,breached,2026-01-29,925.86,14,0,1,-77.92,1571.22,3142.44,19,28
1_ES_baseline,2,60,2026-01-05,2026-03-31,breached,2026-01-15,-188.96,8,0,1,-2.62,1383.72,3000.0,9,11
1_ES_baseline,2,60,2026-01-06,2026-04-01,breached,2026-01-15,-188.96,8,0,1,-2.62,1383.72,3000.0,8,10
1_ES_baseline,2,60,2026-01-07,2026-04-02,breached,2026-01-15,64.82,7,0,1,-2.62,1383.72,3000.0,7,9
1_ES_baseline,2,60,2026-01-08,2026-04-06,breached,2026-01-15,-756.4,6,0,1,-2.62,1383.72,3000.0,6,8
1_ES_baseline,2,60,2026-01-09,2026-04-07,breached,2026-01-15,-290.12,5,0,1,-2.62,1383.72,3000.0,5,7
1_ES_baseline,2,60,2026-01-12,2026-04-08,breached,2026-01-15,-1673.84,4,0,1,-2.62,0.0,3000.0,4,4
1_ES_baseline,2,60,2026-01-13,2026-04-09,breached,2026-01-29,-1426.46,8,0,1,-552.62,1421.22,3000.0,12,17
1_ES_baseline,2,60,2026-01-14,2026-04-10,breached,2026-01-29,-1085.18,7,0,1,-552.62,1421.22,3000.0,11,16
1_ES_baseline,2,60,2026-01-15,2026-04-13,breached,2026-01-29,-456.4,6,0,1,-552.62,1421.22,3000.0,10,15
1_ES_baseline,2,60,2026-01-16,2026-04-14,breached,2026-01-29,-127.62,5,0,1,-552.62,1421.22,3000.0,9,14
1_ES_baseline,2,60,2026-01-20,2026-04-15,breached,2026-01-29,-127.62,5,0,1,-552.62,1421.22,3000.0,8,10
1_ES_baseline,2,60,2026-01-21,2026-04-16,breached,2026-01-29,-1548.84,4,0,1,-552.62,0.0,3000.0,7,9
1_ES_baseline,2,60,2026-01-22,2026-04-17,breached,2026-01-29,-1548.84,4,0,1,-552.62,0.0,3000.0,6,8
1_ES_baseline,2,60,2026-01-23,2026-04-20,breached,2026-01-29,-1057.56,3,0,1,-61.34,0.0,3000.0,5,7
1_ES_baseline,2,60,2026-01-26,2026-04-21,breached,2026-02-06,-147.68,7,0,1,-407.56,1833.72,3667.44,10,12
1_ES_baseline,2,60,2026-01-27,2026-04-22,breached,2026-02-06,493.6,6,0,1,-407.56,1833.72,3667.44,9,11
1_ES_baseline,2,60,2026-01-28,2026-04-23,breached,2026-02-06,493.6,6,0,1,-407.56,1833.72,3667.44,8,10
1_ES_baseline,2,60,2026-01-29,2026-04-24,breached,2026-02-06,493.6,6,0,1,-407.56,1833.72,3667.44,7,9
1_ES_baseline,2,60,2026-01-30,2026-04-27,breached,2026-02-10,281.1,6,0,1,-285.18,1833.72,3667.44,8,12
1_ES_baseline,2,60,2026-02-02,2026-04-28,breached,2026-02-06,-336.34,4,0,1,-407.56,1721.22,3442.44,5,5
1_ES_baseline,2,60,2026-02-03,2026-04-29,breached,2026-02-06,529.94,3,0,1,-407.56,1721.22,3442.44,4,4
1_ES_baseline,2,60,2026-02-04,2026-04-30,breached,2026-02-06,529.94,3,0,1,-407.56,1721.22,3442.44,3,3
1_ES_baseline,2,60,2026-02-05,2026-05-01,breached,2026-02-06,-1191.28,2,0,1,-407.56,0.0,3000.0,2,2
1_ES_baseline,2,60,2026-02-06,2026-05-04,breached,2026-02-13,-1782.56,3,0,1,-1086.34,0.0,3000.0,6,8
1_ES_baseline,2,60,2026-02-09,2026-05-05,breached,2026-02-17,-1870.06,3,0,1,-498.84,0.0,3000.0,6,9
1_ES_baseline,2,60,2026-02-10,2026-05-06,breached,2026-02-17,-1870.06,3,0,1,-498.84,0.0,3000.0,5,8
1_ES_baseline,2,60,2026-02-11,2026-05-07,breached,2026-02-23,-765.12,5,0,1,-236.34,2096.22,4192.44,8,13
1_ES_baseline,2,60,2026-02-12,2026-05-08,breached,2026-02-23,-765.12,5,0,1,-236.34,2096.22,4192.44,7,12
1_ES_baseline,2,60,2026-02-13,2026-05-11,breached,2026-02-23,-765.12,5,0,1,-236.34,2096.22,4192.44,6,11
1_ES_baseline,2,60,2026-02-17,2026-05-12,breached,2026-02-23,538.66,4,0,1,-140.12,2096.22,4192.44,5,7
1_ES_baseline,2,60,2026-02-18,2026-05-13,breached,2026-02-23,-1557.56,3,0,1,-236.34,0.0,3000.0,4,6
1_ES_baseline,2,60,2026-02-19,2026-05-14,breached,2026-02-23,-1557.56,3,0,1,-236.34,0.0,3000.0,3,5
1_ES_baseline,2,60,2026-02-20,2026-05-15,breached,2026-02-24,-1632.56,3,0,1,-773.84,0.0,3000.0,3,5
1_ES_baseline,2,60,2026-02-23,2026-05-18,breached,2026-02-25,-1820.06,3,0,1,-186.34,0.0,3000.0,3,3
1_ES_baseline,2,60,2026-02-24,2026-05-19,breached,2026-02-27,-1507.56,3,0,1,-186.34,0.0,3000.0,4,4
1_ES_baseline,2,60,2026-02-25,2026-05-20,breached,2026-03-02,-1045.06,3,0,1,-186.34,0.0,3000.0,4,6
1_ES_baseline,2,60,2026-02-26,2026-05-21,breached,2026-03-03,-1820.06,3,0,1,-848.84,0.0,3000.0,4,6
1_ES_baseline,2,60,2026-02-27,2026-05-22,breached,2026-03-03,-1820.06,3,0,1,-848.84,0.0,3000.0,3,5
1_ES_baseline,2,60,2026-03-02,2026-05-26,breached,2026-03-03,-1141.28,2,0,1,-170.06,0.0,3000.0,2,2
1_ES_baseline,2,60,2026-03-03,2026-05-27,passed_numeric_rules,2026-03-09,7618.6,5,0,1,704.94,2996.22,5992.44,5,7
1_ES_baseline,2,60,2026-03-04,2026-05-28,passed_numeric_rules,2026-03-06,5651.16,3,0,1,1733.72,2621.22,5242.44,3,3
1_ES_baseline,2,60,2026-03-05,2026-05-29,passed_numeric_rules,2026-03-09,6026.16,3,0,1,1871.22,2996.22,5992.44,3,5
1_ES_baseline,2,60,2026-03-06,2026-06-01,passed_numeric_rules,2026-03-10,6326.16,3,0,1,1608.72,2996.22,5992.44,3,5
1_ES_baseline,2,60,2026-03-09,2026-06-02,passed_numeric_rules,2026-03-11,6288.66,3,0,1,1608.72,2996.22,5992.44,3,3
1_ES_baseline,2,60,2026-03-10,2026-06-03,passed_numeric_rules,2026-03-13,5097.38,4,0,1,1908.72,2283.72,4567.44,4,4
1_ES_baseline,2,60,2026-03-11,2026-06-04,breached,2026-03-31,400.86,14,0,1,-190.42,2283.72,4567.44,15,21
1_ES_baseline,2,60,2026-03-12,2026-06-05,breached,2026-03-24,773.54,8,0,1,-67.74,2283.72,4567.44,9,13
1_ES_baseline,2,60,2026-03-13,2026-06-08,breached,2026-03-25,411.04,8,0,1,-217.74,2283.72,4567.44,9,13
1_ES_baseline,2,60,2026-03-16,2026-06-09,breached,2026-03-23,-102.62,5,0,1,-48.84,1571.22,3142.44,6,8
1_ES_baseline,2,60,2026-03-17,2026-06-10,breached,2026-03-23,451.16,4,0,1,-48.84,1571.22,3142.44,5,7
1_ES_baseline,2,60,2026-03-18,2026-06-11,breached,2026-03-23,-1120.06,3,0,1,-48.84,0.0,3000.0,4,6
1_ES_baseline,2,60,2026-03-19,2026-06-12,breached,2026-03-24,-1595.06,3,0,1,-436.34,0.0,3000.0,4,6
1_ES_baseline,2,60,2026-03-20,2026-06-15,breached,2026-03-25,-1770.06,3,0,1,-398.84,0.0,3000.0,4,6
1_ES_baseline,2,60,2026-03-23,2026-06-16,breached,2026-03-25,-1770.06,3,0,1,-398.84,0.0,3000.0,3,3
1_ES_baseline,2,60,2026-03-24,2026-06-17,breached,2026-03-31,-1381.4,6,0,1,-298.84,1796.22,3592.44,6,8
1_ES_baseline,2,60,2026-03-25,2026-06-18,breached,2026-03-31,-540.12,5,0,1,-298.84,1796.22,3592.44,5,7
1_ES_baseline,2,60,2026-03-26,2026-06-22,breached,2026-03-31,88.66,4,0,1,-298.84,1796.22,3592.44,4,6
1_ES_baseline,2,60,2026-03-27,2026-06-23,breached,2026-03-31,-1707.56,3,0,1,-298.84,0.0,3000.0,3,5
1_ES_baseline,2,60,2026-03-30,2026-06-24,breached,2026-04-06,-1532.56,3,0,1,-173.84,0.0,3000.0,5,8
1_ES_baseline,2,60,2026-03-31,2026-06-25,breached,2026-04-09,-1961.34,4,0,1,-315.12,0.0,3000.0,7,10
1_ES_baseline,2,60,2026-04-01,2026-06-26,breached,2026-04-10,-1723.84,4,0,1,-127.62,0.0,3000.0,7,10
1_ES_baseline,2,60,2026-04-02,2026-06-29,breached,2026-04-10,-1723.84,4,0,1,-127.62,0.0,3000.0,6,9
1_ES_baseline,2,60,2026-04-06,2026-06-30,breached,2026-04-10,-1723.84,4,0,1,-127.62,0.0,3000.0,5,5
1_ES_baseline,2,60,2026-04-07,2026-07-01,breached,2026-04-15,-1486.34,4,0,1,-40.12,0.0,3000.0,7,9
1_ES_baseline,2,60,2026-04-08,2026-07-02,passed_numeric_rules,2026-04-27,3449.7,10,0,1,409.88,1271.22,3000.0,14,20
1_ES_baseline,2,60,2026-04-09,2026-07-06,passed_numeric_rules,2026-04-27,3449.7,10,0,1,409.88,1271.22,3000.0,13,19
1_ES_baseline,2,60,2026-04-10,2026-07-07,passed_numeric_rules,2026-04-27,3803.48,9,0,1,763.66,1271.22,3000.0,12,18
1_ES_baseline,2,60,2026-04-13,2026-07-08,passed_numeric_rules,2026-04-24,3048.54,7,0,1,1167.44,1271.22,3000.0,10,12
1_ES_baseline,2,60,2026-04-14,2026-07-09,passed_numeric_rules,2026-04-24,3048.54,7,0,1,1167.44,1271.22,3000.0,9,11
1_ES_baseline,2,60,2026-04-15,2026-07-10,passed_numeric_rules,2026-04-24,3048.54,7,0,1,1167.44,1271.22,3000.0,8,10
1_ES_baseline,2,60,2026-04-16,2026-07-13,passed_numeric_rules,2026-04-21,3101.16,3,0,1,1708.72,1271.22,3000.0,4,6
1_ES_baseline,2,60,2026-04-17,2026-07-14,passed_numeric_rules,2026-04-27,3864.82,6,0,1,1181.1,1271.22,3000.0,7,11
1_ES_baseline,2,60,2026-04-20,2026-07-15,passed_numeric_rules,2026-04-27,3864.82,6,0,1,1181.1,1271.22,3000.0,6,8
1_ES_baseline,2,60,2026-04-21,2026-07-16,passed_numeric_rules,2026-04-29,3298.54,7,0,1,976.16,1271.22,3000.0,7,9
1_ES_baseline,2,60,2026-04-22,2026-07-17,passed_numeric_rules,2026-05-18,6594.46,18,0,1,976.16,2546.22,5092.44,19,27
1_ES_baseline,2,60,2026-04-23,2026-07-20,passed_numeric_rules,2026-05-15,5302.02,16,0,1,1279.94,2546.22,5092.44,17,23
1_ES_baseline,2,60,2026-04-24,2026-07-21,passed_numeric_rules,2026-04-30,5268.6,5,0,1,1634.88,2546.22,5092.44,5,7
1_ES_baseline,2,60,2026-04-27,2026-07-22,passed_numeric_rules,2026-05-18,6093.3,15,0,1,1279.94,2546.22,5092.44,16,22
1_ES_baseline,2,60,2026-04-28,2026-07-23,passed_numeric_rules,2026-05-19,6618.3,15,0,1,970.92,2546.22,5092.44,16,22
1_ES_baseline,2,60,2026-04-29,2026-07-24,passed_numeric_rules,2026-05-18,5500.86,13,0,1,1333.72,2546.22,5092.44,14,20
1_ES_baseline,2,60,2026-04-30,2026-07-27,passed_numeric_rules,2026-05-19,6250.86,13,0,1,603.48,2546.22,5092.44,14,20
1_ES_baseline,2,60,2026-05-01,2026-07-28,passed_numeric_rules,2026-05-19,3704.64,12,0,1,57.26,1683.72,3367.44,13,19
1_ES_baseline,2,60,2026-05-04,2026-07-29,passed_numeric_rules,2026-05-19,4208.42,11,0,1,561.04,1683.72,3367.44,12,16
1_ES_baseline,2,60,2026-05-05,2026-07-30,passed_numeric_rules,2026-05-19,4512.2,10,0,1,579.94,1683.72,3367.44,11,15
1_ES_baseline,2,60,2026-05-06,2026-07-31,passed_numeric_rules,2026-05-19,4790.98,9,0,1,579.94,1683.72,3367.44,10,14
MES_proxy_risk_100,2,20,2025-12-01,2025-12-30,unfinished,2025-12-30,-417.91,16,0,4,1450.42,207.56,3000.0,20,30
MES_proxy_risk_100,2,20,2025-12-02,2025-12-31,unfinished,2025-12-31,-515.35,17,0,4,1450.42,207.56,3000.0,20,30
MES_proxy_risk_100,2,20,2025-12-03,2026-01-02,unfinished,2026-01-02,-284.13,17,0,4,1518.37,207.56,3000.0,20,31
MES_proxy_risk_100,2,20,2025-12-04,2026-01-05,unfinished,2026-01-05,-196.69,16,0,4,1580.33,207.56,3000.0,20,33
MES_proxy_risk_100,2,20,2025-12-05,2026-01-06,unfinished,2026-01-06,-180.41,16,0,4,1580.33,207.56,3000.0,20,33
MES_proxy_risk_100,2,20,2025-12-08,2026-01-07,unfinished,2026-01-07,133.37,16,0,4,1580.33,243.84,3000.0,20,31
MES_proxy_risk_100,2,20,2025-12-09,2026-01-08,unfinished,2026-01-08,38.43,17,0,4,1580.33,243.84,3000.0,20,31
MES_proxy_risk_100,2,20,2025-12-10,2026-01-09,unfinished,2026-01-09,388.43,17,0,4,1580.33,275.06,3000.0,20,31
MES_proxy_risk_100,2,20,2025-12-11,2026-01-12,unfinished,2026-01-12,414.65,17,0,4,1580.33,275.06,3000.0,20,33
MES_proxy_risk_100,2,20,2025-12-12,2026-01-13,unfinished,2026-01-13,137.15,17,0,4,1580.33,275.06,3000.0,20,33
MES_proxy_risk_100,2,20,2025-12-15,2026-01-14,unfinished,2026-01-14,73.43,18,0,4,1580.33,275.06,3000.0,20,31
MES_proxy_risk_100,2,20,2025-12-16,2026-01-15,unfinished,2026-01-15,67.21,18,0,4,1580.33,275.06,3000.0,20,31
MES_proxy_risk_100,2,20,2025-12-17,2026-01-16,unfinished,2026-01-16,-111.57,17,0,4,1580.33,275.06,3000.0,20,31
MES_proxy_risk_100,2,20,2025-12-18,2026-01-20,unfinished,2026-01-20,94.68,17,0,4,1580.33,275.06,3000.0,20,34
MES_proxy_risk_100,2,20,2025-12-19,2026-01-21,unfinished,2026-01-21,94.68,17,0,4,1580.33,275.06,3000.0,20,34
MES_proxy_risk_100,2,20,2025-12-22,2026-01-22,unfinished,2026-01-22,74.71,17,0,4,1580.33,275.06,3000.0,20,32
MES_proxy_risk_100,2,20,2025-12-23,2026-01-23,unfinished,2026-01-23,-192.79,17,0,4,1580.33,275.06,3000.0,20,32
MES_proxy_risk_100,2,20,2025-12-26,2026-01-26,unfinished,2026-01-26,-204.04,17,0,4,1619.11,275.06,3000.0,20,32
MES_proxy_risk_100,2,20,2025-12-29,2026-01-27,unfinished,2026-01-27,-126.6,16,0,4,1619.11,275.06,3000.0,20,30
MES_proxy_risk_100,2,20,2025-12-30,2026-01-28,unfinished,2026-01-28,-71.63,15,0,4,1619.11,275.06,3000.0,20,30
MES_proxy_risk_100,2,20,2025-12-31,2026-01-29,unfinished,2026-01-29,23.25,14,1,3,1619.11,275.06,3000.0,20,30
MES_proxy_risk_100,2,20,2026-01-02,2026-01-30,unfinished,2026-01-30,303.22,14,1,3,1607.89,275.06,3000.0,20,29
MES_proxy_risk_100,2,20,2026-01-05,2026-02-02,unfinished,2026-02-02,59.47,14,1,3,1607.89,275.06,3000.0,20,29
MES_proxy_risk_100,2,20,2026-01-06,2026-02-03,unfinished,2026-02-03,59.47,14,1,3,1607.89,275.06,3000.0,20,29
MES_proxy_risk_100,2,20,2026-01-07,2026-02-04,unfinished,2026-02-04,309.41,14,1,3,1607.89,275.06,3000.0,20,29
MES_proxy_risk_100,2,20,2026-01-08,2026-02-05,unfinished,2026-02-05,65.57,13,2,2,1607.89,275.06,3000.0,20,29
MES_proxy_risk_100,2,20,2026-01-09,2026-02-06,unfinished,2026-02-06,160.51,12,3,2,1607.89,275.06,3000.0,20,29
MES_proxy_risk_100,2,20,2026-01-12,2026-02-09,unfinished,2026-02-09,-114.55,11,3,2,1607.89,182.53,3000.0,20,29
MES_proxy_risk_100,2,20,2026-01-13,2026-02-10,unfinished,2026-02-10,-100.8,11,3,2,1679.11,182.53,3000.0,20,29
MES_proxy_risk_100,2,20,2026-01-14,2026-02-11,unfinished,2026-02-11,-30.86,10,3,2,1738.93,182.53,3000.0,20,29
MES_proxy_risk_100,2,20,2026-01-15,2026-02-12,unfinished,2026-02-12,32.86,9,3,2,1738.93,182.53,3000.0,20,29
MES_proxy_risk_100,2,20,2026-01-16,2026-02-13,unfinished,2026-02-13,100.3,8,4,2,1738.93,182.53,3000.0,20,29
MES_proxy_risk_100,2,20,2026-01-20,2026-02-17,unfinished,2026-02-17,309.08,9,4,2,1738.93,208.78,3000.0,20,29
MES_proxy_risk_100,2,20,2026-01-21,2026-02-18,unfinished,2026-02-18,167.8,8,4,2,1738.93,208.78,3000.0,20,29
MES_proxy_risk_100,2,20,2026-01-22,2026-02-19,unfinished,2026-02-19,106.58,9,4,2,1738.93,208.78,3000.0,20,29
MES_proxy_risk_100,2,20,2026-01-23,2026-02-20,unfinished,2026-02-20,110.3,9,4,2,1838.87,208.78,3000.0,20,29
MES_proxy_risk_100,2,20,2026-01-26,2026-02-23,unfinished,2026-02-23,126.52,9,4,1,1773.84,208.78,3000.0,20,29
MES_proxy_risk_100,2,20,2026-01-27,2026-02-24,unfinished,2026-02-24,191.49,8,5,1,1773.84,208.78,3000.0,20,29
MES_proxy_risk_100,2,20,2026-01-28,2026-02-25,unfinished,2026-02-25,116.55,9,5,2,1698.9,208.78,3000.0,20,29
MES_proxy_risk_100,2,20,2026-01-29,2026-02-26,unfinished,2026-02-26,116.55,9,5,2,1698.9,208.78,3000.0,20,29
MES_proxy_risk_100,2,20,2026-01-30,2026-02-27,unfinished,2026-02-27,47.83,10,4,2,1630.18,208.78,3000.0,20,29
MES_proxy_risk_100,2,20,2026-02-02,2026-03-02,unfinished,2026-03-02,-134.7,9,5,2,1630.18,208.78,3000.0,20,29
MES_proxy_risk_100,2,20,2026-02-03,2026-03-03,unfinished,2026-03-03,-47.23,8,6,2,1630.18,208.78,3000.0,20,29
MES_proxy_risk_100,2,20,2026-02-04,2026-03-04,unfinished,2026-03-04,214.05,9,6,2,1602.71,261.28,3000.0,20,29
MES_proxy_risk_100,2,20,2026-02-05,2026-03-05,unfinished,2026-03-05,240.3,9,6,2,1602.71,261.28,3000.0,20,29
MES_proxy_risk_100,2,20,2026-02-06,2026-03-06,unfinished,2026-03-06,344.08,10,5,2,1602.71,261.28,3000.0,20,29
MES_proxy_risk_100,2,20,2026-02-09,2026-03-09,unfinished,2026-03-09,344.08,10,5,2,1602.71,261.28,3000.0,20,29
MES_proxy_risk_100,2,20,2026-02-10,2026-03-10,unfinished,2026-03-10,571.61,11,5,2,1602.71,261.28,3000.0,20,29
MES_proxy_risk_100,2,20,2026-02-11,2026-03-11,unfinished,2026-03-11,829.14,11,5,2,1602.71,261.28,3000.0,20,29
MES_proxy_risk_100,2,20,2026-02-12,2026-03-12,unfinished,2026-03-12,731.7,12,5,2,1602.71,261.28,3000.0,20,29
MES_proxy_risk_100,2,20,2026-02-13,2026-03-13,unfinished,2026-03-13,959.23,13,5,2,1602.71,261.28,3000.0,20,29
MES_proxy_risk_100,2,20,2026-02-17,2026-03-16,unfinished,2026-03-16,903.01,14,4,2,1602.71,261.28,3000.0,20,28
MES_proxy_risk_100,2,20,2026-02-18,2026-03-17,unfinished,2026-03-17,850.51,14,4,2,1602.71,261.28,3000.0,20,28
MES_proxy_risk_100,2,20,2026-02-19,2026-03-18,unfinished,2026-03-18,758.07,15,4,2,1602.71,261.28,3000.0,20,28
MES_proxy_risk_100,2,20,2026-02-20,2026-03-19,unfinished,2026-03-19,751.82,15,4,2,1663.93,261.28,3000.0,20,28
MES_proxy_risk_100,2,20,2026-02-23,2026-03-20,unfinished,2026-03-20,848.04,14,4,2,1760.15,261.28,3000.0,20,26
MES_proxy_risk_100,2,20,2026-02-24,2026-03-23,unfinished,2026-03-23,823.04,14,4,2,1746.37,261.28,3000.0,20,28
MES_proxy_risk_100,2,20,2026-02-25,2026-03-24,unfinished,2026-03-24,738.07,15,3,2,1661.4,261.28,3000.0,20,28
MES_proxy_risk_100,2,20,2026-02-26,2026-03-25,unfinished,2026-03-25,749.29,15,3,2,1597.68,261.28,3000.0,20,28
MES_proxy_risk_100,2,20,2026-02-27,2026-03-26,unfinished,2026-03-26,928.07,16,3,2,1581.46,261.28,3000.0,20,28
MES_proxy_risk_100,2,20,2026-03-02,2026-03-27,unfinished,2026-03-27,919.32,16,3,2,1581.46,261.28,3000.0,20,26
MES_proxy_risk_100,2,20,2026-03-03,2026-03-30,unfinished,2026-03-30,824.35,17,2,2,1581.46,261.28,3000.0,20,28
MES_proxy_risk_100,2,20,2026-03-04,2026-03-31,unfinished,2026-03-31,764.38,18,1,2,1544.05,261.28,3000.0,20,28
MES_proxy_risk_100,2,20,2026-03-05,2026-04-01,unfinished,2026-04-01,503.1,17,1,2,1544.05,227.53,3000.0,20,28
MES_proxy_risk_100,2,20,2026-03-06,2026-04-02,unfinished,2026-04-02,305.57,16,1,2,1544.05,227.53,3000.0,20,28
MES_proxy_risk_100,2,20,2026-03-09,2026-04-06,unfinished,2026-04-06,136.82,16,1,2,1479.08,227.53,3000.0,20,29
MES_proxy_risk_100,2,20,2026-03-10,2026-04-07,unfinished,2026-04-07,63.1,17,0,2,1405.36,227.53,3000.0,20,29
MES_proxy_risk_100,2,20,2026-03-11,2026-04-08,unfinished,2026-04-08,-164.43,16,0,2,1405.36,227.53,3000.0,20,29
MES_proxy_risk_100,2,20,2026-03-12,2026-04-09,unfinished,2026-04-09,-436.93,16,0,2,1332.92,227.53,3000.0,20,29
MES_proxy_risk_100,2,20,2026-03-13,2026-04-10,unfinished,2026-04-10,-421.93,16,0,2,1250.48,227.53,3000.0,20,29
MES_proxy_risk_100,2,20,2026-03-16,2026-04-13,unfinished,2026-04-13,-649.46,15,0,2,1250.48,178.78,3000.0,20,29
MES_proxy_risk_100,2,20,2026-03-17,2026-04-14,unfinished,2026-04-14,-593.24,14,0,2,1250.48,178.78,3000.0,20,29
MES_proxy_risk_100,2,20,2026-03-18,2026-04-15,unfinished,2026-04-15,-805.74,14,0,2,1194.26,178.78,3000.0,20,29
MES_proxy_risk_100,2,20,2026-03-19,2026-04-16,unfinished,2026-04-16,-535.74,14,0,2,1229.26,178.78,3000.0,20,29
MES_proxy_risk_100,2,20,2026-03-20,2026-04-17,unfinished,2026-04-17,-468.27,13,0,2,1296.73,178.78,3000.0,20,29
MES_proxy_risk_100,2,20,2026-03-23,2026-04-20,unfinished,2026-04-20,-283.21,14,0,2,1296.73,185.06,3000.0,20,29
MES_proxy_risk_100,2,20,2026-03-24,2026-04-21,unfinished,2026-04-21,63.07,14,0,2,1360.36,252.56,3000.0,20,29
MES_proxy_risk_100,2,20,2026-03-25,2026-04-22,unfinished,2026-04-22,50.63,14,0,3,1360.36,252.56,3000.0,20,29
MES_proxy_risk_100,2,20,2026-03-26,2026-04-23,unfinished,2026-04-23,36.91,14,0,3,1360.36,252.56,3000.0,20,29
MES_proxy_risk_100,2,20,2026-03-27,2026-04-24,unfinished,2026-04-24,95.69,14,0,3,1360.36,252.56,3000.0,20,29
MES_proxy_risk_100,2,20,2026-03-30,2026-04-27,unfinished,2026-04-27,403.22,14,0,3,1437.83,252.56,3000.0,20,29
MES_proxy_risk_100,2,20,2026-03-31,2026-04-28,unfinished,2026-04-28,440.72,14,0,3,1532.8,252.56,3000.0,20,29
MES_proxy_risk_100,2,20,2026-04-01,2026-04-29,unfinished,2026-04-29,685.75,14,0,3,1592.77,252.56,3000.0,20,29
MES_proxy_risk_100,2,20,2026-04-02,2026-04-30,unfinished,2026-04-30,939.53,15,0,3,1592.77,253.78,3000.0,20,29
MES_proxy_risk_100,2,20,2026-04-06,2026-05-01,unfinished,2026-05-01,888.31,16,0,3,1592.77,253.78,3000.0,20,26
MES_proxy_risk_100,2,20,2026-04-07,2026-05-04,unfinished,2026-05-04,859.62,16,0,3,1657.74,253.78,3000.0,20,28
MES_proxy_risk_100,2,20,2026-04-08,2026-05-05,unfinished,2026-05-05,847.18,16,0,3,1731.46,253.78,3000.0,20,28
MES_proxy_risk_100,2,20,2026-04-09,2026-05-06,unfinished,2026-05-06,749.74,17,0,3,1671.52,253.78,3000.0,20,28
MES_proxy_risk_100,2,20,2026-04-10,2026-05-07,unfinished,2026-05-07,1054.77,17,0,3,1592.86,253.78,3000.0,20,28
MES_proxy_risk_100,2,20,2026-04-13,2026-05-08,unfinished,2026-05-08,1137.21,16,0,3,1592.86,253.78,3000.0,20,26
MES_proxy_risk_100,2,20,2026-04-14,2026-05-11,unfinished,2026-05-11,1084.74,17,0,3,1592.86,253.78,3000.0,20,28
MES_proxy_risk_100,2,20,2026-04-15,2026-05-12,unfinished,2026-05-12,989.8,18,0,3,1592.86,253.78,3000.0,20,28
MES_proxy_risk_100,2,20,2026-04-16,2026-05-13,unfinished,2026-05-13,1194.8,18,0,3,1592.86,253.78,3000.0,20,28
MES_proxy_risk_100,2,20,2026-04-17,2026-05-14,unfinished,2026-05-14,961.02,18,0,3,1592.86,253.78,3000.0,20,28
MES_proxy_risk_100,2,20,2026-04-20,2026-05-15,unfinished,2026-05-15,1083.55,19,0,3,1592.86,253.78,3000.0,20,26
MES_proxy_risk_100,2,20,2026-04-21,2026-05-18,unfinished,2026-05-18,1058.52,19,0,3,1592.86,253.78,3000.0,20,28
MES_proxy_risk_100,2,20,2026-04-22,2026-05-19,unfinished,2026-05-19,973.49,19,0,3,1592.86,253.78,3000.0,20,28
MES_proxy_risk_100,2,20,2026-04-23,2026-05-20,unfinished,2026-05-20,1018.43,19,0,3,1592.86,253.78,3000.0,20,28
MES_proxy_risk_100,2,20,2026-04-24,2026-05-21,unfinished,2026-05-21,1020.93,19,0,3,1592.86,253.78,3000.0,20,28
MES_proxy_risk_100,2,20,2026-04-27,2026-05-22,unfinished,2026-05-22,792.15,19,0,3,1592.86,253.78,3000.0,20,26
MES_proxy_risk_100,2,20,2026-04-28,2026-05-26,unfinished,2026-05-26,474.65,19,0,3,1592.86,253.78,3000.0,20,29
MES_proxy_risk_100,2,20,2026-04-29,2026-05-27,unfinished,2026-05-27,475.9,19,0,3,1592.86,253.78,3000.0,20,29
MES_proxy_risk_100,2,20,2026-04-30,2026-05-28,unfinished,2026-05-28,223.4,19,0,3,1592.86,253.78,3000.0,20,29
MES_proxy_risk_100,2,20,2026-05-01,2026-05-29,unfinished,2026-05-29,7.15,19,0,3,1592.86,232.59,3000.0,20,29
MES_proxy_risk_100,2,20,2026-05-04,2026-06-01,unfinished,2026-06-01,58.37,18,0,3,1641.55,232.59,3000.0,20,29
MES_proxy_risk_100,2,20,2026-05-05,2026-06-02,unfinished,2026-06-02,65.87,18,0,3,1621.64,232.59,3000.0,20,29
MES_proxy_risk_100,2,20,2026-05-06,2026-06-03,unfinished,2026-06-03,90.81,18,0,3,1560.42,232.59,3000.0,20,29
MES_proxy_risk_100,2,20,2026-05-07,2026-06-04,unfinished,2026-06-04,134.53,18,0,3,1506.7,232.59,3000.0,20,29
MES_proxy_risk_100,2,20,2026-05-08,2026-06-05,unfinished,2026-06-05,-168.03,18,0,3,1436.73,167.53,3000.0,20,29
MES_proxy_risk_100,2,20,2026-05-11,2026-06-08,unfinished,2026-06-08,-250.5,19,0,3,1354.26,167.53,3000.0,20,29
MES_proxy_risk_100,2,20,2026-05-12,2026-06-09,unfinished,2026-06-09,-41.75,19,0,3,1334.29,167.53,3000.0,20,29
MES_proxy_risk_100,2,20,2026-05-13,2026-06-10,unfinished,2026-06-10,53.19,18,1,3,1334.29,167.53,3000.0,20,29
MES_proxy_risk_100,2,20,2026-05-14,2026-06-11,unfinished,2026-06-11,116.94,18,1,3,1334.29,212.53,3000.0,20,29
MES_proxy_risk_100,2,20,2026-05-15,2026-06-12,unfinished,2026-06-12,173.16,17,2,3,1334.29,212.53,3000.0,20,29
MES_proxy_risk_100,2,20,2026-05-18,2026-06-15,unfinished,2026-06-15,-44.31,17,2,3,1334.29,212.53,3000.0,20,29
MES_proxy_risk_100,2,20,2026-05-19,2026-06-16,unfinished,2026-06-16,-274.28,17,2,3,1334.29,212.53,3000.0,20,29
MES_proxy_risk_100,2,20,2026-05-20,2026-06-17,unfinished,2026-06-17,-524.25,17,2,3,1334.29,212.53,3000.0,20,29
MES_proxy_risk_100,2,20,2026-05-21,2026-06-18,unfinished,2026-06-18,-471.78,16,2,3,1386.76,212.53,3000.0,20,29
MES_proxy_risk_100,2,20,2026-05-22,2026-06-22,unfinished,2026-06-22,-396.84,15,2,3,1452.92,212.53,3000.0,20,32
MES_proxy_risk_100,2,20,2026-05-26,2026-06-23,unfinished,2026-06-23,-489.34,15,2,3,1452.92,212.53,3000.0,20,29
MES_proxy_risk_100,2,20,2026-05-27,2026-06-24,unfinished,2026-06-24,-480.62,15,2,3,1519.38,212.53,3000.0,20,29
MES_proxy_risk_100,2,20,2026-05-28,2026-06-25,unfinished,2026-06-25,-424.4,14,3,3,1575.6,212.53,3000.0,20,29
MES_proxy_risk_100,2,20,2026-05-29,2026-06-26,unfinished,2026-06-26,-356.96,13,3,3,1590.24,212.53,3000.0,20,29
MES_proxy_risk_100,2,20,2026-06-01,2026-06-29,unfinished,2026-06-29,-394.49,12,4,3,1590.24,212.53,3000.0,20,29
MES_proxy_risk_100,2,20,2026-06-02,2026-06-30,unfinished,2026-06-30,-394.49,12,4,3,1590.24,212.53,3000.0,20,29
MES_proxy_risk_100,2,20,2026-06-03,2026-07-01,unfinished,2026-07-01,-308.33,11,4,2,1590.24,212.53,3000.0,20,29
MES_proxy_risk_100,2,20,2026-06-04,2026-07-02,unfinished,2026-07-02,-8.33,11,4,2,1536.52,238.78,3000.0,20,29
MES_proxy_risk_100,2,20,2026-06-05,2026-07-06,unfinished,2026-07-06,-9.58,11,4,2,1536.52,238.78,3000.0,20,32
MES_proxy_risk_100,2,20,2026-06-08,2026-07-07,unfinished,2026-07-07,60.39,10,4,2,1536.52,238.78,3000.0,20,30
MES_proxy_risk_100,2,20,2026-06-09,2026-07-08,unfinished,2026-07-08,85.39,10,4,2,1536.52,238.78,3000.0,20,30
MES_proxy_risk_100,2,20,2026-06-10,2026-07-09,unfinished,2026-07-09,-147.11,10,4,2,1536.52,238.78,3000.0,20,30
MES_proxy_risk_100,2,20,2026-06-11,2026-07-10,unfinished,2026-07-10,-227.05,11,3,2,1536.52,238.78,3000.0,20,30
MES_proxy_risk_100,2,20,2026-06-12,2026-07-13,unfinished,2026-07-13,-524.52,11,3,2,1475.48,238.78,3000.0,20,32
MES_proxy_risk_100,2,20,2026-06-15,2026-07-14,unfinished,2026-07-14,-364.49,12,2,2,1471.76,238.78,3000.0,20,30
MES_proxy_risk_100,2,20,2026-06-16,2026-07-15,unfinished,2026-07-15,-349.49,12,2,2,1566.7,238.78,3000.0,20,30
MES_proxy_risk_100,2,20,2026-06-17,2026-07-16,unfinished,2026-07-16,-344.52,12,2,2,1636.64,238.78,3000.0,20,30
MES_proxy_risk_100,2,20,2026-06-18,2026-07-17,unfinished,2026-07-17,-262.08,11,2,2,1642.74,238.78,3000.0,20,30
MES_proxy_risk_100,2,20,2026-06-22,2026-07-20,unfinished,2026-07-20,-262.08,11,2,2,1642.74,238.78,3000.0,20,29
MES_proxy_risk_100,2,20,2026-06-23,2026-07-21,unfinished,2026-07-21,-328.3,12,2,2,1595.36,238.78,3000.0,20,29
MES_proxy_risk_100,2,20,2026-06-24,2026-07-22,unfinished,2026-07-22,-322.02,12,2,2,1517.92,238.78,3000.0,20,29
MES_proxy_risk_100,2,20,2026-06-25,2026-07-23,unfinished,2026-07-23,-243.3,11,2,2,1517.92,238.78,3000.0,20,29
MES_proxy_risk_100,2,20,2026-06-26,2026-07-24,unfinished,2026-07-24,-315.74,12,1,2,1445.48,238.78,3000.0,20,29
MES_proxy_risk_100,2,20,2026-06-29,2026-07-27,unfinished,2026-07-27,-315.74,12,1,2,1445.48,238.78,3000.0,20,29
MES_proxy_risk_100,2,20,2026-06-30,2026-07-28,unfinished,2026-07-28,-393.21,13,0,2,1368.01,238.78,3000.0,20,29
MES_proxy_risk_100,2,20,2026-07-01,2026-07-29,unfinished,2026-07-29,-393.21,13,0,2,1368.01,238.78,3000.0,20,29
MES_proxy_risk_100,2,20,2026-07-02,2026-07-30,unfinished,2026-07-30,-451.93,14,0,2,1309.29,238.78,3000.0,20,29
MES_proxy_risk_100,2,20,2026-07-06,2026-07-31,unfinished,2026-07-31,-784.43,14,0,2,1215.57,160.03,3000.0,20,26
MES_proxy_risk_100,2,60,2025-12-01,2026-02-27,unfinished,2026-02-27,-346.83,40,5,4,1443.43,275.06,3000.0,60,89
MES_proxy_risk_100,2,60,2025-12-02,2026-03-02,unfinished,2026-03-02,-346.83,40,6,4,1443.43,275.06,3000.0,60,91
MES_proxy_risk_100,2,60,2025-12-03,2026-03-03,unfinished,2026-03-03,-271.89,39,7,4,1518.37,275.06,3000.0,60,91
MES_proxy_risk_100,2,60,2025-12-04,2026-03-04,unfinished,2026-03-04,76.83,39,7,4,1580.33,275.06,3000.0,60,91
MES_proxy_risk_100,2,60,2025-12-05,2026-03-05,unfinished,2026-03-05,369.3,39,7,4,1580.33,275.06,3000.0,60,91
MES_proxy_risk_100,2,60,2025-12-08,2026-03-06,unfinished,2026-03-06,543.02,39,7,4,1580.33,275.06,3000.0,60,89
MES_proxy_risk_100,2,60,2025-12-09,2026-03-09,unfinished,2026-03-09,543.02,39,8,4,1580.33,275.06,3000.0,60,91
MES_proxy_risk_100,2,60,2025-12-10,2026-03-10,unfinished,2026-03-10,845.49,39,8,4,1580.33,275.06,3000.0,60,91
MES_proxy_risk_100,2,60,2025-12-11,2026-03-11,unfinished,2026-03-11,1142.99,39,8,4,1580.33,275.06,3000.0,60,91
MES_proxy_risk_100,2,60,2025-12-12,2026-03-12,unfinished,2026-03-12,837.99,39,8,4,1580.33,275.06,3000.0,60,91
MES_proxy_risk_100,2,60,2025-12-15,2026-03-13,unfinished,2026-03-13,1065.52,40,8,4,1580.33,275.06,3000.0,60,89
MES_proxy_risk_100,2,60,2025-12-16,2026-03-16,unfinished,2026-03-16,1070.52,40,8,4,1580.33,275.06,3000.0,60,91
MES_proxy_risk_100,2,60,2025-12-17,2026-03-17,unfinished,2026-03-17,1048.02,40,8,4,1580.33,275.06,3000.0,60,91
MES_proxy_risk_100,2,60,2025-12-18,2026-03-18,unfinished,2026-03-18,1020.55,40,8,4,1580.33,275.06,3000.0,60,91
MES_proxy_risk_100,2,60,2025-12-19,2026-03-19,unfinished,2026-03-19,953.08,41,8,4,1580.33,275.06,3000.0,60,91
MES_proxy_risk_100,2,60,2025-12-22,2026-03-20,unfinished,2026-03-20,1033.05,40,8,4,1580.33,275.06,3000.0,60,89
MES_proxy_risk_100,2,60,2025-12-23,2026-03-23,unfinished,2026-03-23,756.77,40,8,4,1580.33,275.06,3000.0,60,91
MES_proxy_risk_100,2,60,2025-12-26,2026-03-24,unfinished,2026-03-24,725.52,40,8,4,1602.71,275.06,3000.0,60,89
MES_proxy_risk_100,2,60,2025-12-29,2026-03-25,unfinished,2026-03-25,739.24,40,8,4,1597.68,275.06,3000.0,60,87
MES_proxy_risk_100,2,60,2025-12-30,2026-03-26,unfinished,2026-03-26,972.99,40,8,4,1581.46,275.06,3000.0,60,87
MES_proxy_risk_100,2,60,2025-12-31,2026-03-27,unfinished,2026-03-27,990.4,40,8,3,1581.46,275.06,3000.0,60,87
MES_proxy_risk_100,2,60,2026-01-02,2026-03-30,unfinished,2026-03-30,992.87,40,8,3,1581.46,275.06,3000.0,60,88
MES_proxy_risk_100,2,60,2026-01-05,2026-03-31,unfinished,2026-03-31,776.62,40,8,3,1544.05,275.06,3000.0,60,86
MES_proxy_risk_100,2,60,2026-01-06,2026-04-01,unfinished,2026-04-01,776.62,40,8,3,1544.05,275.06,3000.0,60,86
MES_proxy_risk_100,2,60,2026-01-07,2026-04-02,unfinished,2026-04-02,855.28,39,8,3,1544.05,275.06,3000.0,60,86
MES_proxy_risk_100,2,60,2026-01-08,2026-04-06,unfinished,2026-04-06,546.47,39,8,2,1479.08,275.06,3000.0,60,89
MES_proxy_risk_100,2,60,2026-01-09,2026-04-07,unfinished,2026-04-07,567.69,39,8,2,1405.36,275.06,3000.0,60,89
MES_proxy_risk_100,2,60,2026-01-12,2026-04-08,unfinished,2026-04-08,292.63,38,8,2,1405.36,261.28,3000.0,60,87
MES_proxy_risk_100,2,60,2026-01-13,2026-04-09,unfinished,2026-04-09,291.41,38,8,2,1332.92,261.28,3000.0,60,87
MES_proxy_risk_100,2,60,2026-01-14,2026-04-10,unfinished,2026-04-10,278.91,38,8,2,1250.48,261.28,3000.0,60,87
MES_proxy_risk_100,2,60,2026-01-15,2026-04-13,unfinished,2026-04-13,342.63,37,8,2,1250.48,261.28,3000.0,60,89
MES_proxy_risk_100,2,60,2026-01-16,2026-04-14,unfinished,2026-04-14,410.07,36,8,2,1250.48,261.28,3000.0,60,89
MES_proxy_risk_100,2,60,2026-01-20,2026-04-15,unfinished,2026-04-15,353.85,37,8,2,1194.26,261.28,3000.0,60,86
MES_proxy_risk_100,2,60,2026-01-21,2026-04-16,unfinished,2026-04-16,390.13,37,8,2,1136.82,261.28,3000.0,60,86
MES_proxy_risk_100,2,60,2026-01-22,2026-04-17,unfinished,2026-04-17,390.13,37,8,2,1136.82,261.28,3000.0,60,86
MES_proxy_risk_100,2,60,2026-01-23,2026-04-20,unfinished,2026-04-20,675.13,37,8,2,1136.82,261.28,3000.0,60,88
MES_proxy_risk_100,2,60,2026-01-26,2026-04-21,unfinished,2026-04-21,1012.63,37,8,2,1136.82,261.28,3000.0,60,86
MES_proxy_risk_100,2,60,2026-01-27,2026-04-22,unfinished,2026-04-22,980.19,37,8,3,1136.82,261.28,3000.0,60,86
MES_proxy_risk_100,2,60,2026-01-28,2026-04-23,unfinished,2026-04-23,902.75,38,8,3,1136.82,261.28,3000.0,60,86
MES_proxy_risk_100,2,60,2026-01-29,2026-04-24,unfinished,2026-04-24,1140.31,39,8,3,1136.82,261.28,3000.0,60,86
MES_proxy_risk_100,2,60,2026-01-30,2026-04-27,unfinished,2026-04-27,1370.37,40,7,3,1136.82,261.28,3000.0,60,88
MES_proxy_risk_100,2,60,2026-02-02,2026-04-28,unfinished,2026-04-28,1130.37,40,7,3,1136.82,261.28,3000.0,60,86
MES_proxy_risk_100,2,60,2026-02-03,2026-04-29,unfinished,2026-04-29,1402.9,40,7,3,1136.82,261.28,3000.0,60,86
MES_proxy_risk_100,2,60,2026-02-04,2026-04-30,unfinished,2026-04-30,1656.68,41,7,3,1136.82,261.28,3000.0,60,86
MES_proxy_risk_100,2,60,2026-02-05,2026-05-01,unfinished,2026-05-01,1434.18,41,7,3,1136.82,261.28,3000.0,60,86
MES_proxy_risk_100,2,60,2026-02-06,2026-05-04,unfinished,2026-05-04,1340.52,42,6,3,1136.82,261.28,3000.0,60,88
MES_proxy_risk_100,2,60,2026-02-09,2026-05-05,unfinished,2026-05-05,1254.36,43,5,3,1136.82,261.28,3000.0,60,86
MES_proxy_risk_100,2,60,2026-02-10,2026-05-06,unfinished,2026-05-06,1156.92,44,5,3,1136.82,261.28,3000.0,60,86
MES_proxy_risk_100,2,60,2026-02-11,2026-05-07,unfinished,2026-05-07,1446.98,44,5,3,1136.82,261.28,3000.0,60,86
MES_proxy_risk_100,2,60,2026-02-12,2026-05-08,unfinished,2026-05-08,1446.98,44,5,3,1136.82,261.28,3000.0,60,86
MES_proxy_risk_100,2,60,2026-02-13,2026-05-11,unfinished,2026-05-11,1394.51,45,5,3,1136.82,261.28,3000.0,60,88
MES_proxy_risk_100,2,60,2026-02-17,2026-05-12,unfinished,2026-05-12,1299.57,46,4,3,1136.82,261.28,3000.0,60,85
MES_proxy_risk_100,2,60,2026-02-18,2026-05-13,unfinished,2026-05-13,1239.57,46,4,3,1136.82,261.28,3000.0,60,85
MES_proxy_risk_100,2,60,2026-02-19,2026-05-14,unfinished,2026-05-14,1183.35,47,4,3,1136.82,261.28,3000.0,60,85
MES_proxy_risk_100,2,60,2026-02-20,2026-05-15,unfinished,2026-05-15,1367.1,47,4,3,1136.82,261.28,3000.0,60,85
MES_proxy_risk_100,2,60,2026-02-23,2026-05-18,unfinished,2026-05-18,1623.35,47,4,3,1136.82,261.28,3000.0,60,85
MES_proxy_risk_100,2,60,2026-02-24,2026-05-19,unfinished,2026-05-19,1859.6,47,4,3,1136.82,261.28,3000.0,60,85
MES_proxy_risk_100,2,60,2026-02-25,2026-05-20,unfinished,2026-05-20,1807.13,48,3,3,1136.82,261.28,3000.0,60,85
MES_proxy_risk_100,2,60,2026-02-26,2026-05-21,unfinished,2026-05-21,1807.13,48,3,3,1136.82,261.28,3000.0,60,85
MES_proxy_risk_100,2,60,2026-02-27,2026-05-22,unfinished,2026-05-22,1815.91,49,3,3,1136.82,261.28,3000.0,60,85
MES_proxy_risk_100,2,60,2026-03-02,2026-05-26,unfinished,2026-05-26,1797.19,49,3,3,1136.82,261.28,3000.0,60,86
MES_proxy_risk_100,2,60,2026-03-03,2026-05-27,unfinished,2026-05-27,1740.97,50,2,3,1136.82,261.28,3000.0,60,86
MES_proxy_risk_100,2,60,2026-03-04,2026-05-28,unfinished,2026-05-28,1673.53,51,1,3,1136.82,261.28,3000.0,60,86
MES_proxy_risk_100,2,60,2026-03-05,2026-05-29,unfinished,2026-05-29,1449.78,51,1,3,1136.82,253.78,3000.0,60,86
MES_proxy_risk_100,2,60,2026-03-06,2026-06-01,unfinished,2026-06-01,1252.25,50,1,3,1136.82,253.78,3000.0,60,88
MES_proxy_risk_100,2,60,2026-03-09,2026-06-02,unfinished,2026-06-02,1062.31,50,1,3,1136.82,253.78,3000.0,60,86
MES_proxy_risk_100,2,60,2026-03-10,2026-06-03,unfinished,2026-06-03,1001.09,51,0,3,1136.82,253.78,3000.0,60,86
MES_proxy_risk_100,2,60,2026-03-11,2026-06-04,unfinished,2026-06-04,719.84,51,0,3,1136.82,253.78,3000.0,60,86
MES_proxy_risk_100,2,60,2026-03-12,2026-06-05,unfinished,2026-06-05,449.81,51,0,3,1136.82,253.78,3000.0,60,86
MES_proxy_risk_100,2,60,2026-03-13,2026-06-08,unfinished,2026-06-08,464.78,51,0,3,1136.82,253.78,3000.0,60,88
MES_proxy_risk_100,2,60,2026-03-16,2026-06-09,unfinished,2026-06-09,393.53,51,0,3,1136.82,253.78,3000.0,60,86
MES_proxy_risk_100,2,60,2026-03-17,2026-06-10,unfinished,2026-06-10,449.75,50,1,3,1136.82,253.78,3000.0,60,86
MES_proxy_risk_100,2,60,2026-03-18,2026-06-11,unfinished,2026-06-11,506.0,50,1,3,1136.82,253.78,3000.0,60,86
MES_proxy_risk_100,2,60,2026-03-19,2026-06-12,unfinished,2026-06-12,598.44,49,2,3,1229.26,253.78,3000.0,60,86
MES_proxy_risk_100,2,60,2026-03-20,2026-06-15,unfinished,2026-06-15,570.97,49,2,3,1296.73,253.78,3000.0,60,88
MES_proxy_risk_100,2,60,2026-03-23,2026-06-16,unfinished,2026-06-16,501.03,50,2,3,1296.73,253.78,3000.0,60,86
MES_proxy_risk_100,2,60,2026-03-24,2026-06-17,unfinished,2026-06-17,512.31,50,2,3,1334.29,253.78,3000.0,60,86
MES_proxy_risk_100,2,60,2026-03-25,2026-06-18,unfinished,2026-06-18,597.28,49,2,3,1334.29,253.78,3000.0,60,86
MES_proxy_risk_100,2,60,2026-03-26,2026-06-22,unfinished,2026-06-22,661.0,48,2,3,1334.29,253.78,3000.0,60,89
MES_proxy_risk_100,2,60,2026-03-27,2026-06-23,unfinished,2026-06-23,398.5,48,2,3,1334.29,253.78,3000.0,60,89
MES_proxy_risk_100,2,60,2026-03-30,2026-06-24,unfinished,2026-06-24,397.25,48,2,3,1313.31,253.78,3000.0,60,87
MES_proxy_risk_100,2,60,2026-03-31,2026-06-25,unfinished,2026-06-25,492.22,47,3,3,1313.31,253.78,3000.0,60,87
MES_proxy_risk_100,2,60,2026-04-01,2026-06-26,unfinished,2026-06-26,552.19,46,3,3,1313.31,253.78,3000.0,60,87
MES_proxy_risk_100,2,60,2026-04-02,2026-06-29,unfinished,2026-06-29,552.19,46,4,3,1313.31,253.78,3000.0,60,89
MES_proxy_risk_100,2,60,2026-04-06,2026-06-30,unfinished,2026-06-30,552.19,46,4,3,1313.31,253.78,3000.0,60,86
MES_proxy_risk_100,2,60,2026-04-07,2026-07-01,unfinished,2026-07-01,617.16,45,4,3,1313.31,253.78,3000.0,60,86
MES_proxy_risk_100,2,60,2026-04-08,2026-07-02,unfinished,2026-07-02,929.66,45,4,3,1259.59,253.78,3000.0,60,86
MES_proxy_risk_100,2,60,2026-04-09,2026-07-06,unfinished,2026-07-06,874.69,46,4,3,1259.59,253.78,3000.0,60,89
MES_proxy_risk_100,2,60,2026-04-10,2026-07-07,unfinished,2026-07-07,947.13,45,4,3,1259.59,253.78,3000.0,60,89
MES_proxy_risk_100,2,60,2026-04-13,2026-07-08,unfinished,2026-07-08,972.1,45,4,3,1259.59,253.78,3000.0,60,87
MES_proxy_risk_100,2,60,2026-04-14,2026-07-09,unfinished,2026-07-09,895.88,46,4,3,1259.59,253.78,3000.0,60,87
MES_proxy_risk_100,2,60,2026-04-15,2026-07-10,unfinished,2026-07-10,815.94,47,4,3,1259.59,253.78,3000.0,60,87
MES_proxy_risk_100,2,60,2026-04-16,2026-07-13,unfinished,2026-07-13,787.22,47,4,3,1198.55,253.78,3000.0,60,89
MES_proxy_risk_100,2,60,2026-04-17,2026-07-14,unfinished,2026-07-14,769.69,47,4,3,1194.83,253.78,3000.0,60,89
MES_proxy_risk_100,2,60,2026-04-20,2026-07-15,unfinished,2026-07-15,689.75,48,4,3,1194.83,253.78,3000.0,60,87
MES_proxy_risk_100,2,60,2026-04-21,2026-07-16,unfinished,2026-07-16,439.72,48,4,3,1194.83,253.78,3000.0,60,87
MES_proxy_risk_100,2,60,2026-04-22,2026-07-17,unfinished,2026-07-17,187.16,47,4,3,1194.83,253.78,3000.0,60,87
MES_proxy_risk_100,2,60,2026-04-23,2026-07-20,unfinished,2026-07-20,284.57,46,4,3,1194.83,253.78,3000.0,60,89
MES_proxy_risk_100,2,60,2026-04-24,2026-07-21,unfinished,2026-07-21,295.79,46,4,3,1147.45,253.78,3000.0,60,89
MES_proxy_risk_100,2,60,2026-04-27,2026-07-22,unfinished,2026-07-22,-19.21,46,4,3,1070.01,253.78,3000.0,60,87
MES_proxy_risk_100,2,60,2026-04-28,2026-07-23,unfinished,2026-07-23,-249.27,45,4,3,1070.01,253.78,3000.0,60,87
MES_proxy_risk_100,2,60,2026-04-29,2026-07-24,unfinished,2026-07-24,-264.24,45,4,3,997.57,253.78,3000.0,60,87
MES_proxy_risk_100,2,60,2026-04-30,2026-07-27,unfinished,2026-07-27,-449.3,44,4,3,997.57,253.78,3000.0,60,89
MES_proxy_risk_100,2,60,2026-05-01,2026-07-28,unfinished,2026-07-28,-780.55,44,4,3,920.1,238.78,3000.0,60,89
MES_proxy_risk_100,2,60,2026-05-04,2026-07-29,unfinished,2026-07-29,-729.33,43,4,3,920.1,238.78,3000.0,60,87
MES_proxy_risk_100,2,60,2026-05-05,2026-07-30,unfinished,2026-07-30,-694.39,43,4,3,861.38,238.78,3000.0,60,87
MES_proxy_risk_100,2,60,2026-05-06,2026-07-31,unfinished,2026-07-31,-608.23,42,5,3,861.38,238.78,3000.0,60,87
MES_proxy_risk_150,2,20,2025-12-01,2025-12-30,unfinished,2025-12-30,-638.65,16,0,6,1151.91,357.56,3000.0,20,30
MES_proxy_risk_150,2,20,2025-12-02,2025-12-31,unfinished,2025-12-31,-736.09,17,0,6,1151.91,357.56,3000.0,20,30
MES_proxy_risk_150,2,20,2025-12-03,2026-01-02,unfinished,2026-01-02,-359.84,17,0,6,1245.16,357.56,3000.0,20,31
MES_proxy_risk_150,2,20,2025-12-04,2026-01-05,unfinished,2026-01-05,-277.4,16,0,6,1295.54,357.56,3000.0,20,33
MES_proxy_risk_150,2,20,2025-12-05,2026-01-06,unfinished,2026-01-06,-266.09,16,0,6,1295.54,357.56,3000.0,20,33
MES_proxy_risk_150,2,20,2025-12-08,2026-01-07,unfinished,2026-01-07,198.91,16,0,6,1295.54,357.56,3000.0,20,31
MES_proxy_risk_150,2,20,2025-12-09,2026-01-08,unfinished,2026-01-08,56.5,17,0,6,1295.54,357.56,3000.0,20,31
MES_proxy_risk_150,2,20,2025-12-10,2026-01-09,unfinished,2026-01-09,618.97,17,0,6,1295.54,412.59,3000.0,20,31
MES_proxy_risk_150,2,20,2025-12-11,2026-01-12,unfinished,2026-01-12,622.69,17,0,6,1295.54,412.59,3000.0,20,33
MES_proxy_risk_150,2,20,2025-12-12,2026-01-13,unfinished,2026-01-13,171.47,17,0,6,1295.54,412.59,3000.0,20,33
MES_proxy_risk_150,2,20,2025-12-15,2026-01-14,unfinished,2026-01-14,44.03,18,0,6,1295.54,412.59,3000.0,20,31
MES_proxy_risk_150,2,20,2025-12-16,2026-01-15,unfinished,2026-01-15,31.59,18,0,6,1295.54,412.59,3000.0,20,31
MES_proxy_risk_150,2,20,2025-12-17,2026-01-16,unfinished,2026-01-16,-325.97,17,0,6,1295.54,412.59,3000.0,20,31
MES_proxy_risk_150,2,20,2025-12-18,2026-01-20,unfinished,2026-01-20,86.53,17,0,6,1295.54,412.59,3000.0,20,34
MES_proxy_risk_150,2,20,2025-12-19,2026-01-21,unfinished,2026-01-21,86.53,17,0,6,1295.54,412.59,3000.0,20,34
MES_proxy_risk_150,2,20,2025-12-22,2026-01-22,unfinished,2026-01-22,16.59,17,0,6,1295.54,412.59,3000.0,20,32
MES_proxy_risk_150,2,20,2025-12-23,2026-01-23,unfinished,2026-01-23,-384.66,17,0,6,1295.54,412.59,3000.0,20,32
MES_proxy_risk_150,2,20,2025-12-26,2026-01-26,unfinished,2026-01-26,-407.16,17,0,6,1330.66,412.59,3000.0,20,32
MES_proxy_risk_150,2,20,2025-12-29,2026-01-27,unfinished,2026-01-27,-291.0,16,0,6,1330.66,412.59,3000.0,20,30
MES_proxy_risk_150,2,20,2025-12-30,2026-01-28,unfinished,2026-01-28,-181.06,15,0,6,1330.66,412.59,3000.0,20,30
MES_proxy_risk_150,2,20,2025-12-31,2026-01-29,unfinished,2026-01-29,-139.96,15,0,5,1229.44,412.59,3000.0,20,30
MES_proxy_risk_150,2,20,2026-01-02,2026-01-30,unfinished,2026-01-30,188.73,15,0,5,1218.22,412.59,3000.0,20,29
MES_proxy_risk_150,2,20,2026-01-05,2026-02-02,unfinished,2026-02-02,-211.3,15,0,5,1218.22,412.59,3000.0,20,29
MES_proxy_risk_150,2,20,2026-01-06,2026-02-03,unfinished,2026-02-03,-211.3,15,0,5,1218.22,412.59,3000.0,20,29
MES_proxy_risk_150,2,20,2026-01-07,2026-02-04,unfinished,2026-02-04,262.36,15,0,4,1218.22,412.59,3000.0,20,29
MES_proxy_risk_150,2,20,2026-01-08,2026-02-05,unfinished,2026-02-05,-182.73,15,0,4,1218.22,412.59,3000.0,20,29
MES_proxy_risk_150,2,20,2026-01-09,2026-02-06,unfinished,2026-02-06,-162.79,15,0,4,1218.22,412.59,3000.0,20,29
MES_proxy_risk_150,2,20,2026-01-12,2026-02-09,unfinished,2026-02-09,-575.38,14,0,4,1218.22,342.56,3000.0,20,29
MES_proxy_risk_150,2,20,2026-01-13,2026-02-10,unfinished,2026-02-10,-365.35,14,0,4,1349.44,365.06,3000.0,20,29
MES_proxy_risk_150,2,20,2026-01-14,2026-02-11,unfinished,2026-02-11,-225.47,13,0,4,1469.08,365.06,3000.0,20,29
MES_proxy_risk_150,2,20,2026-01-15,2026-02-12,unfinished,2026-02-12,-98.03,12,0,4,1469.08,365.06,3000.0,20,29
MES_proxy_risk_150,2,20,2026-01-16,2026-02-13,unfinished,2026-02-13,-94.37,12,0,3,1469.08,365.06,3000.0,20,29
MES_proxy_risk_150,2,20,2026-01-20,2026-02-17,unfinished,2026-02-17,323.19,13,0,3,1383.96,417.56,3000.0,20,29
MES_proxy_risk_150,2,20,2026-01-21,2026-02-18,unfinished,2026-02-18,40.63,12,0,3,1383.96,417.56,3000.0,20,29
MES_proxy_risk_150,2,20,2026-01-22,2026-02-19,unfinished,2026-02-19,-81.81,13,0,3,1383.96,417.56,3000.0,20,29
MES_proxy_risk_150,2,20,2026-01-23,2026-02-20,unfinished,2026-02-20,-28.12,13,0,3,1383.96,417.56,3000.0,20,29
MES_proxy_risk_150,2,20,2026-01-26,2026-02-23,unfinished,2026-02-23,-38.15,13,0,2,1383.96,417.56,3000.0,20,29
MES_proxy_risk_150,2,20,2026-01-27,2026-02-24,unfinished,2026-02-24,-23.18,13,0,2,1383.96,417.56,3000.0,20,29
MES_proxy_risk_150,2,20,2026-01-28,2026-02-25,unfinished,2026-02-25,-135.59,14,0,3,1345.48,417.56,3000.0,20,29
MES_proxy_risk_150,2,20,2026-01-29,2026-02-26,unfinished,2026-02-26,-135.59,14,0,3,1345.48,417.56,3000.0,20,29
MES_proxy_risk_150,2,20,2026-01-30,2026-02-27,unfinished,2026-02-27,-103.09,14,0,3,1276.76,417.56,3000.0,20,29
MES_proxy_risk_150,2,20,2026-02-02,2026-03-02,unfinished,2026-03-02,-583.12,14,0,3,1161.79,417.56,3000.0,20,29
MES_proxy_risk_150,2,20,2026-02-03,2026-03-03,unfinished,2026-03-03,-599.37,14,0,3,1058.07,417.56,3000.0,20,29
MES_proxy_risk_150,2,20,2026-02-04,2026-03-04,unfinished,2026-03-04,-338.09,15,0,3,1030.6,417.56,3000.0,20,29
MES_proxy_risk_150,2,20,2026-02-05,2026-03-05,unfinished,2026-03-05,-483.12,15,0,3,1030.6,417.56,3000.0,20,29
MES_proxy_risk_150,2,20,2026-02-06,2026-03-06,unfinished,2026-03-06,-365.56,15,0,4,995.45,417.56,3000.0,20,29
MES_proxy_risk_150,2,20,2026-02-09,2026-03-09,unfinished,2026-03-09,55.69,15,0,4,995.45,417.56,3000.0,20,29
MES_proxy_risk_150,2,20,2026-02-10,2026-03-10,unfinished,2026-03-10,283.22,16,0,4,995.45,417.56,3000.0,20,29
MES_proxy_risk_150,2,20,2026-02-11,2026-03-11,unfinished,2026-03-11,798.28,16,0,4,995.45,417.56,3000.0,20,29
MES_proxy_risk_150,2,20,2026-02-12,2026-03-12,unfinished,2026-03-12,652.12,17,0,4,995.45,417.56,3000.0,20,29
MES_proxy_risk_150,2,20,2026-02-13,2026-03-13,unfinished,2026-03-13,879.65,18,0,4,995.45,417.56,3000.0,20,29
MES_proxy_risk_150,2,20,2026-02-17,2026-03-16,unfinished,2026-03-16,898.43,18,0,4,995.45,417.56,3000.0,20,28
MES_proxy_risk_150,2,20,2026-02-18,2026-03-17,unfinished,2026-03-17,793.43,18,0,4,995.45,400.12,3000.0,20,28
MES_proxy_risk_150,2,20,2026-02-19,2026-03-18,unfinished,2026-03-18,654.77,19,0,4,995.45,400.12,3000.0,20,28
MES_proxy_risk_150,2,20,2026-02-20,2026-03-19,unfinished,2026-03-19,839.8,19,0,4,1117.89,400.12,3000.0,20,28
MES_proxy_risk_150,2,20,2026-02-23,2026-03-20,unfinished,2026-03-20,936.02,18,0,4,1214.11,400.12,3000.0,20,26
MES_proxy_risk_150,2,20,2026-02-24,2026-03-23,unfinished,2026-03-23,979.74,18,0,4,1351.55,400.12,3000.0,20,28
MES_proxy_risk_150,2,20,2026-02-25,2026-03-24,unfinished,2026-03-24,1009.74,18,0,4,1466.52,400.12,3000.0,20,28
MES_proxy_risk_150,2,20,2026-02-26,2026-03-25,unfinished,2026-03-25,1032.18,18,0,4,1420.27,400.12,3000.0,20,28
MES_proxy_risk_150,2,20,2026-02-27,2026-03-26,unfinished,2026-03-26,1389.74,19,0,4,1387.83,400.12,3000.0,20,28
MES_proxy_risk_150,2,20,2026-03-02,2026-03-27,unfinished,2026-03-27,1449.71,19,0,4,1387.83,400.12,3000.0,20,26
MES_proxy_risk_150,2,20,2026-03-03,2026-03-30,unfinished,2026-03-30,1469.71,19,0,4,1387.83,400.12,3000.0,20,28
MES_proxy_risk_150,2,20,2026-03-04,2026-03-31,unfinished,2026-03-31,1453.49,19,0,4,1387.83,400.12,3000.0,20,28
MES_proxy_risk_150,2,20,2026-03-05,2026-04-01,unfinished,2026-04-01,1192.21,18,0,4,1387.83,400.12,3000.0,20,28
MES_proxy_risk_150,2,20,2026-03-06,2026-04-02,unfinished,2026-04-02,797.15,17,0,4,1387.83,400.12,3000.0,20,28
MES_proxy_risk_150,2,20,2026-03-09,2026-04-06,unfinished,2026-04-06,563.43,17,0,4,1355.51,400.12,3000.0,20,29
MES_proxy_risk_150,2,20,2026-03-10,2026-04-07,unfinished,2026-04-07,190.93,17,0,4,1281.79,400.12,3000.0,20,29
MES_proxy_risk_150,2,20,2026-03-11,2026-04-08,unfinished,2026-04-08,-36.6,16,0,4,1281.79,400.12,3000.0,20,29
MES_proxy_risk_150,2,20,2026-03-12,2026-04-09,unfinished,2026-04-09,-545.38,16,0,3,1173.13,357.56,3000.0,20,29
MES_proxy_risk_150,2,20,2026-03-13,2026-04-10,unfinished,2026-04-10,-481.66,16,0,3,1090.69,357.56,3000.0,20,29
MES_proxy_risk_150,2,20,2026-03-16,2026-04-13,unfinished,2026-04-13,-709.19,15,0,3,1090.69,357.56,3000.0,20,29
MES_proxy_risk_150,2,20,2026-03-17,2026-04-14,unfinished,2026-04-14,-596.75,14,0,3,1090.69,357.56,3000.0,20,29
MES_proxy_risk_150,2,20,2026-03-18,2026-04-15,unfinished,2026-04-15,-965.53,14,0,3,1034.47,357.56,3000.0,20,29
MES_proxy_risk_150,2,20,2026-03-19,2026-04-16,unfinished,2026-04-16,-675.47,14,0,3,972.03,357.56,3000.0,20,29
MES_proxy_risk_150,2,20,2026-03-20,2026-04-17,unfinished,2026-04-17,-596.75,13,0,3,999.32,357.56,3000.0,20,29
MES_proxy_risk_150,2,20,2026-03-23,2026-04-20,unfinished,2026-04-20,-319.16,14,0,3,999.32,357.56,3000.0,20,29
MES_proxy_risk_150,2,20,2026-03-24,2026-04-21,unfinished,2026-04-21,153.4,14,0,3,999.32,378.84,3000.0,20,29
MES_proxy_risk_150,2,20,2026-03-25,2026-04-22,unfinished,2026-04-22,108.49,14,0,4,999.32,378.84,3000.0,20,29
MES_proxy_risk_150,2,20,2026-03-26,2026-04-23,unfinished,2026-04-23,119.77,14,0,4,999.32,378.84,3000.0,20,29
MES_proxy_risk_150,2,20,2026-03-27,2026-04-24,unfinished,2026-04-24,118.55,14,0,4,999.32,378.84,3000.0,20,29
MES_proxy_risk_150,2,20,2026-03-30,2026-04-27,unfinished,2026-04-27,504.89,14,0,4,1040.57,378.84,3000.0,20,29
MES_proxy_risk_150,2,20,2026-03-31,2026-04-28,unfinished,2026-04-28,577.45,14,0,4,1135.54,378.84,3000.0,20,29
MES_proxy_risk_150,2,20,2026-04-01,2026-04-29,unfinished,2026-04-29,1067.51,14,0,4,1255.48,378.84,3000.0,20,29
MES_proxy_risk_150,2,20,2026-04-02,2026-04-30,unfinished,2026-04-30,1321.29,15,0,4,1255.48,378.84,3000.0,20,29
MES_proxy_risk_150,2,20,2026-04-06,2026-05-01,unfinished,2026-05-01,1218.85,16,0,4,1255.48,378.84,3000.0,20,26
MES_proxy_risk_150,2,20,2026-04-07,2026-05-04,unfinished,2026-05-04,1312.69,16,0,4,1356.7,378.84,3000.0,20,28
MES_proxy_risk_150,2,20,2026-04-08,2026-05-05,unfinished,2026-05-05,1316.53,16,0,5,1504.14,378.84,3000.0,20,28
MES_proxy_risk_150,2,20,2026-04-09,2026-05-06,unfinished,2026-05-06,1170.37,17,0,5,1482.92,378.84,3000.0,20,28
MES_proxy_risk_150,2,20,2026-04-10,2026-05-07,unfinished,2026-05-07,1625.37,17,0,5,1378.04,378.84,3000.0,20,28
MES_proxy_risk_150,2,20,2026-04-13,2026-05-08,unfinished,2026-05-08,1749.03,16,0,5,1378.04,378.84,3000.0,20,26
MES_proxy_risk_150,2,20,2026-04-14,2026-05-11,unfinished,2026-05-11,1644.09,17,0,5,1378.04,378.84,3000.0,20,28
MES_proxy_risk_150,2,20,2026-04-15,2026-05-12,unfinished,2026-05-12,1501.68,18,0,5,1378.04,378.84,3000.0,20,28
MES_proxy_risk_150,2,20,2026-04-16,2026-05-13,unfinished,2026-05-13,1989.21,18,0,5,1420.25,387.65,3000.0,20,28
MES_proxy_risk_150,2,20,2026-04-17,2026-05-14,unfinished,2026-05-14,1444.12,18,0,5,1378.04,378.84,3000.0,20,28
MES_proxy_risk_150,2,20,2026-04-20,2026-05-15,unfinished,2026-05-15,1566.65,19,0,5,1378.04,378.84,3000.0,20,26
MES_proxy_risk_150,2,20,2026-04-21,2026-05-18,unfinished,2026-05-18,1516.59,19,0,5,1378.04,378.84,3000.0,20,28
MES_proxy_risk_150,2,20,2026-04-22,2026-05-19,unfinished,2026-05-19,1472.81,19,0,5,1378.04,370.12,3000.0,20,28
MES_proxy_risk_150,2,20,2026-04-23,2026-05-20,unfinished,2026-05-20,1497.75,19,0,5,1378.04,370.12,3000.0,20,28
MES_proxy_risk_150,2,20,2026-04-24,2026-05-21,unfinished,2026-05-21,1464.03,19,0,5,1378.04,370.12,3000.0,20,28
MES_proxy_risk_150,2,20,2026-04-27,2026-05-22,unfinished,2026-05-22,1125.25,19,0,5,1378.04,370.12,3000.0,20,26
MES_proxy_risk_150,2,20,2026-04-28,2026-05-26,unfinished,2026-05-26,649.0,19,0,5,1378.04,370.12,3000.0,20,29
MES_proxy_risk_150,2,20,2026-04-29,2026-05-27,unfinished,2026-05-27,651.5,19,0,5,1378.04,370.12,3000.0,20,29
MES_proxy_risk_150,2,20,2026-04-30,2026-05-28,unfinished,2026-05-28,146.5,19,0,5,1378.04,335.06,3000.0,20,29
MES_proxy_risk_150,2,20,2026-05-01,2026-05-29,unfinished,2026-05-29,-32.22,19,0,5,1326.82,335.06,3000.0,20,29
MES_proxy_risk_150,2,20,2026-05-04,2026-06-01,unfinished,2026-06-01,147.75,18,0,5,1326.82,387.65,3000.0,20,29
MES_proxy_risk_150,2,20,2026-05-05,2026-06-02,unfinished,2026-06-02,129.03,18,0,5,1315.72,387.65,3000.0,20,29
MES_proxy_risk_150,2,20,2026-05-06,2026-06-03,unfinished,2026-06-03,150.19,18,0,5,1193.28,387.65,3000.0,20,29
MES_proxy_risk_150,2,20,2026-05-07,2026-06-04,unfinished,2026-06-04,188.91,18,0,5,1085.84,387.65,3000.0,20,29
MES_proxy_risk_150,2,20,2026-05-08,2026-06-05,unfinished,2026-06-05,-268.71,18,0,5,1015.87,335.06,3000.0,20,29
MES_proxy_risk_150,2,20,2026-05-11,2026-06-08,unfinished,2026-06-08,-351.18,19,0,5,933.4,335.06,3000.0,20,29
MES_proxy_risk_150,2,20,2026-05-12,2026-06-09,unfinished,2026-06-09,-89.96,19,0,5,913.43,335.06,3000.0,20,29
MES_proxy_risk_150,2,20,2026-05-13,2026-06-10,unfinished,2026-06-10,52.45,18,1,5,913.43,335.06,3000.0,20,29
MES_proxy_risk_150,2,20,2026-05-14,2026-06-11,unfinished,2026-06-11,-32.58,18,1,5,913.43,335.06,3000.0,20,29
MES_proxy_risk_150,2,20,2026-05-15,2026-06-12,unfinished,2026-06-12,79.86,17,2,5,913.43,335.06,3000.0,20,29
MES_proxy_risk_150,2,20,2026-05-18,2026-06-15,unfinished,2026-06-15,-137.61,17,2,5,913.43,335.06,3000.0,20,29
MES_proxy_risk_150,2,20,2026-05-19,2026-06-16,unfinished,2026-06-16,-562.58,17,2,5,913.43,335.06,3000.0,20,29
MES_proxy_risk_150,2,20,2026-05-20,2026-06-17,unfinished,2026-06-17,-980.08,17,2,5,913.43,212.53,3000.0,20,29
MES_proxy_risk_150,2,20,2026-05-21,2026-06-18,unfinished,2026-06-18,-617.52,17,1,5,1018.37,381.28,3000.0,20,29
MES_proxy_risk_150,2,20,2026-05-22,2026-06-22,unfinished,2026-06-22,-433.83,17,0,5,1130.72,381.28,3000.0,20,32
MES_proxy_risk_150,2,20,2026-05-26,2026-06-23,unfinished,2026-06-23,-535.11,17,0,5,1130.72,381.28,3000.0,20,29
MES_proxy_risk_150,2,20,2026-05-27,2026-06-24,unfinished,2026-06-24,-552.64,17,0,5,1191.91,381.28,3000.0,20,29
MES_proxy_risk_150,2,20,2026-05-28,2026-06-25,unfinished,2026-06-25,-367.64,17,0,5,1291.64,425.06,3000.0,20,29
MES_proxy_risk_150,2,20,2026-05-29,2026-06-26,unfinished,2026-06-26,-232.76,16,0,5,1291.64,425.06,3000.0,20,29
MES_proxy_risk_150,2,20,2026-06-01,2026-06-29,unfinished,2026-06-29,-16.54,16,0,5,1234.17,425.06,3000.0,20,29
MES_proxy_risk_150,2,20,2026-06-02,2026-06-30,unfinished,2026-06-30,-16.54,16,0,5,1234.17,425.06,3000.0,20,29
MES_proxy_risk_150,2,20,2026-06-03,2026-07-01,unfinished,2026-07-01,127.06,15,0,4,1234.17,425.06,3000.0,20,29
MES_proxy_risk_150,2,20,2026-06-04,2026-07-02,unfinished,2026-07-02,488.28,15,0,4,1234.17,425.06,3000.0,20,29
MES_proxy_risk_150,2,20,2026-06-05,2026-07-06,unfinished,2026-07-06,485.78,15,0,4,1234.17,425.06,3000.0,20,32
MES_proxy_risk_150,2,20,2026-06-08,2026-07-07,unfinished,2026-07-07,625.72,14,0,4,1234.17,425.06,3000.0,20,30
MES_proxy_risk_150,2,20,2026-06-09,2026-07-08,unfinished,2026-07-08,593.25,14,0,4,1234.17,425.06,3000.0,20,30
MES_proxy_risk_150,2,20,2026-06-10,2026-07-09,unfinished,2026-07-09,204.47,14,0,4,1234.17,425.06,3000.0,20,30
MES_proxy_risk_150,2,20,2026-06-11,2026-07-10,unfinished,2026-07-10,207.03,14,0,4,1234.17,425.06,3000.0,20,30
MES_proxy_risk_150,2,20,2026-06-12,2026-07-13,unfinished,2026-07-13,-345.44,14,0,4,1234.17,381.28,3000.0,20,32
MES_proxy_risk_150,2,20,2026-06-15,2026-07-14,unfinished,2026-07-14,-406.66,14,0,4,1234.17,320.06,3000.0,20,30
MES_proxy_risk_150,2,20,2026-06-16,2026-07-15,unfinished,2026-07-15,-384.16,14,0,4,1376.58,320.06,3000.0,20,30
MES_proxy_risk_150,2,20,2026-06-17,2026-07-16,unfinished,2026-07-16,-374.22,14,0,3,1444.14,320.06,3000.0,20,30
MES_proxy_risk_150,2,20,2026-06-18,2026-07-17,unfinished,2026-07-17,-250.56,13,0,3,1444.14,320.06,3000.0,20,30
MES_proxy_risk_150,2,20,2026-06-22,2026-07-20,unfinished,2026-07-20,-250.56,13,0,3,1444.14,320.06,3000.0,20,29
MES_proxy_risk_150,2,20,2026-06-23,2026-07-21,unfinished,2026-07-21,-383.0,14,0,3,1389.35,320.06,3000.0,20,29
MES_proxy_risk_150,2,20,2026-06-24,2026-07-22,unfinished,2026-07-22,-415.44,14,0,3,1273.19,320.06,3000.0,20,29
MES_proxy_risk_150,2,20,2026-06-25,2026-07-23,unfinished,2026-07-23,-336.72,13,0,3,1273.19,320.06,3000.0,20,29
MES_proxy_risk_150,2,20,2026-06-26,2026-07-24,unfinished,2026-07-24,-305.41,13,0,3,1164.53,320.06,3000.0,20,29
MES_proxy_risk_150,2,20,2026-06-29,2026-07-27,unfinished,2026-07-27,-305.41,13,0,3,1164.53,320.06,3000.0,20,29
MES_proxy_risk_150,2,20,2026-06-30,2026-07-28,unfinished,2026-07-28,-674.16,13,0,3,1087.06,320.06,3000.0,20,29
MES_proxy_risk_150,2,20,2026-07-01,2026-07-29,unfinished,2026-07-29,-674.16,13,0,3,1087.06,320.06,3000.0,20,29
MES_proxy_risk_150,2,20,2026-07-02,2026-07-30,unfinished,2026-07-30,-732.88,14,0,3,1028.34,320.06,3000.0,20,29
MES_proxy_risk_150,2,20,2026-07-06,2026-07-31,unfinished,2026-07-31,-1065.38,14,0,3,934.62,320.06,3000.0,20,26
MES_proxy_risk_150,2,60,2025-12-01,2026-02-27,unfinished,2026-02-27,-986.88,44,1,6,972.45,412.59,3000.0,60,89
MES_proxy_risk_150,2,60,2025-12-02,2026-03-02,unfinished,2026-03-02,-986.88,44,2,6,972.45,412.59,3000.0,60,91
MES_proxy_risk_150,2,60,2025-12-03,2026-03-03,unfinished,2026-03-03,-923.19,43,3,6,972.45,412.59,3000.0,60,91
MES_proxy_risk_150,2,60,2025-12-04,2026-03-04,unfinished,2026-03-04,-579.47,43,3,6,944.98,412.59,3000.0,60,91
MES_proxy_risk_150,2,60,2025-12-05,2026-03-05,unfinished,2026-03-05,-239.53,43,3,6,944.98,412.59,3000.0,60,91
MES_proxy_risk_150,2,60,2025-12-08,2026-03-06,unfinished,2026-03-06,4.13,43,3,6,944.98,412.59,3000.0,60,89
MES_proxy_risk_150,2,60,2025-12-09,2026-03-09,unfinished,2026-03-09,302.91,44,3,6,944.98,412.59,3000.0,60,91
MES_proxy_risk_150,2,60,2025-12-10,2026-03-10,unfinished,2026-03-10,680.32,44,3,6,944.98,412.59,3000.0,60,91
MES_proxy_risk_150,2,60,2025-12-11,2026-03-11,unfinished,2026-03-11,1226.6,44,3,6,944.98,412.59,3000.0,60,91
MES_proxy_risk_150,2,60,2025-12-12,2026-03-12,unfinished,2026-03-12,769.1,44,3,6,944.98,412.59,3000.0,60,91
MES_proxy_risk_150,2,60,2025-12-15,2026-03-13,unfinished,2026-03-13,996.63,45,3,6,944.98,412.59,3000.0,60,89
MES_proxy_risk_150,2,60,2025-12-16,2026-03-16,unfinished,2026-03-16,1006.63,45,3,6,944.98,412.59,3000.0,60,91
MES_proxy_risk_150,2,60,2025-12-17,2026-03-17,unfinished,2026-03-17,961.63,45,3,6,944.98,412.59,3000.0,60,91
MES_proxy_risk_150,2,60,2025-12-18,2026-03-18,unfinished,2026-03-18,952.91,45,3,6,944.98,412.59,3000.0,60,91
MES_proxy_risk_150,2,60,2025-12-19,2026-03-19,unfinished,2026-03-19,817.97,46,3,6,944.98,412.59,3000.0,60,91
MES_proxy_risk_150,2,60,2025-12-22,2026-03-20,unfinished,2026-03-20,897.94,45,3,6,944.98,412.59,3000.0,60,89
MES_proxy_risk_150,2,60,2025-12-23,2026-03-23,unfinished,2026-03-23,530.38,45,3,6,944.98,412.59,3000.0,60,91
MES_proxy_risk_150,2,60,2025-12-26,2026-03-24,unfinished,2026-03-24,552.85,45,3,6,944.98,412.59,3000.0,60,89
MES_proxy_risk_150,2,60,2025-12-29,2026-03-25,unfinished,2026-03-25,541.57,45,3,6,944.98,412.59,3000.0,60,87
MES_proxy_risk_150,2,60,2025-12-30,2026-03-26,unfinished,2026-03-26,1009.07,45,3,6,944.98,412.59,3000.0,60,87
MES_proxy_risk_150,2,60,2025-12-31,2026-03-27,unfinished,2026-03-27,1073.92,45,3,5,944.98,412.59,3000.0,60,87
MES_proxy_risk_150,2,60,2026-01-02,2026-03-30,unfinished,2026-03-30,1125.11,45,3,5,944.98,412.59,3000.0,60,88
MES_proxy_risk_150,2,60,2026-01-05,2026-03-31,unfinished,2026-03-31,692.61,45,3,5,944.98,412.59,3000.0,60,86
MES_proxy_risk_150,2,60,2026-01-06,2026-04-01,unfinished,2026-04-01,692.61,45,3,5,944.98,412.59,3000.0,60,86
MES_proxy_risk_150,2,60,2026-01-07,2026-04-02,unfinished,2026-04-02,823.71,44,3,4,944.98,412.59,3000.0,60,86
MES_proxy_risk_150,2,60,2026-01-08,2026-04-06,unfinished,2026-04-06,368.65,44,3,4,944.98,412.59,3000.0,60,89
MES_proxy_risk_150,2,60,2026-01-09,2026-04-07,unfinished,2026-04-07,437.34,44,3,4,944.98,412.59,3000.0,60,89
MES_proxy_risk_150,2,60,2026-01-12,2026-04-08,unfinished,2026-04-08,24.75,43,3,4,944.98,400.12,3000.0,60,87
MES_proxy_risk_150,2,60,2026-01-13,2026-04-09,unfinished,2026-04-09,-6.26,46,0,4,1022.63,417.56,3000.0,60,87
MES_proxy_risk_150,2,60,2026-01-14,2026-04-10,unfinished,2026-04-10,51.18,46,0,4,1030.6,417.56,3000.0,60,87
MES_proxy_risk_150,2,60,2026-01-15,2026-04-13,unfinished,2026-04-13,178.62,45,0,4,1030.6,417.56,3000.0,60,89
MES_proxy_risk_150,2,60,2026-01-16,2026-04-14,unfinished,2026-04-14,313.5,44,0,4,1030.6,417.56,3000.0,60,89
MES_proxy_risk_150,2,60,2026-01-20,2026-04-15,unfinished,2026-04-15,257.28,45,0,4,1030.6,417.56,3000.0,60,86
MES_proxy_risk_150,2,60,2026-01-21,2026-04-16,unfinished,2026-04-16,241.06,45,0,4,948.31,417.56,3000.0,60,86
MES_proxy_risk_150,2,60,2026-01-22,2026-04-17,unfinished,2026-04-17,241.06,45,0,4,948.31,417.56,3000.0,60,86
MES_proxy_risk_150,2,60,2026-01-23,2026-04-20,unfinished,2026-04-20,668.56,45,0,4,948.31,417.56,3000.0,60,88
MES_proxy_risk_150,2,60,2026-01-26,2026-04-21,unfinished,2026-04-21,1174.81,45,0,4,948.31,417.56,3000.0,60,86
MES_proxy_risk_150,2,60,2026-01-27,2026-04-22,unfinished,2026-04-22,1174.87,45,0,4,948.31,417.56,3000.0,60,86
MES_proxy_risk_150,2,60,2026-01-28,2026-04-23,unfinished,2026-04-23,1058.71,46,0,4,948.31,417.56,3000.0,60,86
MES_proxy_risk_150,2,60,2026-01-29,2026-04-24,unfinished,2026-04-24,1415.05,47,0,4,948.31,417.56,3000.0,60,86
MES_proxy_risk_150,2,60,2026-01-30,2026-04-27,unfinished,2026-04-27,1861.36,47,0,4,948.31,417.56,3000.0,60,88
MES_proxy_risk_150,2,60,2026-02-02,2026-04-28,unfinished,2026-04-28,1381.36,47,0,4,948.31,417.56,3000.0,60,86
MES_proxy_risk_150,2,60,2026-02-03,2026-04-29,unfinished,2026-04-29,1838.95,47,0,4,948.31,417.56,3000.0,60,86
MES_proxy_risk_150,2,60,2026-02-04,2026-04-30,unfinished,2026-04-30,2092.73,48,0,4,948.31,417.56,3000.0,60,86
MES_proxy_risk_150,2,60,2026-02-05,2026-05-01,unfinished,2026-05-01,1647.73,48,0,4,948.31,417.56,3000.0,60,86
MES_proxy_risk_150,2,60,2026-02-06,2026-05-04,unfinished,2026-05-04,1536.63,48,0,4,948.31,417.56,3000.0,60,88
MES_proxy_risk_150,2,60,2026-02-09,2026-05-05,unfinished,2026-05-05,1515.5,48,0,5,948.31,417.56,3000.0,60,86
MES_proxy_risk_150,2,60,2026-02-10,2026-05-06,unfinished,2026-05-06,1369.34,49,0,5,948.31,417.56,3000.0,60,86
MES_proxy_risk_150,2,60,2026-02-11,2026-05-07,unfinished,2026-05-07,1794.4,49,0,5,948.31,417.56,3000.0,60,86
MES_proxy_risk_150,2,60,2026-02-12,2026-05-08,unfinished,2026-05-08,1794.4,49,0,5,948.31,417.56,3000.0,60,86
MES_proxy_risk_150,2,60,2026-02-13,2026-05-11,unfinished,2026-05-11,1689.46,50,0,5,948.31,417.56,3000.0,60,88
MES_proxy_risk_150,2,60,2026-02-17,2026-05-12,unfinished,2026-05-12,1755.8,50,0,5,948.31,417.56,3000.0,60,85
MES_proxy_risk_150,2,60,2026-02-18,2026-05-13,unfinished,2026-05-13,1558.27,50,0,5,948.31,400.12,3000.0,60,85
MES_proxy_risk_150,2,60,2026-02-19,2026-05-14,unfinished,2026-05-14,1445.83,51,0,5,948.31,400.12,3000.0,60,85
MES_proxy_risk_150,2,60,2026-02-20,2026-05-15,unfinished,2026-05-15,1965.86,51,0,5,948.31,400.12,3000.0,60,85
MES_proxy_risk_150,2,60,2026-02-23,2026-05-18,unfinished,2026-05-18,2382.14,51,0,5,948.31,400.12,3000.0,60,85
MES_proxy_risk_150,2,60,2026-02-24,2026-05-19,unfinished,2026-05-19,2854.64,51,0,5,948.31,400.12,3000.0,60,85
MES_proxy_risk_150,2,60,2026-02-25,2026-05-20,unfinished,2026-05-20,2864.67,51,0,5,948.31,400.12,3000.0,60,85
MES_proxy_risk_150,2,60,2026-02-26,2026-05-21,passed_numeric_rules,2026-05-19,3119.49,49,0,5,948.31,400.12,3000.0,58,83
MES_proxy_risk_150,2,60,2026-02-27,2026-05-22,passed_numeric_rules,2026-05-19,3119.49,49,0,5,948.31,400.12,3000.0,57,82
MES_proxy_risk_150,2,60,2026-03-02,2026-05-26,passed_numeric_rules,2026-05-19,3256.93,48,0,5,948.31,400.12,3000.0,56,79
MES_proxy_risk_150,2,60,2026-03-03,2026-05-27,passed_numeric_rules,2026-05-18,3036.84,46,0,5,948.31,400.12,3000.0,54,77
MES_proxy_risk_150,2,60,2026-03-04,2026-05-28,passed_numeric_rules,2026-05-18,3140.56,45,0,5,948.31,400.12,3000.0,53,76
MES_proxy_risk_150,2,60,2026-03-05,2026-05-29,passed_numeric_rules,2026-05-19,3214.34,45,0,5,948.31,400.12,3000.0,53,76
MES_proxy_risk_150,2,60,2026-03-06,2026-06-01,unfinished,2026-06-01,2278.6,51,0,5,948.31,400.12,3000.0,60,88
MES_proxy_risk_150,2,60,2026-03-09,2026-06-02,unfinished,2026-06-02,2031.22,51,0,5,948.31,400.12,3000.0,60,86
MES_proxy_risk_150,2,60,2026-03-10,2026-06-03,unfinished,2026-06-03,1532.47,51,0,5,948.31,400.12,3000.0,60,86
MES_proxy_risk_150,2,60,2026-03-11,2026-06-04,unfinished,2026-06-04,1197.5,51,0,5,948.31,400.12,3000.0,60,86
MES_proxy_risk_150,2,60,2026-03-12,2026-06-05,unfinished,2026-06-05,727.41,51,0,5,948.31,378.84,3000.0,60,86
MES_proxy_risk_150,2,60,2026-03-13,2026-06-08,unfinished,2026-06-08,791.1,51,0,5,933.4,378.84,3000.0,60,88
MES_proxy_risk_150,2,60,2026-03-16,2026-06-09,unfinished,2026-06-09,719.85,51,0,5,913.43,378.84,3000.0,60,86
MES_proxy_risk_150,2,60,2026-03-17,2026-06-10,unfinished,2026-06-10,832.29,50,1,5,913.43,378.84,3000.0,60,86
MES_proxy_risk_150,2,60,2026-03-18,2026-06-11,unfinished,2026-06-11,732.26,50,1,5,913.43,378.84,3000.0,60,86
MES_proxy_risk_150,2,60,2026-03-19,2026-06-12,unfinished,2026-06-12,755.98,49,2,5,913.43,378.84,3000.0,60,86
MES_proxy_risk_150,2,60,2026-03-20,2026-06-15,unfinished,2026-06-15,739.76,49,2,5,913.43,378.84,3000.0,60,88
MES_proxy_risk_150,2,60,2026-03-23,2026-06-16,unfinished,2026-06-16,634.85,50,2,5,913.43,378.84,3000.0,60,86
MES_proxy_risk_150,2,60,2026-03-24,2026-06-17,unfinished,2026-06-17,646.13,50,2,5,913.43,378.84,3000.0,60,86
MES_proxy_risk_150,2,60,2026-03-25,2026-06-18,unfinished,2026-06-18,731.1,49,2,5,913.43,378.84,3000.0,60,86
MES_proxy_risk_150,2,60,2026-03-26,2026-06-22,unfinished,2026-06-22,858.54,48,2,5,913.43,378.84,3000.0,60,89
MES_proxy_risk_150,2,60,2026-03-27,2026-06-23,unfinished,2026-06-23,417.26,48,2,5,913.43,378.84,3000.0,60,89
MES_proxy_risk_150,2,60,2026-03-30,2026-06-24,unfinished,2026-06-24,379.79,48,2,5,857.48,378.84,3000.0,60,87
MES_proxy_risk_150,2,60,2026-03-31,2026-06-25,unfinished,2026-06-25,567.29,47,3,5,857.48,378.84,3000.0,60,87
MES_proxy_risk_150,2,60,2026-04-01,2026-06-26,unfinished,2026-06-26,687.23,46,3,5,857.48,378.84,3000.0,60,87
MES_proxy_risk_150,2,60,2026-04-02,2026-06-29,unfinished,2026-06-29,687.23,46,4,5,857.48,378.84,3000.0,60,89
MES_proxy_risk_150,2,60,2026-04-06,2026-06-30,unfinished,2026-06-30,687.23,46,4,5,857.48,378.84,3000.0,60,86
MES_proxy_risk_150,2,60,2026-04-07,2026-07-01,unfinished,2026-07-01,1454.85,47,2,5,961.9,381.28,3000.0,60,86
MES_proxy_risk_150,2,60,2026-04-08,2026-07-02,unfinished,2026-07-02,1874.88,48,1,5,1089.37,381.28,3000.0,60,86
MES_proxy_risk_150,2,60,2026-04-09,2026-07-06,unfinished,2026-07-06,1764.94,49,1,5,1089.37,381.28,3000.0,60,89
MES_proxy_risk_150,2,60,2026-04-10,2026-07-07,unfinished,2026-07-07,1699.88,49,0,5,1164.28,381.28,3000.0,60,89
MES_proxy_risk_150,2,60,2026-04-13,2026-07-08,unfinished,2026-07-08,1921.13,49,0,5,1287.94,425.06,3000.0,60,87
MES_proxy_risk_150,2,60,2026-04-14,2026-07-09,unfinished,2026-07-09,1844.91,50,0,5,1287.94,425.06,3000.0,60,87
MES_proxy_risk_150,2,60,2026-04-15,2026-07-10,unfinished,2026-07-10,1725.0,51,0,5,1287.94,425.06,3000.0,60,87
MES_proxy_risk_150,2,60,2026-04-16,2026-07-13,unfinished,2026-07-13,1787.56,51,0,5,1420.25,425.06,3000.0,60,89
MES_proxy_risk_150,2,60,2026-04-17,2026-07-14,unfinished,2026-07-14,1672.38,50,1,5,1115.23,381.28,3000.0,60,89
MES_proxy_risk_150,2,60,2026-04-20,2026-07-15,unfinished,2026-07-15,1552.47,51,1,5,1115.23,381.28,3000.0,60,87
MES_proxy_risk_150,2,60,2026-04-21,2026-07-16,unfinished,2026-07-16,651.96,48,4,5,781.47,378.84,3000.0,60,87
MES_proxy_risk_150,2,60,2026-04-22,2026-07-17,unfinished,2026-07-17,273.12,47,4,5,781.47,370.12,3000.0,60,87
MES_proxy_risk_150,2,60,2026-04-23,2026-07-20,unfinished,2026-07-20,403.0,46,4,5,781.47,370.12,3000.0,60,89
MES_proxy_risk_150,2,60,2026-04-24,2026-07-21,unfinished,2026-07-21,452.94,46,4,5,734.09,370.12,3000.0,60,89
MES_proxy_risk_150,2,60,2026-04-27,2026-07-22,unfinished,2026-07-22,57.88,46,4,5,695.37,370.12,3000.0,60,87
MES_proxy_risk_150,2,60,2026-04-28,2026-07-23,unfinished,2026-07-23,-287.21,45,4,5,695.37,370.12,3000.0,60,87
MES_proxy_risk_150,2,60,2026-04-29,2026-07-24,unfinished,2026-07-24,-208.49,45,4,5,659.15,370.12,3000.0,60,87
MES_proxy_risk_150,2,60,2026-04-30,2026-07-27,unfinished,2026-07-27,-578.61,44,4,5,659.15,335.06,3000.0,60,89
MES_proxy_risk_150,2,60,2026-05-01,2026-07-28,unfinished,2026-07-28,-832.39,43,5,5,659.15,335.06,3000.0,60,89
MES_proxy_risk_150,2,60,2026-05-04,2026-07-29,unfinished,2026-07-29,-652.42,42,5,5,659.15,387.65,3000.0,60,87
MES_proxy_risk_150,2,60,2026-05-05,2026-07-30,unfinished,2026-07-30,-586.26,42,5,5,600.43,387.65,3000.0,60,87
MES_proxy_risk_150,2,60,2026-05-06,2026-07-31,unfinished,2026-07-31,-442.66,41,6,5,600.43,387.65,3000.0,60,87
MES_proxy_risk_200,2,20,2025-12-01,2025-12-30,unfinished,2025-12-30,-1046.24,16,0,5,953.76,207.56,3000.0,20,30
MES_proxy_risk_200,2,20,2025-12-02,2025-12-31,unfinished,2025-12-31,-1094.96,17,0,5,905.04,207.56,3000.0,20,30
MES_proxy_risk_200,2,20,2025-12-03,2026-01-02,unfinished,2026-01-02,-503.53,17,0,5,1101.47,357.56,3000.0,20,31
MES_proxy_risk_200,2,20,2025-12-04,2026-01-05,unfinished,2026-01-05,-483.53,16,0,6,1121.47,357.56,3000.0,20,33
MES_proxy_risk_200,2,20,2025-12-05,2026-01-06,unfinished,2026-01-06,-550.94,16,0,6,1170.81,357.56,3000.0,20,33
MES_proxy_risk_200,2,20,2025-12-08,2026-01-07,unfinished,2026-01-07,15.34,16,0,6,1170.81,415.12,3000.0,20,31
MES_proxy_risk_200,2,20,2025-12-09,2026-01-08,unfinished,2026-01-08,-127.07,17,0,6,1170.81,415.12,3000.0,20,31
MES_proxy_risk_200,2,20,2025-12-10,2026-01-09,unfinished,2026-01-09,424.15,17,0,6,1170.81,415.12,3000.0,20,31
MES_proxy_risk_200,2,20,2025-12-11,2026-01-12,unfinished,2026-01-12,580.37,17,0,6,1170.81,518.9,3000.0,20,33
MES_proxy_risk_200,2,20,2025-12-12,2026-01-13,unfinished,2026-01-13,-113.38,17,0,6,1170.81,412.59,3000.0,20,33
MES_proxy_risk_200,2,20,2025-12-15,2026-01-14,unfinished,2026-01-14,-240.82,18,0,6,1170.81,412.59,3000.0,20,31
MES_proxy_risk_200,2,20,2025-12-16,2026-01-15,unfinished,2026-01-15,-13.26,18,0,6,1170.81,536.34,3000.0,20,31
MES_proxy_risk_200,2,20,2025-12-17,2026-01-16,unfinished,2026-01-16,-549.6,17,0,6,1170.81,412.59,3000.0,20,31
MES_proxy_risk_200,2,20,2025-12-18,2026-01-20,unfinished,2026-01-20,-62.04,17,0,6,1196.85,412.59,3000.0,20,34
MES_proxy_risk_200,2,20,2025-12-19,2026-01-21,unfinished,2026-01-21,-62.04,17,0,6,1196.85,412.59,3000.0,20,34
MES_proxy_risk_200,2,20,2025-12-22,2026-01-22,unfinished,2026-01-22,-52.01,17,0,6,1196.85,412.59,3000.0,20,32
MES_proxy_risk_200,2,20,2025-12-23,2026-01-23,unfinished,2026-01-23,-544.54,17,0,6,1196.85,412.59,3000.0,20,32
MES_proxy_risk_200,2,20,2025-12-26,2026-01-26,unfinished,2026-01-26,-600.76,17,0,6,1270.57,412.59,3000.0,20,32
MES_proxy_risk_200,2,20,2025-12-29,2026-01-27,unfinished,2026-01-27,-423.29,16,0,7,1295.69,412.59,3000.0,20,30
MES_proxy_risk_200,2,20,2025-12-30,2026-01-28,unfinished,2026-01-28,-282.1,15,0,8,1295.69,412.59,3000.0,20,30
MES_proxy_risk_200,2,20,2025-12-31,2026-01-29,unfinished,2026-01-29,-86.0,15,0,7,1194.47,468.84,3000.0,20,30
MES_proxy_risk_200,2,20,2026-01-02,2026-01-30,unfinished,2026-01-30,291.41,15,0,7,1183.25,468.84,3000.0,20,29
MES_proxy_risk_200,2,20,2026-01-05,2026-02-02,unfinished,2026-02-02,-264.9,15,0,7,1183.25,412.59,3000.0,20,29
MES_proxy_risk_200,2,20,2026-01-06,2026-02-03,unfinished,2026-02-03,-264.9,15,0,7,1183.25,412.59,3000.0,20,29
MES_proxy_risk_200,2,20,2026-01-07,2026-02-04,unfinished,2026-02-04,342.48,15,0,6,1183.25,487.68,3000.0,20,29
MES_proxy_risk_200,2,20,2026-01-08,2026-02-05,unfinished,2026-02-05,-265.17,15,0,5,1183.25,412.59,3000.0,20,29
MES_proxy_risk_200,2,20,2026-01-09,2026-02-06,unfinished,2026-02-06,-60.23,15,0,5,1183.25,550.12,3000.0,20,29
MES_proxy_risk_200,2,20,2026-01-12,2026-02-09,unfinished,2026-02-09,-610.35,14,0,5,1183.25,342.56,3000.0,20,29
MES_proxy_risk_200,2,20,2026-01-13,2026-02-10,unfinished,2026-02-10,-434.04,14,0,5,1280.75,365.06,3000.0,20,29
MES_proxy_risk_200,2,20,2026-01-14,2026-02-11,unfinished,2026-02-11,-361.54,13,0,5,1376.64,423.84,3000.0,20,29
MES_proxy_risk_200,2,20,2026-01-15,2026-02-12,unfinished,2026-02-12,-170.38,12,0,5,1376.64,423.84,3000.0,20,29
MES_proxy_risk_200,2,20,2026-01-16,2026-02-13,unfinished,2026-02-13,-133.0,12,0,4,1376.64,423.84,3000.0,20,29
MES_proxy_risk_200,2,20,2026-01-20,2026-02-17,unfinished,2026-02-17,75.78,13,0,4,1376.64,423.84,3000.0,20,29
MES_proxy_risk_200,2,20,2026-01-21,2026-02-18,unfinished,2026-02-18,-348.06,12,0,4,1376.64,365.06,3000.0,20,29
MES_proxy_risk_200,2,20,2026-01-22,2026-02-19,unfinished,2026-02-19,-470.5,13,0,4,1376.64,365.06,3000.0,20,29
MES_proxy_risk_200,2,20,2026-01-23,2026-02-20,unfinished,2026-02-20,-424.31,13,0,4,1390.21,365.06,3000.0,20,29
MES_proxy_risk_200,2,20,2026-01-26,2026-02-23,unfinished,2026-02-23,-456.84,13,0,3,1306.61,365.06,3000.0,20,29
MES_proxy_risk_200,2,20,2026-01-27,2026-02-24,unfinished,2026-02-24,-376.9,13,0,3,1191.64,365.06,3000.0,20,29
MES_proxy_risk_200,2,20,2026-01-28,2026-02-25,unfinished,2026-02-25,-489.31,14,0,3,1079.23,365.06,3000.0,20,29
MES_proxy_risk_200,2,20,2026-01-29,2026-02-26,unfinished,2026-02-26,-489.31,14,0,3,1079.23,365.06,3000.0,20,29
MES_proxy_risk_200,2,20,2026-01-30,2026-02-27,unfinished,2026-02-27,-274.28,14,0,3,1010.51,547.59,3000.0,20,29
MES_proxy_risk_200,2,20,2026-02-02,2026-03-02,unfinished,2026-03-02,-821.87,13,1,3,1010.51,342.56,3000.0,20,29
MES_proxy_risk_200,2,20,2026-02-03,2026-03-03,unfinished,2026-03-03,-475.65,12,2,3,1010.51,513.84,3000.0,20,29
MES_proxy_risk_200,2,20,2026-02-04,2026-03-04,unfinished,2026-03-04,-214.37,13,2,3,983.04,513.84,3000.0,20,29
MES_proxy_risk_200,2,20,2026-02-05,2026-03-05,unfinished,2026-03-05,-530.68,13,2,3,983.04,261.28,3000.0,20,29
MES_proxy_risk_200,2,20,2026-02-06,2026-03-06,unfinished,2026-03-06,-378.06,15,0,3,1031.88,417.56,3000.0,20,29
MES_proxy_risk_200,2,20,2026-02-09,2026-03-09,unfinished,2026-03-09,43.19,15,0,3,1040.42,417.56,3000.0,20,29
MES_proxy_risk_200,2,20,2026-02-10,2026-03-10,unfinished,2026-03-10,498.25,16,0,3,1040.42,455.06,3000.0,20,29
MES_proxy_risk_200,2,20,2026-02-11,2026-03-11,unfinished,2026-03-11,1170.81,16,0,5,1040.42,500.15,3000.0,20,29
MES_proxy_risk_200,2,20,2026-02-12,2026-03-12,unfinished,2026-03-12,975.93,17,0,5,1040.42,500.15,3000.0,20,29
MES_proxy_risk_200,2,20,2026-02-13,2026-03-13,unfinished,2026-03-13,1430.99,18,0,5,1040.42,500.15,3000.0,20,29
MES_proxy_risk_200,2,20,2026-02-17,2026-03-16,unfinished,2026-03-16,1393.55,18,0,5,1040.42,500.15,3000.0,20,28
MES_proxy_risk_200,2,20,2026-02-18,2026-03-17,unfinished,2026-03-17,1444.83,18,0,5,1040.42,500.15,3000.0,20,28
MES_proxy_risk_200,2,20,2026-02-19,2026-03-18,unfinished,2026-03-18,1259.95,19,0,5,1040.42,500.15,3000.0,20,28
MES_proxy_risk_200,2,20,2026-02-20,2026-03-19,unfinished,2026-03-19,1106.26,19,0,5,1021.67,500.15,3000.0,20,28
MES_proxy_risk_200,2,20,2026-02-23,2026-03-20,unfinished,2026-03-20,1496.23,18,0,5,1214.11,500.15,3000.0,20,26
MES_proxy_risk_200,2,20,2026-02-24,2026-03-23,unfinished,2026-03-23,1606.26,18,0,5,1314.08,500.15,3000.0,20,28
MES_proxy_risk_200,2,20,2026-02-25,2026-03-24,unfinished,2026-03-24,1551.29,18,0,5,1429.05,500.15,3000.0,20,28
MES_proxy_risk_200,2,20,2026-02-26,2026-03-25,unfinished,2026-03-25,1517.48,18,0,5,1517.48,500.15,3000.0,20,28
MES_proxy_risk_200,2,20,2026-02-27,2026-03-26,unfinished,2026-03-26,1875.04,19,0,5,1485.04,500.15,3000.0,20,28
MES_proxy_risk_200,2,20,2026-03-02,2026-03-27,unfinished,2026-03-27,1857.54,19,0,5,1622.48,500.15,3000.0,20,26
MES_proxy_risk_200,2,20,2026-03-03,2026-03-30,unfinished,2026-03-30,2158.91,19,0,5,1841.34,536.34,3000.0,20,28
MES_proxy_risk_200,2,20,2026-03-04,2026-03-31,unfinished,2026-03-31,2082.72,19,0,5,1912.65,536.34,3000.0,20,28
MES_proxy_risk_200,2,20,2026-03-05,2026-04-01,unfinished,2026-04-01,1600.04,18,0,5,1579.89,500.15,3000.0,20,28
MES_proxy_risk_200,2,20,2026-03-06,2026-04-02,unfinished,2026-04-02,1383.67,17,0,5,1363.52,500.15,3000.0,20,28
MES_proxy_risk_200,2,20,2026-03-09,2026-04-06,unfinished,2026-04-06,1046.17,17,0,5,1231.82,500.15,3000.0,20,29
MES_proxy_risk_200,2,20,2026-03-10,2026-04-07,unfinished,2026-04-07,673.67,17,0,5,1158.1,500.15,3000.0,20,29
MES_proxy_risk_200,2,20,2026-03-11,2026-04-08,unfinished,2026-04-08,218.61,16,0,5,1158.1,500.15,3000.0,20,29
MES_proxy_risk_200,2,20,2026-03-12,2026-04-09,unfinished,2026-04-09,-390.2,16,0,4,1049.44,468.84,3000.0,20,29
MES_proxy_risk_200,2,20,2026-03-13,2026-04-10,unfinished,2026-04-10,-277.76,16,0,4,967.0,468.84,3000.0,20,29
MES_proxy_risk_200,2,20,2026-03-16,2026-04-13,unfinished,2026-04-13,-732.82,15,0,4,967.0,468.84,3000.0,20,29
MES_proxy_risk_200,2,20,2026-03-17,2026-04-14,unfinished,2026-04-14,-564.16,14,0,4,967.0,468.84,3000.0,20,29
MES_proxy_risk_200,2,20,2026-03-18,2026-04-15,unfinished,2026-04-15,-1089.22,14,0,4,910.78,357.56,3000.0,20,29
MES_proxy_risk_200,2,20,2026-03-19,2026-04-16,unfinished,2026-04-16,-811.75,14,0,3,953.25,357.56,3000.0,20,29
MES_proxy_risk_200,2,20,2026-03-20,2026-04-17,unfinished,2026-04-17,-681.75,13,0,3,965.75,357.56,3000.0,20,29
MES_proxy_risk_200,2,20,2026-03-23,2026-04-20,unfinished,2026-04-20,-404.16,14,0,3,965.75,357.56,3000.0,20,29
MES_proxy_risk_200,2,20,2026-03-24,2026-04-21,unfinished,2026-04-21,47.18,14,0,3,978.07,378.84,3000.0,20,29
MES_proxy_risk_200,2,20,2026-03-25,2026-04-22,unfinished,2026-04-22,-41.42,14,0,6,978.07,378.84,3000.0,20,29
MES_proxy_risk_200,2,20,2026-03-26,2026-04-23,unfinished,2026-04-23,173.64,14,0,6,978.07,536.34,3000.0,20,29
MES_proxy_risk_200,2,20,2026-03-27,2026-04-24,unfinished,2026-04-24,-6.36,14,0,6,978.07,378.84,3000.0,20,29
MES_proxy_risk_200,2,20,2026-03-30,2026-04-27,unfinished,2026-04-27,453.76,14,0,6,978.07,460.12,3000.0,20,29
MES_proxy_risk_200,2,20,2026-03-31,2026-04-28,unfinished,2026-04-28,471.38,14,0,6,1075.57,460.12,3000.0,20,29
MES_proxy_risk_200,2,20,2026-04-01,2026-04-29,unfinished,2026-04-29,1175.25,14,0,6,1190.51,505.12,3000.0,20,29
MES_proxy_risk_200,2,20,2026-04-02,2026-04-30,unfinished,2026-04-30,1682.81,15,0,6,1190.51,507.56,3000.0,20,29
MES_proxy_risk_200,2,20,2026-04-06,2026-05-01,unfinished,2026-05-01,1529.15,16,0,6,1190.51,507.56,3000.0,20,26
MES_proxy_risk_200,2,20,2026-04-07,2026-05-04,unfinished,2026-05-04,1671.83,16,0,6,1279.26,507.56,3000.0,20,28
MES_proxy_risk_200,2,20,2026-04-08,2026-05-05,unfinished,2026-05-05,1615.73,16,0,6,1426.7,507.56,3000.0,20,28
MES_proxy_risk_200,2,20,2026-04-09,2026-05-06,unfinished,2026-05-06,1469.57,17,0,6,1426.7,507.56,3000.0,20,28
MES_proxy_risk_200,2,20,2026-04-10,2026-05-07,unfinished,2026-05-07,1982.1,17,0,6,1463.35,507.56,3000.0,20,28
MES_proxy_risk_200,2,20,2026-04-13,2026-05-08,unfinished,2026-05-08,2264.57,16,0,6,1549.14,507.56,3000.0,20,26
MES_proxy_risk_200,2,20,2026-04-14,2026-05-11,unfinished,2026-05-11,2107.16,17,0,6,1549.14,507.56,3000.0,20,28
MES_proxy_risk_200,2,20,2026-04-15,2026-05-12,unfinished,2026-05-12,1917.28,18,0,6,1549.14,507.56,3000.0,20,28
MES_proxy_risk_200,2,20,2026-04-16,2026-05-13,unfinished,2026-05-13,2532.28,18,0,6,1549.14,507.56,3000.0,20,28
MES_proxy_risk_200,2,20,2026-04-17,2026-05-14,unfinished,2026-05-14,1938.38,18,0,6,1441.77,507.56,3000.0,20,28
MES_proxy_risk_200,2,20,2026-04-20,2026-05-15,unfinished,2026-05-15,2183.44,19,0,6,1441.77,507.56,3000.0,20,26
MES_proxy_risk_200,2,20,2026-04-21,2026-05-18,unfinished,2026-05-18,1751.95,19,0,6,1295.6,507.56,3000.0,20,28
MES_proxy_risk_200,2,20,2026-04-22,2026-05-19,unfinished,2026-05-19,1749.42,19,0,6,1295.6,507.56,3000.0,20,28
MES_proxy_risk_200,2,20,2026-04-23,2026-05-20,unfinished,2026-05-20,1866.89,19,0,5,1295.6,507.56,3000.0,20,28
MES_proxy_risk_200,2,20,2026-04-24,2026-05-21,unfinished,2026-05-21,1873.14,19,0,5,1295.6,507.56,3000.0,20,28
MES_proxy_risk_200,2,20,2026-04-27,2026-05-22,unfinished,2026-05-22,1453.05,19,0,5,1295.6,507.56,3000.0,20,26
MES_proxy_risk_200,2,20,2026-04-28,2026-05-26,unfinished,2026-05-26,861.77,19,0,5,1295.6,507.56,3000.0,20,29
MES_proxy_risk_200,2,20,2026-04-29,2026-05-27,unfinished,2026-05-27,921.74,19,0,5,1295.6,507.56,3000.0,20,29
MES_proxy_risk_200,2,20,2026-04-30,2026-05-28,unfinished,2026-05-28,324.21,19,0,5,1295.6,507.56,3000.0,20,29
MES_proxy_risk_200,2,20,2026-05-01,2026-05-29,unfinished,2026-05-29,-108.29,19,0,5,1274.35,502.59,3000.0,20,29
MES_proxy_risk_200,2,20,2026-05-04,2026-06-01,unfinished,2026-06-01,145.46,18,0,6,1274.35,502.59,3000.0,20,29
MES_proxy_risk_200,2,20,2026-05-05,2026-06-02,unfinished,2026-06-02,566.74,18,0,6,1274.35,502.59,3000.0,20,29
MES_proxy_risk_200,2,20,2026-05-06,2026-06-03,unfinished,2026-06-03,645.43,18,0,6,1169.53,502.59,3000.0,20,29
MES_proxy_risk_200,2,20,2026-05-07,2026-06-04,unfinished,2026-06-04,732.87,18,0,6,1062.09,502.59,3000.0,20,29
MES_proxy_risk_200,2,20,2026-05-08,2026-06-05,unfinished,2026-06-05,197.72,18,0,4,992.12,502.59,3000.0,20,29
MES_proxy_risk_200,2,20,2026-05-11,2026-06-08,unfinished,2026-06-08,115.25,19,0,4,909.65,502.59,3000.0,20,29
MES_proxy_risk_200,2,20,2026-05-12,2026-06-09,unfinished,2026-06-09,381.47,19,0,4,889.68,502.59,3000.0,20,29
MES_proxy_risk_200,2,20,2026-05-13,2026-06-10,unfinished,2026-06-10,571.35,18,1,4,889.68,502.59,3000.0,20,29
MES_proxy_risk_200,2,20,2026-05-14,2026-06-11,unfinished,2026-06-11,337.54,18,1,4,889.68,502.59,3000.0,20,29
MES_proxy_risk_200,2,20,2026-05-15,2026-06-12,unfinished,2026-06-12,506.2,17,2,4,889.68,502.59,3000.0,20,29
MES_proxy_risk_200,2,20,2026-05-18,2026-06-15,unfinished,2026-06-15,166.2,17,2,4,889.68,502.59,3000.0,20,29
MES_proxy_risk_200,2,20,2026-05-19,2026-06-16,unfinished,2026-06-16,-418.8,17,2,4,889.68,502.59,3000.0,20,29
MES_proxy_risk_200,2,20,2026-05-20,2026-06-17,unfinished,2026-06-17,-1003.83,17,2,4,889.68,212.53,3000.0,20,29
MES_proxy_risk_200,2,20,2026-05-21,2026-06-18,unfinished,2026-06-18,-698.71,17,1,5,937.18,381.28,3000.0,20,29
MES_proxy_risk_200,2,20,2026-05-22,2026-06-22,unfinished,2026-06-22,-690.05,17,0,5,1034.56,381.28,3000.0,20,32
MES_proxy_risk_200,2,20,2026-05-26,2026-06-23,unfinished,2026-06-23,-791.33,17,0,5,1034.56,381.28,3000.0,20,29
MES_proxy_risk_200,2,20,2026-05-27,2026-06-24,unfinished,2026-06-24,-646.24,17,0,6,1180.75,381.28,3000.0,20,29
MES_proxy_risk_200,2,20,2026-05-28,2026-06-25,unfinished,2026-06-25,-601.27,16,1,6,1225.72,381.28,3000.0,20,29
MES_proxy_risk_200,2,20,2026-05-29,2026-06-26,unfinished,2026-06-26,-220.14,15,1,6,1281.73,425.06,3000.0,20,29
MES_proxy_risk_200,2,20,2026-06-01,2026-06-29,unfinished,2026-06-29,-41.45,15,1,6,1281.73,425.06,3000.0,20,29
MES_proxy_risk_200,2,20,2026-06-02,2026-06-30,unfinished,2026-06-30,-41.45,15,1,6,1281.73,425.06,3000.0,20,29
MES_proxy_risk_200,2,20,2026-06-03,2026-07-01,unfinished,2026-07-01,69.65,14,1,5,1291.7,425.06,3000.0,20,29
MES_proxy_risk_200,2,20,2026-06-04,2026-07-02,unfinished,2026-07-02,409.62,14,1,5,1291.7,425.06,3000.0,20,29
MES_proxy_risk_200,2,20,2026-06-05,2026-07-06,unfinished,2026-07-06,562.15,14,1,5,1291.7,468.84,3000.0,20,32
MES_proxy_risk_200,2,20,2026-06-08,2026-07-07,unfinished,2026-07-07,702.09,13,1,5,1291.7,468.84,3000.0,20,30
MES_proxy_risk_200,2,20,2026-06-09,2026-07-08,unfinished,2026-07-08,752.09,13,1,5,1291.7,468.84,3000.0,20,30
MES_proxy_risk_200,2,20,2026-06-10,2026-07-09,unfinished,2026-07-09,130.81,13,1,5,1291.7,425.06,3000.0,20,30
MES_proxy_risk_200,2,20,2026-06-11,2026-07-10,unfinished,2026-07-10,133.37,13,1,5,1291.7,425.06,3000.0,20,30
MES_proxy_risk_200,2,20,2026-06-12,2026-07-13,unfinished,2026-07-13,-419.1,13,1,5,1199.62,381.28,3000.0,20,32
MES_proxy_risk_200,2,20,2026-06-15,2026-07-14,unfinished,2026-07-14,-480.32,13,1,5,1192.18,320.06,3000.0,20,30
MES_proxy_risk_200,2,20,2026-06-16,2026-07-15,unfinished,2026-07-15,-627.79,14,0,5,1164.62,320.06,3000.0,20,30
MES_proxy_risk_200,2,20,2026-06-17,2026-07-16,unfinished,2026-07-16,-766.54,14,0,4,1155.81,320.06,3000.0,20,30
MES_proxy_risk_200,2,20,2026-06-18,2026-07-17,unfinished,2026-07-17,-362.88,13,0,3,1255.48,477.56,3000.0,20,30
MES_proxy_risk_200,2,20,2026-06-22,2026-07-20,unfinished,2026-07-20,-362.88,13,0,3,1255.48,477.56,3000.0,20,29
MES_proxy_risk_200,2,20,2026-06-23,2026-07-21,unfinished,2026-07-21,-495.32,14,0,3,1200.69,477.56,3000.0,20,29
MES_proxy_risk_200,2,20,2026-06-24,2026-07-22,unfinished,2026-07-22,-444.04,14,0,3,1084.53,477.56,3000.0,20,29
MES_proxy_risk_200,2,20,2026-06-25,2026-07-23,unfinished,2026-07-23,-286.6,13,0,3,1084.53,477.56,3000.0,20,29
MES_proxy_risk_200,2,20,2026-06-26,2026-07-24,unfinished,2026-07-24,-219.07,13,0,3,1012.09,477.56,3000.0,20,29
MES_proxy_risk_200,2,20,2026-06-29,2026-07-27,unfinished,2026-07-27,-219.07,13,0,3,1012.09,477.56,3000.0,20,29
MES_proxy_risk_200,2,20,2026-06-30,2026-07-28,unfinished,2026-07-28,-587.82,13,0,3,934.62,477.56,3000.0,20,29
MES_proxy_risk_200,2,20,2026-07-01,2026-07-29,unfinished,2026-07-29,-587.82,13,0,3,934.62,477.56,3000.0,20,29
MES_proxy_risk_200,2,20,2026-07-02,2026-07-30,unfinished,2026-07-30,-646.54,14,0,3,875.9,477.56,3000.0,20,29
MES_proxy_risk_200,2,20,2026-07-06,2026-07-31,unfinished,2026-07-31,-1124.1,13,1,3,875.9,320.06,3000.0,20,26
MES_proxy_risk_200,2,60,2025-12-01,2026-02-27,unfinished,2026-02-27,-1162.48,42,3,5,837.52,282.56,3000.0,60,89
MES_proxy_risk_200,2,60,2025-12-02,2026-03-02,unfinished,2026-03-02,-1162.48,42,4,5,837.52,282.56,3000.0,60,91
MES_proxy_risk_200,2,60,2025-12-03,2026-03-03,unfinished,2026-03-03,-1101.85,43,3,5,898.15,412.59,3000.0,60,91
MES_proxy_risk_200,2,60,2025-12-04,2026-03-04,unfinished,2026-03-04,-820.57,43,3,6,890.68,412.59,3000.0,60,91
MES_proxy_risk_200,2,60,2025-12-05,2026-03-05,unfinished,2026-03-05,-559.35,43,3,6,910.01,412.59,3000.0,60,91
MES_proxy_risk_200,2,60,2025-12-08,2026-03-06,unfinished,2026-03-06,-214.41,43,3,6,910.01,415.12,3000.0,60,89
MES_proxy_risk_200,2,60,2025-12-09,2026-03-09,unfinished,2026-03-09,84.37,44,3,6,910.01,415.12,3000.0,60,91
MES_proxy_risk_200,2,60,2025-12-10,2026-03-10,unfinished,2026-03-10,678.06,44,3,6,910.01,455.06,3000.0,60,91
MES_proxy_risk_200,2,60,2025-12-11,2026-03-11,unfinished,2026-03-11,1476.87,44,3,6,910.01,518.9,3000.0,60,91
MES_proxy_risk_200,2,60,2025-12-12,2026-03-12,unfinished,2026-03-12,763.09,44,3,6,910.01,500.15,3000.0,60,91
MES_proxy_risk_200,2,60,2025-12-15,2026-03-13,unfinished,2026-03-13,1218.15,45,3,6,910.01,500.15,3000.0,60,89
MES_proxy_risk_200,2,60,2025-12-16,2026-03-16,unfinished,2026-03-16,1411.93,45,3,6,910.01,536.34,3000.0,60,91
MES_proxy_risk_200,2,60,2025-12-17,2026-03-17,unfinished,2026-03-17,1344.43,45,3,6,910.01,500.15,3000.0,60,91
MES_proxy_risk_200,2,60,2025-12-18,2026-03-18,unfinished,2026-03-18,1364.55,45,3,6,910.01,500.15,3000.0,60,91
MES_proxy_risk_200,2,60,2025-12-19,2026-03-19,unfinished,2026-03-19,1229.61,46,3,6,910.01,500.15,3000.0,60,91
MES_proxy_risk_200,2,60,2025-12-22,2026-03-20,unfinished,2026-03-20,1389.55,45,3,6,910.01,500.15,3000.0,60,89
MES_proxy_risk_200,2,60,2025-12-23,2026-03-23,unfinished,2026-03-23,930.71,45,3,6,910.01,500.15,3000.0,60,91
MES_proxy_risk_200,2,60,2025-12-26,2026-03-24,unfinished,2026-03-24,919.46,45,3,6,910.01,500.15,3000.0,60,89
MES_proxy_risk_200,2,60,2025-12-29,2026-03-25,unfinished,2026-03-25,969.49,45,3,7,910.01,500.15,3000.0,60,87
MES_proxy_risk_200,2,60,2025-12-30,2026-03-26,unfinished,2026-03-26,1468.24,45,3,8,910.01,500.15,3000.0,60,87
MES_proxy_risk_200,2,60,2025-12-31,2026-03-27,unfinished,2026-03-27,1610.62,45,3,7,910.01,500.15,3000.0,60,87
MES_proxy_risk_200,2,60,2026-01-02,2026-03-30,unfinished,2026-03-30,1531.84,45,3,7,910.01,500.15,3000.0,60,88
MES_proxy_risk_200,2,60,2026-01-05,2026-03-31,unfinished,2026-03-31,1121.75,45,3,7,910.01,500.15,3000.0,60,86
MES_proxy_risk_200,2,60,2026-01-06,2026-04-01,unfinished,2026-04-01,1121.75,45,3,7,910.01,500.15,3000.0,60,86
MES_proxy_risk_200,2,60,2026-01-07,2026-04-02,unfinished,2026-04-02,1386.57,44,3,6,910.01,500.15,3000.0,60,86
MES_proxy_risk_200,2,60,2026-01-08,2026-04-06,unfinished,2026-04-06,768.95,44,3,5,910.01,500.15,3000.0,60,89
MES_proxy_risk_200,2,60,2026-01-09,2026-04-07,unfinished,2026-04-07,1022.64,44,3,5,910.01,550.12,3000.0,60,89
MES_proxy_risk_200,2,60,2026-01-12,2026-04-08,unfinished,2026-04-08,472.52,43,3,5,910.01,500.15,3000.0,60,87
MES_proxy_risk_200,2,60,2026-01-13,2026-04-09,unfinished,2026-04-09,417.7,44,2,5,963.85,500.15,3000.0,60,87
MES_proxy_risk_200,2,60,2026-01-14,2026-04-10,unfinished,2026-04-10,407.76,44,2,5,967.0,500.15,3000.0,60,87
MES_proxy_risk_200,2,60,2026-01-15,2026-04-13,unfinished,2026-04-13,598.92,43,2,5,967.0,500.15,3000.0,60,89
MES_proxy_risk_200,2,60,2026-01-16,2026-04-14,unfinished,2026-04-14,767.52,42,2,5,967.0,500.15,3000.0,60,89
MES_proxy_risk_200,2,60,2026-01-20,2026-04-15,unfinished,2026-04-15,711.3,43,2,5,910.78,500.15,3000.0,60,86
MES_proxy_risk_200,2,60,2026-01-21,2026-04-16,unfinished,2026-04-16,465.02,43,2,5,853.34,500.15,3000.0,60,86
MES_proxy_risk_200,2,60,2026-01-22,2026-04-17,unfinished,2026-04-17,465.02,43,2,5,853.34,500.15,3000.0,60,86
MES_proxy_risk_200,2,60,2026-01-23,2026-04-20,unfinished,2026-04-20,885.02,43,2,5,853.34,500.15,3000.0,60,88
MES_proxy_risk_200,2,60,2026-01-26,2026-04-21,unfinished,2026-04-21,1242.49,43,2,5,853.34,500.15,3000.0,60,86
MES_proxy_risk_200,2,60,2026-01-27,2026-04-22,unfinished,2026-04-22,1307.52,43,2,5,853.34,500.15,3000.0,60,86
MES_proxy_risk_200,2,60,2026-01-28,2026-04-23,unfinished,2026-04-23,1191.36,44,2,5,853.34,500.15,3000.0,60,86
MES_proxy_risk_200,2,60,2026-01-29,2026-04-24,unfinished,2026-04-24,1547.7,45,2,5,853.34,500.15,3000.0,60,86
MES_proxy_risk_200,2,60,2026-01-30,2026-04-27,unfinished,2026-04-27,2435.44,45,2,5,927.28,547.59,3000.0,60,88
MES_proxy_risk_200,2,60,2026-02-02,2026-04-28,unfinished,2026-04-28,1571.57,45,2,5,853.34,500.15,3000.0,60,86
MES_proxy_risk_200,2,60,2026-02-03,2026-04-29,unfinished,2026-04-29,2380.44,45,2,5,853.34,513.84,3000.0,60,86
MES_proxy_risk_200,2,60,2026-02-04,2026-04-30,unfinished,2026-04-30,2888.0,46,2,5,853.34,513.84,3000.0,60,86
MES_proxy_risk_200,2,60,2026-02-05,2026-05-01,unfinished,2026-05-01,2220.5,46,2,5,853.34,507.56,3000.0,60,86
MES_proxy_risk_200,2,60,2026-02-06,2026-05-04,unfinished,2026-05-04,2082.02,48,0,6,853.34,507.56,3000.0,60,88
MES_proxy_risk_200,2,60,2026-02-09,2026-05-05,unfinished,2026-05-05,2032.17,48,0,6,853.34,507.56,3000.0,60,86
MES_proxy_risk_200,2,60,2026-02-10,2026-05-06,unfinished,2026-05-06,1837.29,49,0,6,853.34,507.56,3000.0,60,86
MES_proxy_risk_200,2,60,2026-02-11,2026-05-07,unfinished,2026-05-07,2474.88,49,0,6,853.34,507.56,3000.0,60,86
MES_proxy_risk_200,2,60,2026-02-12,2026-05-08,unfinished,2026-05-08,2474.88,49,0,6,853.34,507.56,3000.0,60,86
MES_proxy_risk_200,2,60,2026-02-13,2026-05-11,unfinished,2026-05-11,2317.47,50,0,6,853.34,507.56,3000.0,60,88
MES_proxy_risk_200,2,60,2026-02-17,2026-05-12,unfinished,2026-05-12,2258.81,50,0,6,853.34,507.56,3000.0,60,85
MES_proxy_risk_200,2,60,2026-02-18,2026-05-13,unfinished,2026-05-13,2258.78,50,0,6,853.34,507.56,3000.0,60,85
MES_proxy_risk_200,2,60,2026-02-19,2026-05-14,unfinished,2026-05-14,2090.12,51,0,6,853.34,507.56,3000.0,60,85
MES_proxy_risk_200,2,60,2026-02-20,2026-05-15,unfinished,2026-05-15,2316.43,51,0,6,853.34,507.56,3000.0,60,85
MES_proxy_risk_200,2,60,2026-02-23,2026-05-18,passed_numeric_rules,2026-05-18,3215.3,51,0,6,853.34,507.56,3000.0,60,85
MES_proxy_risk_200,2,60,2026-02-24,2026-05-19,passed_numeric_rules,2026-05-18,3386.58,50,0,6,873.14,507.56,3000.0,59,84
MES_proxy_risk_200,2,60,2026-02-25,2026-05-20,passed_numeric_rules,2026-04-30,3091.6,38,0,5,903.14,507.56,3000.0,46,65
MES_proxy_risk_200,2,60,2026-02-26,2026-05-21,passed_numeric_rules,2026-04-30,3241.54,37,0,6,968.05,507.56,3000.0,45,64
MES_proxy_risk_200,2,60,2026-02-27,2026-05-22,passed_numeric_rules,2026-04-30,3241.54,37,0,6,968.05,507.56,3000.0,44,63
MES_proxy_risk_200,2,60,2026-03-02,2026-05-26,passed_numeric_rules,2026-04-30,3240.29,36,0,5,934.33,507.56,3000.0,43,60
MES_proxy_risk_200,2,60,2026-03-03,2026-05-27,passed_numeric_rules,2026-04-29,3234.31,34,0,6,1169.51,536.34,3000.0,41,58
MES_proxy_risk_200,2,60,2026-03-04,2026-05-28,passed_numeric_rules,2026-04-27,3136.57,31,0,6,1244.51,536.34,3000.0,38,55
MES_proxy_risk_200,2,60,2026-03-05,2026-05-29,passed_numeric_rules,2026-04-30,3238.95,33,0,6,965.46,507.56,3000.0,40,57
MES_proxy_risk_200,2,60,2026-03-06,2026-06-01,passed_numeric_rules,2026-04-30,3063.71,32,0,5,875.25,507.56,3000.0,39,56
MES_proxy_risk_200,2,60,2026-03-09,2026-06-02,passed_numeric_rules,2026-05-18,3213.6,42,0,6,853.34,507.56,3000.0,50,71
MES_proxy_risk_200,2,60,2026-03-10,2026-06-03,passed_numeric_rules,2026-05-19,3339.88,42,0,6,853.34,507.56,3000.0,50,71
MES_proxy_risk_200,2,60,2026-03-11,2026-06-04,unfinished,2026-06-04,1371.91,51,0,6,853.34,507.56,3000.0,60,86
MES_proxy_risk_200,2,60,2026-03-12,2026-06-05,unfinished,2026-06-05,986.58,51,0,5,853.34,507.56,3000.0,60,86
MES_proxy_risk_200,2,60,2026-03-13,2026-06-08,unfinished,2026-06-08,970.33,51,0,5,853.34,507.56,3000.0,60,88
MES_proxy_risk_200,2,60,2026-03-16,2026-06-09,unfinished,2026-06-09,837.68,51,0,5,853.34,507.56,3000.0,60,86
MES_proxy_risk_200,2,60,2026-03-17,2026-06-10,unfinished,2026-06-10,1006.34,50,1,5,853.34,507.56,3000.0,60,86
MES_proxy_risk_200,2,60,2026-03-18,2026-06-11,unfinished,2026-06-11,750.03,50,1,5,853.34,507.56,3000.0,60,86
MES_proxy_risk_200,2,60,2026-03-19,2026-06-12,unfinished,2026-06-12,905.03,49,2,5,889.68,507.56,3000.0,60,86
MES_proxy_risk_200,2,60,2026-03-20,2026-06-15,unfinished,2026-06-15,907.62,49,2,6,889.68,507.56,3000.0,60,88
MES_proxy_risk_200,2,60,2026-03-23,2026-06-16,unfinished,2026-06-16,802.71,50,2,6,889.68,507.56,3000.0,60,86
MES_proxy_risk_200,2,60,2026-03-24,2026-06-17,unfinished,2026-06-17,792.77,50,2,6,889.68,507.56,3000.0,60,86
MES_proxy_risk_200,2,60,2026-03-25,2026-06-18,unfinished,2026-06-18,898.99,49,2,6,889.68,507.56,3000.0,60,86
MES_proxy_risk_200,2,60,2026-03-26,2026-06-22,unfinished,2026-06-22,1360.42,49,1,6,978.07,536.34,3000.0,60,89
MES_proxy_risk_200,2,60,2026-03-27,2026-06-23,unfinished,2026-06-23,648.87,48,2,6,889.68,507.56,3000.0,60,89
MES_proxy_risk_200,2,60,2026-03-30,2026-06-24,unfinished,2026-06-24,570.15,48,2,6,833.73,507.56,3000.0,60,87
MES_proxy_risk_200,2,60,2026-03-31,2026-06-25,unfinished,2026-06-25,760.18,47,3,6,833.73,507.56,3000.0,60,87
MES_proxy_risk_200,2,60,2026-04-01,2026-06-26,unfinished,2026-06-26,1149.11,47,2,6,947.44,507.56,3000.0,60,87
MES_proxy_risk_200,2,60,2026-04-02,2026-06-29,unfinished,2026-06-29,1440.39,48,2,6,947.44,507.56,3000.0,60,89
MES_proxy_risk_200,2,60,2026-04-06,2026-06-30,unfinished,2026-06-30,1440.39,48,2,6,947.44,507.56,3000.0,60,86
MES_proxy_risk_200,2,60,2026-04-07,2026-07-01,unfinished,2026-07-01,1609.41,48,1,6,1145.12,507.56,3000.0,60,86
MES_proxy_risk_200,2,60,2026-04-08,2026-07-02,unfinished,2026-07-02,1790.84,49,0,6,1203.31,507.56,3000.0,60,86
MES_proxy_risk_200,2,60,2026-04-09,2026-07-06,unfinished,2026-07-06,1625.93,50,0,6,1203.31,507.56,3000.0,60,89
MES_proxy_risk_200,2,60,2026-04-10,2026-07-07,passed_numeric_rules,2026-05-19,3187.7,24,0,6,1463.35,507.56,3000.0,28,40
MES_proxy_risk_200,2,60,2026-04-13,2026-07-08,passed_numeric_rules,2026-05-19,3422.7,23,0,6,1549.14,507.56,3000.0,27,37
MES_proxy_risk_200,2,60,2026-04-14,2026-07-09,passed_numeric_rules,2026-05-19,3422.7,23,0,6,1549.14,507.56,3000.0,26,36
MES_proxy_risk_200,2,60,2026-04-15,2026-07-10,passed_numeric_rules,2026-05-19,3422.7,23,0,6,1549.14,507.56,3000.0,25,35
MES_proxy_risk_200,2,60,2026-04-16,2026-07-13,passed_numeric_rules,2026-05-18,3088.77,21,0,6,1549.14,507.56,3000.0,23,33
MES_proxy_risk_200,2,60,2026-04-17,2026-07-14,passed_numeric_rules,2026-05-19,3166.12,21,0,6,1441.77,507.56,3000.0,23,33
MES_proxy_risk_200,2,60,2026-04-20,2026-07-15,passed_numeric_rules,2026-05-19,3166.12,21,0,6,1441.77,507.56,3000.0,22,30
MES_proxy_risk_200,2,60,2026-04-21,2026-07-16,unfinished,2026-07-16,1124.05,50,2,6,978.09,507.56,3000.0,60,87
MES_proxy_risk_200,2,60,2026-04-22,2026-07-17,unfinished,2026-07-17,443.36,45,6,6,635.13,507.56,3000.0,60,87
MES_proxy_risk_200,2,60,2026-04-23,2026-07-20,unfinished,2026-07-20,800.86,46,4,5,782.02,507.56,3000.0,60,89
MES_proxy_risk_200,2,60,2026-04-24,2026-07-21,unfinished,2026-07-21,1021.19,48,2,5,941.45,507.56,3000.0,60,89
MES_proxy_risk_200,2,60,2026-04-27,2026-07-22,unfinished,2026-07-22,331.78,44,6,5,589.0,507.56,3000.0,60,87
MES_proxy_risk_200,2,60,2026-04-28,2026-07-23,unfinished,2026-07-23,-128.34,43,6,5,589.0,507.56,3000.0,60,87
MES_proxy_risk_200,2,60,2026-04-29,2026-07-24,unfinished,2026-07-24,7.85,43,6,5,552.78,507.56,3000.0,60,87
MES_proxy_risk_200,2,60,2026-04-30,2026-07-27,unfinished,2026-07-27,-454.8,42,6,5,552.78,507.56,3000.0,60,89
MES_proxy_risk_200,2,60,2026-05-01,2026-07-28,unfinished,2026-07-28,-962.36,41,7,5,552.78,502.59,3000.0,60,89
MES_proxy_risk_200,2,60,2026-05-04,2026-07-29,unfinished,2026-07-29,-708.61,40,7,6,552.78,502.59,3000.0,60,87
MES_proxy_risk_200,2,60,2026-05-05,2026-07-30,unfinished,2026-07-30,-172.45,39,8,6,552.78,502.59,3000.0,60,87
MES_proxy_risk_200,2,60,2026-05-06,2026-07-31,unfinished,2026-07-31,28.68,38,9,6,552.78,502.59,3000.0,60,87
